Workbook

Sheet Resumen
A1: Datos depurados · ZP-05 Vista del Mar · ventana de calibración 12–15/09/2026
A2: Periodo de calibración propuesto: 12/09 00:00 – 15/09 23:45. Dato depurado = fórmula sobre el dato inicial (ver leyenda).
A4: Sensor | B4: Tipo | C4: Unidad | D4: Elemento INP | E4: Offset | F4: Uso recomendado | G4: Hoja
A5: P1 | B5: Presión | C5: m | D5: VN3948790 | E5: =P1!$C$3 -> 0.01 | F5: Usar solo la media horaria (tolerancia mayor) | G5: P1
A6: P2 | B6: Presión | C6: m | D6: VN3942278 | E6: =P2!$C$3 -> -0.27 | F6: Válido | G6: P2
A7: P3 | B7: Presión | C7: m | D7: VN3943135 | E7: =P3!$C$3 -> -0.29 | F7: Válido (suavizado) | G7: P3
A8: P4 | B8: Presión | C8: m | D8: VN3950683 | E8: =P4!$C$3 -> 0.03 | F8: Válido | G8: P4
A9: P5 | B9: Presión | C9: m | D9: VN3948890 | E9: =P5!$C$3 -> 0 | F9: Válido (suavizado) | G9: P5
A10: P6 | B10: Presión | C10: m | D10: VN3582511 | E10: =P6!$C$3 -> -0.24 | F10: Válido | G10: P6
A11: P7 | B11: Presión | C11: m | D11: VN3751475 | E11: =P7!$C$3 -> 0.03 | F11: Válido | G11: P7
A12: P8 | B12: Presión | C12: m | D12: VN3950311 | E12: =P8!$C$3 -> -0.28 | F12: Válido (suavizado) | G12: P8
A13: P9 | B13: Presión | C13: m | D13: VN3948722 | E13: =P9!$C$3 -> -1.3 | F13: Válido | G13: P9
A14: P10 | B14: Presión | C14: m | D14: VN3745765 | E14: =P10!$C$3 -> -1.64 | F14: Válido | G14: P10
A15: P11 | B15: Presión | C15: m | D15: 3949453 | E15: =P11!$C$3 -> -1.32 | F15: Usar solo la media horaria (tolerancia mayor) | G15: P11
A16: L1 | B16: Presión | C16: m | D16: VN3948124 | E16: =L1!$C$3 -> 0 | F16: Válido (suavizado) | G16: L1
A17: L2 | B17: Presión | C17: m | D17: 3949579 | E17: =L2!$C$3 -> 0 | F17: Válido (suavizado) | G17: L2
A18: L3 | B18: Presión | C18: m | D18: 3949333_n2a_1 | E18: =L3!$C$3 -> 0 | F18: Válido (suavizado) | G18: L3
A19: Q1 | B19: Caudal | C19: L/s | D19: 3950155 | E19: =Q1!$C$3 -> 0 | F19: Válido | G19: Q1
A20: Q2 | B20: Caudal | C20: L/s | D20: 3950006 | E20: =Q2!$C$3 -> 0 | F20: Válido | G20: Q2
A21: Q3 | B21: Caudal | C21: L/s | D21: 3949916 | E21: =Q3!$C$3 -> 0 | F21: Válido | G21: Q3
A22: Q4 | B22: Caudal | C22: L/s | D22: 3926415 | E22: =Q4!$C$3 -> 0 | F22: Válido | G22: Q4
A23: N_Meneses | B23: Nivel | C23: m | D23: 3949680 | E23: =N_Meneses!$C$3 -> 0 | F23: Usar solo la media horaria (tolerancia mayor) | G23: N_Meneses
A24: N_Durazno | B24: Nivel | C24: m | D24: 3949679 | E24: =N_Durazno!$C$3 -> 0 | F24: No usar como meta | G24: N_Durazno
A26: Leyenda de la columna «Marca»
A27: 0 | B27: válido | C27: Dato depurado = corregido = dato inicial − offset
A28: 1 | B28: envolvente | C28: Oscilación más rápida que el registro: MEDIA.ACOTADA (TRIMMEAN, 50 %) del dato corregido en la ventana de la hoja (±4 lecturas = 2 h, o ±8 = 4 h)
A29: 2 | B29: interpolado | C29: Pico aislado o hueco ≤ 1 h: interpolación lineal (valor en «Reemplazo»)
A30: 3 | B30: perfil típico | C30: Hueco de 1 a 6 h: perfil diario del propio sensor ajustado a los extremos (valor en «Reemplazo»)
A31: 4 | B31: balance de masa | C31: Nivel de tanque reconstruido con los caudales de entrada y salida (valor en «Reemplazo»)
A32: 9 | B32: excluido | C32: Sin instalar, corte de suministro, sensor fuera del agua: queda vacío
A34: En azul: valores editables (offset, marca y reemplazo). Si cambia una marca o el offset, el dato depurado se recalcula.
A35: Dato inicial: lectura del equipo llevada a la malla común de 15 min (interpolada en la hora real de cada lectura). Presión en m c.a., caudal en L/s, nivel en m.

Sheet Gráficos
A1: Dato inicial y dato depurado por sensor
A2: Ventana 12/09 00:00 – 15/09 23:45 · gris: dato inicial · rojo: dato depurado

Sheet P1
A1: P1 · Presión (m) · VN3948790
A2: Usar solo la media horaria (tolerancia mayor)
A3: Offset | C3: 0.01
A4: Ventana (lecturas a cada lado) | C4: 8
A6: Fecha y hora | B6: Dato inicial (m) | C6: Marca | D6: Reemplazo | E6: Corregido (m) | F6: Dato depurado (m) | G6: Motivo
A7: 46276.917 | B7: 83.6583 | C7: 1 | E7: =IF(OR(C7=9,B7=""),"",B7-$C$3) -> 83.6483 | F7: =IF(C7=9,"",IF(C7=0,E7,IF(C7=1,IF(COUNT(E7:E15)=0,"",TRIMMEAN(E7:E15,0.5)),IF(D7="","",D7)))) -> 83.3845 | G7: fuera de la ventana: solo para la media móvil del borde
A8: 46276.927 | B8: 84.7777 | C8: 1 | E8: =IF(OR(C8=9,B8=""),"",B8-$C$3) -> 84.7677 | F8: =IF(C8=9,"",IF(C8=0,E8,IF(C8=1,IF(COUNT(E7:E16)=0,"",TRIMMEAN(E7:E16,0.5)),IF(D8="","",D8)))) -> 84.1443 | G8: fuera de la ventana: solo para la media móvil del borde
A9: 46276.938 | B9: 83.5719 | C9: 1 | E9: =IF(OR(C9=9,B9=""),"",B9-$C$3) -> 83.5619 | F9: =IF(C9=9,"",IF(C9=0,E9,IF(C9=1,IF(COUNT(E7:E17)=0,"",TRIMMEAN(E7:E17,0.5)),IF(D9="","",D9)))) -> 83.140571 | G9: fuera de la ventana: solo para la media móvil del borde
A10: 46276.948 | B10: 84.0383 | C10: 1 | E10: =IF(OR(C10=9,B10=""),"",B10-$C$3) -> 84.0283 | F10: =IF(C10=9,"",IF(C10=0,E10,IF(C10=1,IF(COUNT(E7:E18)=0,"",TRIMMEAN(E7:E18,0.5)),IF(D10="","",D10)))) -> 82.823467 | G10: fuera de la ventana: solo para la media móvil del borde
A11: 46276.958 | B11: 77.1282 | C11: 1 | E11: =IF(OR(C11=9,B11=""),"",B11-$C$3) -> 77.1182 | F11: =IF(C11=9,"",IF(C11=0,E11,IF(C11=1,IF(COUNT(E7:E19)=0,"",TRIMMEAN(E7:E19,0.5)),IF(D11="","",D11)))) -> 83.554871 | G11: fuera de la ventana: solo para la media móvil del borde
A12: 46276.969 | B12: 80.9263 | C12: 1 | E12: =IF(OR(C12=9,B12=""),"",B12-$C$3) -> 80.9163 | F12: =IF(C12=9,"",IF(C12=0,E12,IF(C12=1,IF(COUNT(E7:E20)=0,"",TRIMMEAN(E7:E20,0.5)),IF(D12="","",D12)))) -> 86.292 | G12: fuera de la ventana: solo para la media móvil del borde
A13: 46276.979 | B13: 74.0174 | C13: 1 | E13: =IF(OR(C13=9,B13=""),"",B13-$C$3) -> 74.0074 | F13: =IF(C13=9,"",IF(C13=0,E13,IF(C13=1,IF(COUNT(E7:E21)=0,"",TRIMMEAN(E7:E21,0.5)),IF(D13="","",D13)))) -> 87.751211 | G13: fuera de la ventana: solo para la media móvil del borde
A14: 46276.99 | B14: 108.7518 | C14: 1 | E14: =IF(OR(C14=9,B14=""),"",B14-$C$3) -> 108.7418 | F14: =IF(C14=9,"",IF(C14=0,E14,IF(C14=1,IF(COUNT(E7:E22)=0,"",TRIMMEAN(E7:E22,0.5)),IF(D14="","",D14)))) -> 87.50365 | G14: fuera de la ventana: solo para la media móvil del borde
A15: 46277 | B15: 113.0443 | C15: 1 | E15: =IF(OR(C15=9,B15=""),"",B15-$C$3) -> 113.0343 | F15: =IF(C15=9,"",IF(C15=0,E15,IF(C15=1,IF(COUNT(E7:E23)=0,"",TRIMMEAN(E7:E23,0.5)),IF(D15="","",D15)))) -> 87.946822 | G15: oscilación más rápida que el registro → media recortada de 4 h
A16: 46277.01 | B16: 87.9533 | C16: 1 | E16: =IF(OR(C16=9,B16=""),"",B16-$C$3) -> 87.9433 | F16: =IF(C16=9,"",IF(C16=0,E16,IF(C16=1,IF(COUNT(E8:E24)=0,"",TRIMMEAN(E8:E24,0.5)),IF(D16="","",D16)))) -> 89.096533 | G16: oscilación más rápida que el registro → media recortada de 4 h
A17: 46277.021 | B17: 54.4413 | C17: 1 | E17: =IF(OR(C17=9,B17=""),"",B17-$C$3) -> 54.4313 | F17: =IF(C17=9,"",IF(C17=0,E17,IF(C17=1,IF(COUNT(E9:E25)=0,"",TRIMMEAN(E9:E25,0.5)),IF(D17="","",D17)))) -> 91.111656 | G17: oscilación más rápida que el registro → media recortada de 4 h
A18: 46277.031 | B18: 80.0283 | C18: 1 | E18: =IF(OR(C18=9,B18=""),"",B18-$C$3) -> 80.0183 | F18: =IF(C18=9,"",IF(C18=0,E18,IF(C18=1,IF(COUNT(E10:E26)=0,"",TRIMMEAN(E10:E26,0.5)),IF(D18="","",D18)))) -> 92.237278 | G18: oscilación más rápida que el registro → media recortada de 4 h
A19: 46277.042 | B19: 115.0428 | C19: 1 | E19: =IF(OR(C19=9,B19=""),"",B19-$C$3) -> 115.0328 | F19: =IF(C19=9,"",IF(C19=0,E19,IF(C19=1,IF(COUNT(E11:E27)=0,"",TRIMMEAN(E11:E27,0.5)),IF(D19="","",D19)))) -> 93.547856 | G19: oscilación más rápida que el registro → media recortada de 4 h
A20: 46277.052 | B20: 105.4619 | C20: 1 | E20: =IF(OR(C20=9,B20=""),"",B20-$C$3) -> 105.4519 | F20: =IF(C20=9,"",IF(C20=0,E20,IF(C20=1,IF(COUNT(E12:E28)=0,"",TRIMMEAN(E12:E28,0.5)),IF(D20="","",D20)))) -> 96.274033 | G20: oscilación más rápida que el registro → media recortada de 4 h
A21: 46277.062 | B21: 99.4349 | C21: 1 | E21: =IF(OR(C21=9,B21=""),"",B21-$C$3) -> 99.4249 | F21: =IF(C21=9,"",IF(C21=0,E21,IF(C21=1,IF(COUNT(E13:E29)=0,"",TRIMMEAN(E13:E29,0.5)),IF(D21="","",D21)))) -> 96.274033 | G21: oscilación más rápida que el registro → media recortada de 4 h
A22: 46277.073 | B22: 95.7485 | C22: 1 | E22: =IF(OR(C22=9,B22=""),"",B22-$C$3) -> 95.7385 | F22: =IF(C22=9,"",IF(C22=0,E22,IF(C22=1,IF(COUNT(E14:E30)=0,"",TRIMMEAN(E14:E30,0.5)),IF(D22="","",D22)))) -> 96.274033 | G22: oscilación más rápida que el registro → media recortada de 4 h
A23: 46277.083 | B23: 91.5022 | C23: 1 | E23: =IF(OR(C23=9,B23=""),"",B23-$C$3) -> 91.4922 | F23: =IF(C23=9,"",IF(C23=0,E23,IF(C23=1,IF(COUNT(E15:E31)=0,"",TRIMMEAN(E15:E31,0.5)),IF(D23="","",D23)))) -> 94.334056 | G23: oscilación más rápida que el registro → media recortada de 4 h
A24: 46277.094 | B24: 94.0057 | C24: 1 | E24: =IF(OR(C24=9,B24=""),"",B24-$C$3) -> 93.9957 | F24: =IF(C24=9,"",IF(C24=0,E24,IF(C24=1,IF(COUNT(E16:E32)=0,"",TRIMMEAN(E16:E32,0.5)),IF(D24="","",D24)))) -> 94.287367 | G24: oscilación más rápida que el registro → media recortada de 4 h
A25: 46277.104 | B25: 102.9138 | C25: 1 | E25: =IF(OR(C25=9,B25=""),"",B25-$C$3) -> 102.9038 | F25: =IF(C25=9,"",IF(C25=0,E25,IF(C25=1,IF(COUNT(E17:E33)=0,"",TRIMMEAN(E17:E33,0.5)),IF(D25="","",D25)))) -> 95.949644 | G25: oscilación más rápida que el registro → media recortada de 4 h
A26: 46277.115 | B26: 93.7025 | C26: 1 | E26: =IF(OR(C26=9,B26=""),"",B26-$C$3) -> 93.6925 | F26: =IF(C26=9,"",IF(C26=0,E26,IF(C26=1,IF(COUNT(E18:E34)=0,"",TRIMMEAN(E18:E34,0.5)),IF(D26="","",D26)))) -> 97.869 | G26: oscilación más rápida que el registro → media recortada de 4 h
... A398: 46280.99 | B398: 105.5759 | C398: 1 | E398: =IF(OR(C398=9,B398=""),"",B398-$C$3) -> 105.5659 | F398: =IF(C398=9,"",IF(C398=0,E398,IF(C398=1,IF(COUNT(E390:E406)=0,"",TRIMMEAN(E390:E406,0.5)),IF(D398="","",D398)))) -> 77.829656 | G398: oscilación más rápida que el registro → media recortada de 4 h
A399: 46281 | B399: 96.8657 | C399: 1 | E399: =IF(OR(C399=9,B399=""),"",B399-$C$3) -> 96.8557 | F399: =IF(C399=9,"",IF(C399=0,E399,IF(C399=1,IF(COUNT(E391:E406)=0,"",TRIMMEAN(E391:E406,0.5)),IF(D399="","",D399)))) -> 77.424725 | G399: fuera de la ventana: solo para la media móvil del borde
A400: 46281.01 | B400: 98.434 | C400: 1 | E400: =IF(OR(C400=9,B400=""),"",B400-$C$3) -> 98.424 | F400: =IF(C400=9,"",IF(C400=0,E400,IF(C400=1,IF(COUNT(E392:E406)=0,"",TRIMMEAN(E392:E406,0.5)),IF(D400="","",D400)))) -> 75.744489 | G400: fuera de la ventana: solo para la media móvil del borde
A401: 46281.021 | B401: 87.5593 | C401: 1 | E401: =IF(OR(C401=9,B401=""),"",B401-$C$3) -> 87.5493 | F401: =IF(C401=9,"",IF(C401=0,E401,IF(C401=1,IF(COUNT(E393:E406)=0,"",TRIMMEAN(E393:E406,0.5)),IF(D401="","",D401)))) -> 77.77865 | G401: fuera de la ventana: solo para la media móvil del borde
A402: 46281.031 | B402: 101.7522 | C402: 1 | E402: =IF(OR(C402=9,B402=""),"",B402-$C$3) -> 101.7422 | F402: =IF(C402=9,"",IF(C402=0,E402,IF(C402=1,IF(COUNT(E394:E406)=0,"",TRIMMEAN(E394:E406,0.5)),IF(D402="","",D402)))) -> 80.428357 | G402: fuera de la ventana: solo para la media móvil del borde
A403: 46281.042 | B403: 74.2807 | C403: 1 | E403: =IF(OR(C403=9,B403=""),"",B403-$C$3) -> 74.2707 | F403: =IF(C403=9,"",IF(C403=0,E403,IF(C403=1,IF(COUNT(E395:E406)=0,"",TRIMMEAN(E395:E406,0.5)),IF(D403="","",D403)))) -> 83.702017 | G403: fuera de la ventana: solo para la media móvil del borde
A404: 46281.052 | B404: 60.7964 | C404: 1 | E404: =IF(OR(C404=9,B404=""),"",B404-$C$3) -> 60.7864 | F404: =IF(C404=9,"",IF(C404=0,E404,IF(C404=1,IF(COUNT(E396:E406)=0,"",TRIMMEAN(E396:E406,0.5)),IF(D404="","",D404)))) -> 85.805157 | G404: fuera de la ventana: solo para la media móvil del borde
A405: 46281.062 | B405: 95.9939 | C405: 1 | E405: =IF(OR(C405=9,B405=""),"",B405-$C$3) -> 95.9839 | F405: =IF(C405=9,"",IF(C405=0,E405,IF(C405=1,IF(COUNT(E397:E406)=0,"",TRIMMEAN(E397:E406,0.5)),IF(D405="","",D405)))) -> 89.3087 | G405: fuera de la ventana: solo para la media móvil del borde
A406: 46281.073 | B406: 64.7939 | C406: 1 | E406: =IF(OR(C406=9,B406=""),"",B406-$C$3) -> 64.7839 | F406: =IF(C406=9,"",IF(C406=0,E406,IF(C406=1,IF(COUNT(E398:E406)=0,"",TRIMMEAN(E398:E406,0.5)),IF(D406="","",D406)))) -> 90.61672 | G406: fuera de la ventana: solo para la media móvil del borde

Sheet P2
A1: P2 · Presión (m) · VN3942278
A2: Válido
A3: Offset | C3: -0.27
A4: Ventana (lecturas a cada lado) | C4: 4
A6: Fecha y hora | B6: Dato inicial (m) | C6: Marca | D6: Reemplazo | E6: Corregido (m) | F6: Dato depurado (m) | G6: Motivo
A7: 46276.917 | B7: 79.0742 | C7: 0 | E7: =IF(OR(C7=9,B7=""),"",B7-$C$3) -> 79.3442 | F7: =IF(C7=9,"",IF(C7=0,E7,IF(C7=1,IF(COUNT(E7:E11)=0,"",TRIMMEAN(E7:E11,0.5)),IF(D7="","",D7)))) -> 79.3442 | G7: fuera de la ventana: solo para la media móvil del borde
A8: 46276.927 | B8: 78.6653 | C8: 0 | E8: =IF(OR(C8=9,B8=""),"",B8-$C$3) -> 78.9353 | F8: =IF(C8=9,"",IF(C8=0,E8,IF(C8=1,IF(COUNT(E7:E12)=0,"",TRIMMEAN(E7:E12,0.5)),IF(D8="","",D8)))) -> 78.9353 | G8: fuera de la ventana: solo para la media móvil del borde
A9: 46276.938 | B9: 79.1571 | C9: 0 | E9: =IF(OR(C9=9,B9=""),"",B9-$C$3) -> 79.4271 | F9: =IF(C9=9,"",IF(C9=0,E9,IF(C9=1,IF(COUNT(E7:E13)=0,"",TRIMMEAN(E7:E13,0.5)),IF(D9="","",D9)))) -> 79.4271 | G9: fuera de la ventana: solo para la media móvil del borde
A10: 46276.948 | B10: 78.8386 | C10: 0 | E10: =IF(OR(C10=9,B10=""),"",B10-$C$3) -> 79.1086 | F10: =IF(C10=9,"",IF(C10=0,E10,IF(C10=1,IF(COUNT(E7:E14)=0,"",TRIMMEAN(E7:E14,0.5)),IF(D10="","",D10)))) -> 79.1086 | G10: fuera de la ventana: solo para la media móvil del borde
A11: 46276.958 | B11: 79.1194 | C11: 0 | E11: =IF(OR(C11=9,B11=""),"",B11-$C$3) -> 79.3894 | F11: =IF(C11=9,"",IF(C11=0,E11,IF(C11=1,IF(COUNT(E7:E15)=0,"",TRIMMEAN(E7:E15,0.5)),IF(D11="","",D11)))) -> 79.3894 | G11: fuera de la ventana: solo para la media móvil del borde
A12: 46276.969 | B12: 80.308 | C12: 0 | E12: =IF(OR(C12=9,B12=""),"",B12-$C$3) -> 80.578 | F12: =IF(C12=9,"",IF(C12=0,E12,IF(C12=1,IF(COUNT(E8:E16)=0,"",TRIMMEAN(E8:E16,0.5)),IF(D12="","",D12)))) -> 80.578 | G12: fuera de la ventana: solo para la media móvil del borde
A13: 46276.979 | B13: 80.7153 | C13: 0 | E13: =IF(OR(C13=9,B13=""),"",B13-$C$3) -> 80.9853 | F13: =IF(C13=9,"",IF(C13=0,E13,IF(C13=1,IF(COUNT(E9:E17)=0,"",TRIMMEAN(E9:E17,0.5)),IF(D13="","",D13)))) -> 80.9853 | G13: fuera de la ventana: solo para la media móvil del borde
A14: 46276.99 | B14: 81.1089 | C14: 0 | E14: =IF(OR(C14=9,B14=""),"",B14-$C$3) -> 81.3789 | F14: =IF(C14=9,"",IF(C14=0,E14,IF(C14=1,IF(COUNT(E10:E18)=0,"",TRIMMEAN(E10:E18,0.5)),IF(D14="","",D14)))) -> 81.3789 | G14: fuera de la ventana: solo para la media móvil del borde
A15: 46277 | B15: 80.9549 | C15: 0 | E15: =IF(OR(C15=9,B15=""),"",B15-$C$3) -> 81.2249 | F15: =IF(C15=9,"",IF(C15=0,E15,IF(C15=1,IF(COUNT(E11:E19)=0,"",TRIMMEAN(E11:E19,0.5)),IF(D15="","",D15)))) -> 81.2249
A16: 46277.01 | B16: 80.874 | C16: 0 | E16: =IF(OR(C16=9,B16=""),"",B16-$C$3) -> 81.144 | F16: =IF(C16=9,"",IF(C16=0,E16,IF(C16=1,IF(COUNT(E12:E20)=0,"",TRIMMEAN(E12:E20,0.5)),IF(D16="","",D16)))) -> 81.144
A17: 46277.021 | B17: 80.8271 | C17: 0 | E17: =IF(OR(C17=9,B17=""),"",B17-$C$3) -> 81.0971 | F17: =IF(C17=9,"",IF(C17=0,E17,IF(C17=1,IF(COUNT(E13:E21)=0,"",TRIMMEAN(E13:E21,0.5)),IF(D17="","",D17)))) -> 81.0971
A18: 46277.031 | B18: 81.1724 | C18: 0 | E18: =IF(OR(C18=9,B18=""),"",B18-$C$3) -> 81.4424 | F18: =IF(C18=9,"",IF(C18=0,E18,IF(C18=1,IF(COUNT(E14:E22)=0,"",TRIMMEAN(E14:E22,0.5)),IF(D18="","",D18)))) -> 81.4424
A19: 46277.042 | B19: 80.7112 | C19: 0 | E19: =IF(OR(C19=9,B19=""),"",B19-$C$3) -> 80.9812 | F19: =IF(C19=9,"",IF(C19=0,E19,IF(C19=1,IF(COUNT(E15:E23)=0,"",TRIMMEAN(E15:E23,0.5)),IF(D19="","",D19)))) -> 80.9812
A20: 46277.052 | B20: 81.2724 | C20: 0 | E20: =IF(OR(C20=9,B20=""),"",B20-$C$3) -> 81.5424 | F20: =IF(C20=9,"",IF(C20=0,E20,IF(C20=1,IF(COUNT(E16:E24)=0,"",TRIMMEAN(E16:E24,0.5)),IF(D20="","",D20)))) -> 81.5424
A21: 46277.062 | B21: 80.8628 | C21: 0 | E21: =IF(OR(C21=9,B21=""),"",B21-$C$3) -> 81.1328 | F21: =IF(C21=9,"",IF(C21=0,E21,IF(C21=1,IF(COUNT(E17:E25)=0,"",TRIMMEAN(E17:E25,0.5)),IF(D21="","",D21)))) -> 81.1328
A22: 46277.073 | B22: 81.2251 | C22: 0 | E22: =IF(OR(C22=9,B22=""),"",B22-$C$3) -> 81.4951 | F22: =IF(C22=9,"",IF(C22=0,E22,IF(C22=1,IF(COUNT(E18:E26)=0,"",TRIMMEAN(E18:E26,0.5)),IF(D22="","",D22)))) -> 81.4951
A23: 46277.083 | B23: 80.8233 | C23: 0 | E23: =IF(OR(C23=9,B23=""),"",B23-$C$3) -> 81.0933 | F23: =IF(C23=9,"",IF(C23=0,E23,IF(C23=1,IF(COUNT(E19:E27)=0,"",TRIMMEAN(E19:E27,0.5)),IF(D23="","",D23)))) -> 81.0933
A24: 46277.094 | B24: 81.1344 | C24: 0 | E24: =IF(OR(C24=9,B24=""),"",B24-$C$3) -> 81.4044 | F24: =IF(C24=9,"",IF(C24=0,E24,IF(C24=1,IF(COUNT(E20:E28)=0,"",TRIMMEAN(E20:E28,0.5)),IF(D24="","",D24)))) -> 81.4044
A25: 46277.104 | B25: 81.3835 | C25: 0 | E25: =IF(OR(C25=9,B25=""),"",B25-$C$3) -> 81.6535 | F25: =IF(C25=9,"",IF(C25=0,E25,IF(C25=1,IF(COUNT(E21:E29)=0,"",TRIMMEAN(E21:E29,0.5)),IF(D25="","",D25)))) -> 81.6535
A26: 46277.115 | B26: 81.1408 | C26: 0 | E26: =IF(OR(C26=9,B26=""),"",B26-$C$3) -> 81.4108 | F26: =IF(C26=9,"",IF(C26=0,E26,IF(C26=1,IF(COUNT(E22:E30)=0,"",TRIMMEAN(E22:E30,0.5)),IF(D26="","",D26)))) -> 81.4108
... A398: 46280.99 | B398: 81.2156 | C398: 0 | E398: =IF(OR(C398=9,B398=""),"",B398-$C$3) -> 81.4856 | F398: =IF(C398=9,"",IF(C398=0,E398,IF(C398=1,IF(COUNT(E394:E402)=0,"",TRIMMEAN(E394:E402,0.5)),IF(D398="","",D398)))) -> 81.4856
A399: 46281 | B399: 81.2863 | C399: 0 | E399: =IF(OR(C399=9,B399=""),"",B399-$C$3) -> 81.5563 | F399: =IF(C399=9,"",IF(C399=0,E399,IF(C399=1,IF(COUNT(E395:E403)=0,"",TRIMMEAN(E395:E403,0.5)),IF(D399="","",D399)))) -> 81.5563 | G399: fuera de la ventana: solo para la media móvil del borde
A400: 46281.01 | B400: 81.1024 | C400: 0 | E400: =IF(OR(C400=9,B400=""),"",B400-$C$3) -> 81.3724 | F400: =IF(C400=9,"",IF(C400=0,E400,IF(C400=1,IF(COUNT(E396:E404)=0,"",TRIMMEAN(E396:E404,0.5)),IF(D400="","",D400)))) -> 81.3724 | G400: fuera de la ventana: solo para la media móvil del borde
A401: 46281.021 | B401: 81.8533 | C401: 0 | E401: =IF(OR(C401=9,B401=""),"",B401-$C$3) -> 82.1233 | F401: =IF(C401=9,"",IF(C401=0,E401,IF(C401=1,IF(COUNT(E397:E405)=0,"",TRIMMEAN(E397:E405,0.5)),IF(D401="","",D401)))) -> 82.1233 | G401: fuera de la ventana: solo para la media móvil del borde
A402: 46281.031 | B402: 81.5762 | C402: 0 | E402: =IF(OR(C402=9,B402=""),"",B402-$C$3) -> 81.8462 | F402: =IF(C402=9,"",IF(C402=0,E402,IF(C402=1,IF(COUNT(E398:E406)=0,"",TRIMMEAN(E398:E406,0.5)),IF(D402="","",D402)))) -> 81.8462 | G402: fuera de la ventana: solo para la media móvil del borde
A403: 46281.042 | B403: 81.563 | C403: 0 | E403: =IF(OR(C403=9,B403=""),"",B403-$C$3) -> 81.833 | F403: =IF(C403=9,"",IF(C403=0,E403,IF(C403=1,IF(COUNT(E399:E406)=0,"",TRIMMEAN(E399:E406,0.5)),IF(D403="","",D403)))) -> 81.833 | G403: fuera de la ventana: solo para la media móvil del borde
A404: 46281.052 | B404: 81.3346 | C404: 0 | E404: =IF(OR(C404=9,B404=""),"",B404-$C$3) -> 81.6046 | F404: =IF(C404=9,"",IF(C404=0,E404,IF(C404=1,IF(COUNT(E400:E406)=0,"",TRIMMEAN(E400:E406,0.5)),IF(D404="","",D404)))) -> 81.6046 | G404: fuera de la ventana: solo para la media móvil del borde
A405: 46281.062 | B405: 81.8298 | C405: 0 | E405: =IF(OR(C405=9,B405=""),"",B405-$C$3) -> 82.0998 | F405: =IF(C405=9,"",IF(C405=0,E405,IF(C405=1,IF(COUNT(E401:E406)=0,"",TRIMMEAN(E401:E406,0.5)),IF(D405="","",D405)))) -> 82.0998 | G405: fuera de la ventana: solo para la media móvil del borde
A406: 46281.073 | B406: 81.959 | C406: 0 | E406: =IF(OR(C406=9,B406=""),"",B406-$C$3) -> 82.229 | F406: =IF(C406=9,"",IF(C406=0,E406,IF(C406=1,IF(COUNT(E402:E406)=0,"",TRIMMEAN(E402:E406,0.5)),IF(D406="","",D406)))) -> 82.229 | G406: fuera de la ventana: solo para la media móvil del borde

Sheet P3
A1: P3 · Presión (m) · VN3943135
A2: Válido (suavizado)
A3: Offset | C3: -0.29
A4: Ventana (lecturas a cada lado) | C4: 4
A6: Fecha y hora | B6: Dato inicial (m) | C6: Marca | D6: Reemplazo | E6: Corregido (m) | F6: Dato depurado (m) | G6: Motivo
A7: 46276.917 | B7: 138.0748 | C7: 0 | E7: =IF(OR(C7=9,B7=""),"",B7-$C$3) -> 138.3648 | F7: =IF(C7=9,"",IF(C7=0,E7,IF(C7=1,IF(COUNT(E7:E11)=0,"",TRIMMEAN(E7:E11,0.5)),IF(D7="","",D7)))) -> 138.3648 | G7: fuera de la ventana: solo para la media móvil del borde
A8: 46276.927 | B8: 141.2292 | C8: 0 | E8: =IF(OR(C8=9,B8=""),"",B8-$C$3) -> 141.5192 | F8: =IF(C8=9,"",IF(C8=0,E8,IF(C8=1,IF(COUNT(E7:E12)=0,"",TRIMMEAN(E7:E12,0.5)),IF(D8="","",D8)))) -> 141.5192 | G8: fuera de la ventana: solo para la media móvil del borde
A9: 46276.938 | B9: 140.5609 | C9: 0 | E9: =IF(OR(C9=9,B9=""),"",B9-$C$3) -> 140.8509 | F9: =IF(C9=9,"",IF(C9=0,E9,IF(C9=1,IF(COUNT(E7:E13)=0,"",TRIMMEAN(E7:E13,0.5)),IF(D9="","",D9)))) -> 140.8509 | G9: fuera de la ventana: solo para la media móvil del borde
A10: 46276.948 | B10: 139.6595 | C10: 0 | E10: =IF(OR(C10=9,B10=""),"",B10-$C$3) -> 139.9495 | F10: =IF(C10=9,"",IF(C10=0,E10,IF(C10=1,IF(COUNT(E7:E14)=0,"",TRIMMEAN(E7:E14,0.5)),IF(D10="","",D10)))) -> 139.9495 | G10: fuera de la ventana: solo para la media móvil del borde
A11: 46276.958 | B11: 131.4242 | C11: 0 | E11: =IF(OR(C11=9,B11=""),"",B11-$C$3) -> 131.7142 | F11: =IF(C11=9,"",IF(C11=0,E11,IF(C11=1,IF(COUNT(E7:E15)=0,"",TRIMMEAN(E7:E15,0.5)),IF(D11="","",D11)))) -> 131.7142 | G11: fuera de la ventana: solo para la media móvil del borde
A12: 46276.969 | B12: 109.864 | C12: 0 | E12: =IF(OR(C12=9,B12=""),"",B12-$C$3) -> 110.154 | F12: =IF(C12=9,"",IF(C12=0,E12,IF(C12=1,IF(COUNT(E8:E16)=0,"",TRIMMEAN(E8:E16,0.5)),IF(D12="","",D12)))) -> 110.154 | G12: fuera de la ventana: solo para la media móvil del borde
A13: 46276.979 | B13: 107.8993 | C13: 0 | E13: =IF(OR(C13=9,B13=""),"",B13-$C$3) -> 108.1893 | F13: =IF(C13=9,"",IF(C13=0,E13,IF(C13=1,IF(COUNT(E9:E17)=0,"",TRIMMEAN(E9:E17,0.5)),IF(D13="","",D13)))) -> 108.1893 | G13: fuera de la ventana: solo para la media móvil del borde
A14: 46276.99 | B14: 100.9468 | C14: 0 | E14: =IF(OR(C14=9,B14=""),"",B14-$C$3) -> 101.2368 | F14: =IF(C14=9,"",IF(C14=0,E14,IF(C14=1,IF(COUNT(E10:E18)=0,"",TRIMMEAN(E10:E18,0.5)),IF(D14="","",D14)))) -> 101.2368 | G14: fuera de la ventana: solo para la media móvil del borde
A15: 46277 | B15: 100.5478 | C15: 1 | E15: =IF(OR(C15=9,B15=""),"",B15-$C$3) -> 100.8378 | F15: =IF(C15=9,"",IF(C15=0,E15,IF(C15=1,IF(COUNT(E11:E19)=0,"",TRIMMEAN(E11:E19,0.5)),IF(D15="","",D15)))) -> 103.82952 | G15: oscilación más rápida que el registro → media recortada de 2 h
A16: 46277.01 | B16: 101.3636 | C16: 1 | E16: =IF(OR(C16=9,B16=""),"",B16-$C$3) -> 101.6536 | F16: =IF(C16=9,"",IF(C16=0,E16,IF(C16=1,IF(COUNT(E12:E20)=0,"",TRIMMEAN(E12:E20,0.5)),IF(D16="","",D16)))) -> 103.82952 | G16: oscilación más rápida que el registro → media recortada de 2 h
A17: 46277.021 | B17: 106.0944 | C17: 1 | E17: =IF(OR(C17=9,B17=""),"",B17-$C$3) -> 106.3844 | F17: =IF(C17=9,"",IF(C17=0,E17,IF(C17=1,IF(COUNT(E13:E21)=0,"",TRIMMEAN(E13:E21,0.5)),IF(D17="","",D17)))) -> 102.5187 | G17: oscilación más rápida que el registro → media recortada de 2 h
A18: 46277.031 | B18: 101.3935 | C18: 1 | E18: =IF(OR(C18=9,B18=""),"",B18-$C$3) -> 101.6835 | F18: =IF(C18=9,"",IF(C18=0,E18,IF(C18=1,IF(COUNT(E14:E22)=0,"",TRIMMEAN(E14:E22,0.5)),IF(D18="","",D18)))) -> 102.5187 | G18: oscilación más rápida que el registro → media recortada de 2 h
A19: 46277.042 | B19: 99.7109 | C19: 1 | E19: =IF(OR(C19=9,B19=""),"",B19-$C$3) -> 100.0009 | F19: =IF(C19=9,"",IF(C19=0,E19,IF(C19=1,IF(COUNT(E15:E23)=0,"",TRIMMEAN(E15:E23,0.5)),IF(D19="","",D19)))) -> 103.22122 | G19: oscilación más rápida que el registro → media recortada de 2 h
A20: 46277.052 | B20: 109.5621 | C20: 1 | E20: =IF(OR(C20=9,B20=""),"",B20-$C$3) -> 109.8521 | F20: =IF(C20=9,"",IF(C20=0,E20,IF(C20=1,IF(COUNT(E16:E24)=0,"",TRIMMEAN(E16:E24,0.5)),IF(D20="","",D20)))) -> 104.03998 | G20: oscilación más rápida que el registro → media recortada de 2 h
A21: 46277.062 | B21: 101.3452 | C21: 1 | E21: =IF(OR(C21=9,B21=""),"",B21-$C$3) -> 101.6352 | F21: =IF(C21=9,"",IF(C21=0,E21,IF(C21=1,IF(COUNT(E17:E25)=0,"",TRIMMEAN(E17:E25,0.5)),IF(D21="","",D21)))) -> 105.67968 | G21: oscilación más rápida que el registro → media recortada de 2 h
A22: 46277.073 | B22: 110.0631 | C22: 1 | E22: =IF(OR(C22=9,B22=""),"",B22-$C$3) -> 110.3531 | F22: =IF(C22=9,"",IF(C22=0,E22,IF(C22=1,IF(COUNT(E18:E26)=0,"",TRIMMEAN(E18:E26,0.5)),IF(D22="","",D22)))) -> 105.96412 | G22: oscilación más rápida que el registro → media recortada de 2 h
... A402: 46281.031 | B402: 103.9761 | C402: 1 | E402: =IF(OR(C402=9,B402=""),"",B402-$C$3) -> 104.2661 | F402: =IF(C402=9,"",IF(C402=0,E402,IF(C402=1,IF(COUNT(E398:E406)=0,"",TRIMMEAN(E398:E406,0.5)),IF(D402="","",D402)))) -> 103.88906 | G402: fuera de la ventana: solo para la media móvil del borde
A403: 46281.042 | B403: 101.3547 | C403: 1 | E403: =IF(OR(C403=9,B403=""),"",B403-$C$3) -> 101.6447 | F403: =IF(C403=9,"",IF(C403=0,E403,IF(C403=1,IF(COUNT(E399:E406)=0,"",TRIMMEAN(E399:E406,0.5)),IF(D403="","",D403)))) -> 103.41173 | G403: fuera de la ventana: solo para la media móvil del borde
A404: 46281.052 | B404: 100.3772 | C404: 1 | E404: =IF(OR(C404=9,B404=""),"",B404-$C$3) -> 100.6672 | F404: =IF(C404=9,"",IF(C404=0,E404,IF(C404=1,IF(COUNT(E400:E406)=0,"",TRIMMEAN(E400:E406,0.5)),IF(D404="","",D404)))) -> 103.88906 | G404: fuera de la ventana: solo para la media móvil del borde
A405: 46281.062 | B405: 110.3609 | C405: 1 | E405: =IF(OR(C405=9,B405=""),"",B405-$C$3) -> 110.6509 | F405: =IF(C405=9,"",IF(C405=0,E405,IF(C405=1,IF(COUNT(E401:E406)=0,"",TRIMMEAN(E401:E406,0.5)),IF(D405="","",D405)))) -> 104.33695 | G405: fuera de la ventana: solo para la media móvil del borde
A406: 46281.073 | B406: 105.3486 | C406: 1 | E406: =IF(OR(C406=9,B406=""),"",B406-$C$3) -> 105.6386 | F406: =IF(C406=9,"",IF(C406=0,E406,IF(C406=1,IF(COUNT(E402:E406)=0,"",TRIMMEAN(E402:E406,0.5)),IF(D406="","",D406)))) -> 103.8498 | G406: fuera de la ventana: solo para la media móvil del borde

Sheet P4
A1: P4 · Presión (m) · VN3950683
A2: Válido
A3: Offset | C3: 0.03
A4: Ventana (lecturas a cada lado) | C4: 4
A6: Fecha y hora | B6: Dato inicial (m) | C6: Marca | D6: Reemplazo | E6: Corregido (m) | F6: Dato depurado (m) | G6: Motivo
A7: 46276.917 | B7: 97.2303 | C7: 0 | E7: =IF(OR(C7=9,B7=""),"",B7-$C$3) -> 97.2003 | F7: =IF(C7=9,"",IF(C7=0,E7,IF(C7=1,IF(COUNT(E7:E11)=0,"",TRIMMEAN(E7:E11,0.5)),IF(D7="","",D7)))) -> 97.2003 | G7: fuera de la ventana: solo para la media móvil del borde
A8: 46276.927 | B8: 97.6008 | C8: 0 | E8: =IF(OR(C8=9,B8=""),"",B8-$C$3) -> 97.5708 | F8: =IF(C8=9,"",IF(C8=0,E8,IF(C8=1,IF(COUNT(E7:E12)=0,"",TRIMMEAN(E7:E12,0.5)),IF(D8="","",D8)))) -> 97.5708 | G8: fuera de la ventana: solo para la media móvil del borde
A9: 46276.938 | B9: 101.2854 | C9: 0 | E9: =IF(OR(C9=9,B9=""),"",B9-$C$3) -> 101.2554 | F9: =IF(C9=9,"",IF(C9=0,E9,IF(C9=1,IF(COUNT(E7:E13)=0,"",TRIMMEAN(E7:E13,0.5)),IF(D9="","",D9)))) -> 101.2554 | G9: fuera de la ventana: solo para la media móvil del borde
A10: 46276.948 | B10: 101.5964 | C10: 0 | E10: =IF(OR(C10=9,B10=""),"",B10-$C$3) -> 101.5664 | F10: =IF(C10=9,"",IF(C10=0,E10,IF(C10=1,IF(COUNT(E7:E14)=0,"",TRIMMEAN(E7:E14,0.5)),IF(D10="","",D10)))) -> 101.5664 | G10: fuera de la ventana: solo para la media móvil del borde
A11: 46276.958 | B11: 92.9067 | C11: 0 | E11: =IF(OR(C11=9,B11=""),"",B11-$C$3) -> 92.8767 | F11: =IF(C11=9,"",IF(C11=0,E11,IF(C11=1,IF(COUNT(E7:E15)=0,"",TRIMMEAN(E7:E15,0.5)),IF(D11="","",D11)))) -> 92.8767 | G11: fuera de la ventana: solo para la media móvil del borde
A12: 46276.969 | B12: 70.1856 | C12: 0 | E12: =IF(OR(C12=9,B12=""),"",B12-$C$3) -> 70.1556 | F12: =IF(C12=9,"",IF(C12=0,E12,IF(C12=1,IF(COUNT(E8:E16)=0,"",TRIMMEAN(E8:E16,0.5)),IF(D12="","",D12)))) -> 70.1556 | G12: fuera de la ventana: solo para la media móvil del borde
A13: 46276.979 | B13: 66.7679 | C13: 0 | E13: =IF(OR(C13=9,B13=""),"",B13-$C$3) -> 66.7379 | F13: =IF(C13=9,"",IF(C13=0,E13,IF(C13=1,IF(COUNT(E9:E17)=0,"",TRIMMEAN(E9:E17,0.5)),IF(D13="","",D13)))) -> 66.7379 | G13: fuera de la ventana: solo para la media móvil del borde
A14: 46276.99 | B14: 62.14 | C14: 0 | E14: =IF(OR(C14=9,B14=""),"",B14-$C$3) -> 62.11 | F14: =IF(C14=9,"",IF(C14=0,E14,IF(C14=1,IF(COUNT(E10:E18)=0,"",TRIMMEAN(E10:E18,0.5)),IF(D14="","",D14)))) -> 62.11 | G14: fuera de la ventana: solo para la media móvil del borde
A15: 46277 | B15: 61.0812 | C15: 0 | E15: =IF(OR(C15=9,B15=""),"",B15-$C$3) -> 61.0512 | F15: =IF(C15=9,"",IF(C15=0,E15,IF(C15=1,IF(COUNT(E11:E19)=0,"",TRIMMEAN(E11:E19,0.5)),IF(D15="","",D15)))) -> 61.0512
A16: 46277.01 | B16: 65.5391 | C16: 0 | E16: =IF(OR(C16=9,B16=""),"",B16-$C$3) -> 65.5091 | F16: =IF(C16=9,"",IF(C16=0,E16,IF(C16=1,IF(COUNT(E12:E20)=0,"",TRIMMEAN(E12:E20,0.5)),IF(D16="","",D16)))) -> 65.5091
A17: 46277.021 | B17: 66.7577 | C17: 0 | E17: =IF(OR(C17=9,B17=""),"",B17-$C$3) -> 66.7277 | F17: =IF(C17=9,"",IF(C17=0,E17,IF(C17=1,IF(COUNT(E13:E21)=0,"",TRIMMEAN(E13:E21,0.5)),IF(D17="","",D17)))) -> 66.7277
A18: 46277.031 | B18: 59.2593 | C18: 0 | E18: =IF(OR(C18=9,B18=""),"",B18-$C$3) -> 59.2293 | F18: =IF(C18=9,"",IF(C18=0,E18,IF(C18=1,IF(COUNT(E14:E22)=0,"",TRIMMEAN(E14:E22,0.5)),IF(D18="","",D18)))) -> 59.2293
A19: 46277.042 | B19: 65.828 | C19: 0 | E19: =IF(OR(C19=9,B19=""),"",B19-$C$3) -> 65.798 | F19: =IF(C19=9,"",IF(C19=0,E19,IF(C19=1,IF(COUNT(E15:E23)=0,"",TRIMMEAN(E15:E23,0.5)),IF(D19="","",D19)))) -> 65.798
A20: 46277.052 | B20: 60.6461 | C20: 0 | E20: =IF(OR(C20=9,B20=""),"",B20-$C$3) -> 60.6161 | F20: =IF(C20=9,"",IF(C20=0,E20,IF(C20=1,IF(COUNT(E16:E24)=0,"",TRIMMEAN(E16:E24,0.5)),IF(D20="","",D20)))) -> 60.6161
A21: 46277.062 | B21: 62.1162 | C21: 0 | E21: =IF(OR(C21=9,B21=""),"",B21-$C$3) -> 62.0862 | F21: =IF(C21=9,"",IF(C21=0,E21,IF(C21=1,IF(COUNT(E17:E25)=0,"",TRIMMEAN(E17:E25,0.5)),IF(D21="","",D21)))) -> 62.0862
A22: 46277.073 | B22: 59.6145 | C22: 0 | E22: =IF(OR(C22=9,B22=""),"",B22-$C$3) -> 59.5845 | F22: =IF(C22=9,"",IF(C22=0,E22,IF(C22=1,IF(COUNT(E18:E26)=0,"",TRIMMEAN(E18:E26,0.5)),IF(D22="","",D22)))) -> 59.5845
A23: 46277.083 | B23: 66.5809 | C23: 0 | E23: =IF(OR(C23=9,B23=""),"",B23-$C$3) -> 66.5509 | F23: =IF(C23=9,"",IF(C23=0,E23,IF(C23=1,IF(COUNT(E19:E27)=0,"",TRIMMEAN(E19:E27,0.5)),IF(D23="","",D23)))) -> 66.5509
A24: 46277.094 | B24: 59.1404 | C24: 0 | E24: =IF(OR(C24=9,B24=""),"",B24-$C$3) -> 59.1104 | F24: =IF(C24=9,"",IF(C24=0,E24,IF(C24=1,IF(COUNT(E20:E28)=0,"",TRIMMEAN(E20:E28,0.5)),IF(D24="","",D24)))) -> 59.1104
A25: 46277.104 | B25: 59.7624 | C25: 0 | E25: =IF(OR(C25=9,B25=""),"",B25-$C$3) -> 59.7324 | F25: =IF(C25=9,"",IF(C25=0,E25,IF(C25=1,IF(COUNT(E21:E29)=0,"",TRIMMEAN(E21:E29,0.5)),IF(D25="","",D25)))) -> 59.7324
A26: 46277.115 | B26: 65.3522 | C26: 0 | E26: =IF(OR(C26=9,B26=""),"",B26-$C$3) -> 65.3222 | F26: =IF(C26=9,"",IF(C26=0,E26,IF(C26=1,IF(COUNT(E22:E30)=0,"",TRIMMEAN(E22:E30,0.5)),IF(D26="","",D26)))) -> 65.3222
... A363: 46280.625 | B363: 58.8361 | C363: 0 | E363: =IF(OR(C363=9,B363=""),"",B363-$C$3) -> 58.8061 | F363: =IF(C363=9,"",IF(C363=0,E363,IF(C363=1,IF(COUNT(E359:E367)=0,"",TRIMMEAN(E359:E367,0.5)),IF(D363="","",D363)))) -> 58.8061
A364: 46280.635 | B364: 67.3933 | C364: 2 | D364: 59.3687 | E364: =IF(OR(C364=9,B364=""),"",B364-$C$3) -> 67.3633 | F364: =IF(C364=9,"",IF(C364=0,E364,IF(C364=1,IF(COUNT(E360:E368)=0,"",TRIMMEAN(E360:E368,0.5)),IF(D364="","",D364)))) -> 59.3687 | G364: pico aislado
A365: 46280.646 | B365: 59.9612 | C365: 0 | E365: =IF(OR(C365=9,B365=""),"",B365-$C$3) -> 59.9312 | F365: =IF(C365=9,"",IF(C365=0,E365,IF(C365=1,IF(COUNT(E361:E369)=0,"",TRIMMEAN(E361:E369,0.5)),IF(D365="","",D365)))) -> 59.9312
A366: 46280.656 | B366: 59.793 | C366: 0 | E366: =IF(OR(C366=9,B366=""),"",B366-$C$3) -> 59.763 | F366: =IF(C366=9,"",IF(C366=0,E366,IF(C366=1,IF(COUNT(E362:E370)=0,"",TRIMMEAN(E362:E370,0.5)),IF(D366="","",D366)))) -> 59.763
A367: 46280.667 | B367: 57.8368 | C367: 0 | E367: =IF(OR(C367=9,B367=""),"",B367-$C$3) -> 57.8068 | F367: =IF(C367=9,"",IF(C367=0,E367,IF(C367=1,IF(COUNT(E363:E371)=0,"",TRIMMEAN(E363:E371,0.5)),IF(D367="","",D367)))) -> 57.8068
A368: 46280.677 | B368: 61.0846 | C368: 0 | E368: =IF(OR(C368=9,B368=""),"",B368-$C$3) -> 61.0546 | F368: =IF(C368=9,"",IF(C368=0,E368,IF(C368=1,IF(COUNT(E364:E372)=0,"",TRIMMEAN(E364:E372,0.5)),IF(D368="","",D368)))) -> 61.0546
A369: 46280.688 | B369: 62.7009 | C369: 0 | E369: =IF(OR(C369=9,B369=""),"",B369-$C$3) -> 62.6709 | F369: =IF(C369=9,"",IF(C369=0,E369,IF(C369=1,IF(COUNT(E365:E373)=0,"",TRIMMEAN(E365:E373,0.5)),IF(D369="","",D369)))) -> 62.6709
A370: 46280.698 | B370: 63.4283 | C370: 0 | E370: =IF(OR(C370=9,B370=""),"",B370-$C$3) -> 63.3983 | F370: =IF(C370=9,"",IF(C370=0,E370,IF(C370=1,IF(COUNT(E366:E374)=0,"",TRIMMEAN(E366:E374,0.5)),IF(D370="","",D370)))) -> 63.3983
A371: 46280.708 | B371: 62.3236 | C371: 0 | E371: =IF(OR(C371=9,B371=""),"",B371-$C$3) -> 62.2936 | F371: =IF(C371=9,"",IF(C371=0,E371,IF(C371=1,IF(COUNT(E367:E375)=0,"",TRIMMEAN(E367:E375,0.5)),IF(D371="","",D371)))) -> 62.2936
A372: 46280.719 | B372: 62.5224 | C372: 0 | E372: =IF(OR(C372=9,B372=""),"",B372-$C$3) -> 62.4924 | F372: =IF(C372=9,"",IF(C372=0,E372,IF(C372=1,IF(COUNT(E368:E376)=0,"",TRIMMEAN(E368:E376,0.5)),IF(D372="","",D372)))) -> 62.4924
A373: 46280.729 | B373: 59.4412 | C373: 0 | E373: =IF(OR(C373=9,B373=""),"",B373-$C$3) -> 59.4112 | F373: =IF(C373=9,"",IF(C373=0,E373,IF(C373=1,IF(COUNT(E369:E377)=0,"",TRIMMEAN(E369:E377,0.5)),IF(D373="","",D373)))) -> 59.4112
A374: 46280.74 | B374: 60.8977 | C374: 0 | E374: =IF(OR(C374=9,B374=""),"",B374-$C$3) -> 60.8677 | F374: =IF(C374=9,"",IF(C374=0,E374,IF(C374=1,IF(COUNT(E370:E378)=0,"",TRIMMEAN(E370:E378,0.5)),IF(D374="","",D374)))) -> 60.8677
A375: 46280.75 | B375: 57.7043 | C375: 0 | E375: =IF(OR(C375=9,B375=""),"",B375-$C$3) -> 57.6743 | F375: =IF(C375=9,"",IF(C375=0,E375,IF(C375=1,IF(COUNT(E371:E379)=0,"",TRIMMEAN(E371:E379,0.5)),IF(D375="","",D375)))) -> 57.6743
A376: 46280.76 | B376: 65.1992 | C376: 0 | E376: =IF(OR(C376=9,B376=""),"",B376-$C$3) -> 65.1692 | F376: =IF(C376=9,"",IF(C376=0,E376,IF(C376=1,IF(COUNT(E372:E380)=0,"",TRIMMEAN(E372:E380,0.5)),IF(D376="","",D376)))) -> 65.1692
... A398: 46280.99 | B398: 60.3232 | C398: 0 | E398: =IF(OR(C398=9,B398=""),"",B398-$C$3) -> 60.2932 | F398: =IF(C398=9,"",IF(C398=0,E398,IF(C398=1,IF(COUNT(E394:E402)=0,"",TRIMMEAN(E394:E402,0.5)),IF(D398="","",D398)))) -> 60.2932
A399: 46281 | B399: 67.4205 | C399: 1 | E399: =IF(OR(C399=9,B399=""),"",B399-$C$3) -> 67.3905 | F399: =IF(C399=9,"",IF(C399=0,E399,IF(C399=1,IF(COUNT(E395:E403)=0,"",TRIMMEAN(E395:E403,0.5)),IF(D399="","",D399)))) -> 63.0604 | G399: fuera de la ventana: solo para la media móvil del borde
A400: 46281.01 | B400: 63.4555 | C400: 1 | E400: =IF(OR(C400=9,B400=""),"",B400-$C$3) -> 63.4255 | F400: =IF(C400=9,"",IF(C400=0,E400,IF(C400=1,IF(COUNT(E396:E404)=0,"",TRIMMEAN(E396:E404,0.5)),IF(D400="","",D400)))) -> 63.13076 | G400: fuera de la ventana: solo para la media móvil del borde
A401: 46281.021 | B401: 66.9803 | C401: 1 | E401: =IF(OR(C401=9,B401=""),"",B401-$C$3) -> 66.9503 | F401: =IF(C401=9,"",IF(C401=0,E401,IF(C401=1,IF(COUNT(E397:E405)=0,"",TRIMMEAN(E397:E405,0.5)),IF(D401="","",D401)))) -> 63.0186 | G401: fuera de la ventana: solo para la media móvil del borde
A402: 46281.031 | B402: 61.7525 | C402: 1 | E402: =IF(OR(C402=9,B402=""),"",B402-$C$3) -> 61.7225 | F402: =IF(C402=9,"",IF(C402=0,E402,IF(C402=1,IF(COUNT(E398:E406)=0,"",TRIMMEAN(E398:E406,0.5)),IF(D402="","",D402)))) -> 63.0186 | G402: fuera de la ventana: solo para la media móvil del borde
A403: 46281.042 | B403: 60.2739 | C403: 1 | E403: =IF(OR(C403=9,B403=""),"",B403-$C$3) -> 60.2439 | F403: =IF(C403=9,"",IF(C403=0,E403,IF(C403=1,IF(COUNT(E399:E406)=0,"",TRIMMEAN(E399:E406,0.5)),IF(D403="","",D403)))) -> 63.612 | G403: fuera de la ventana: solo para la media móvil del borde
A404: 46281.052 | B404: 60.675 | C404: 1 | E404: =IF(OR(C404=9,B404=""),"",B404-$C$3) -> 60.645 | F404: =IF(C404=9,"",IF(C404=0,E404,IF(C404=1,IF(COUNT(E400:E406)=0,"",TRIMMEAN(E400:E406,0.5)),IF(D404="","",D404)))) -> 63.0186 | G404: fuera de la ventana: solo para la media móvil del borde
A405: 46281.062 | B405: 62.3797 | C405: 1 | E405: =IF(OR(C405=9,B405=""),"",B405-$C$3) -> 62.3497 | F405: =IF(C405=9,"",IF(C405=0,E405,IF(C405=1,IF(COUNT(E401:E406)=0,"",TRIMMEAN(E401:E406,0.5)),IF(D405="","",D405)))) -> 62.916875 | G405: fuera de la ventana: solo para la media móvil del borde
A406: 46281.073 | B406: 67.7672 | C406: 1 | E406: =IF(OR(C406=9,B406=""),"",B406-$C$3) -> 67.7372 | F406: =IF(C406=9,"",IF(C406=0,E406,IF(C406=1,IF(COUNT(E402:E406)=0,"",TRIMMEAN(E402:E406,0.5)),IF(D406="","",D406)))) -> 61.5724 | G406: fuera de la ventana: solo para la media móvil del borde

Sheet P5
A1: P5 · Presión (m) · VN3948890
A2: Válido (suavizado)
A3: Offset | C3: 0
A4: Ventana (lecturas a cada lado) | C4: 4
A6: Fecha y hora | B6: Dato inicial (m) | C6: Marca | D6: Reemplazo | E6: Corregido (m) | F6: Dato depurado (m) | G6: Motivo
A7: 46276.917 | B7: 43.6415 | C7: 1 | E7: =IF(OR(C7=9,B7=""),"",B7-$C$3) -> 43.6415 | F7: =IF(C7=9,"",IF(C7=0,E7,IF(C7=1,IF(COUNT(E7:E11)=0,"",TRIMMEAN(E7:E11,0.5)),IF(D7="","",D7)))) -> 45.4159 | G7: fuera de la ventana: solo para la media móvil del borde
A8: 46276.927 | B8: 46.5131 | C8: 1 | E8: =IF(OR(C8=9,B8=""),"",B8-$C$3) -> 46.5131 | F8: =IF(C8=9,"",IF(C8=0,E8,IF(C8=1,IF(COUNT(E7:E12)=0,"",TRIMMEAN(E7:E12,0.5)),IF(D8="","",D8)))) -> 46.060575 | G8: fuera de la ventana: solo para la media móvil del borde
A9: 46276.938 | B9: 50.9454 | C9: 1 | E9: =IF(OR(C9=9,B9=""),"",B9-$C$3) -> 50.9454 | F9: =IF(C9=9,"",IF(C9=0,E9,IF(C9=1,IF(COUNT(E7:E13)=0,"",TRIMMEAN(E7:E13,0.5)),IF(D9="","",D9)))) -> 46.12366 | G9: fuera de la ventana: solo para la media móvil del borde
A10: 46276.948 | B10: 44.5964 | C10: 1 | E10: =IF(OR(C10=9,B10=""),"",B10-$C$3) -> 44.5964 | F10: =IF(C10=9,"",IF(C10=0,E10,IF(C10=1,IF(COUNT(E7:E14)=0,"",TRIMMEAN(E7:E14,0.5)),IF(D10="","",D10)))) -> 45.655925 | G10: fuera de la ventana: solo para la media móvil del borde
A11: 46276.958 | B11: 45.1382 | C11: 1 | E11: =IF(OR(C11=9,B11=""),"",B11-$C$3) -> 45.1382 | F11: =IF(C11=9,"",IF(C11=0,E11,IF(C11=1,IF(COUNT(E7:E15)=0,"",TRIMMEAN(E7:E15,0.5)),IF(D11="","",D11)))) -> 46.12366 | G11: fuera de la ventana: solo para la media móvil del borde
A12: 46276.969 | B12: 47.9946 | C12: 1 | E12: =IF(OR(C12=9,B12=""),"",B12-$C$3) -> 47.9946 | F12: =IF(C12=9,"",IF(C12=0,E12,IF(C12=1,IF(COUNT(E8:E16)=0,"",TRIMMEAN(E8:E16,0.5)),IF(D12="","",D12)))) -> 47.39346 | G12: fuera de la ventana: solo para la media móvil del borde
A13: 46276.979 | B13: 46.376 | C13: 1 | E13: =IF(OR(C13=9,B13=""),"",B13-$C$3) -> 46.376 | F13: =IF(C13=9,"",IF(C13=0,E13,IF(C13=1,IF(COUNT(E9:E17)=0,"",TRIMMEAN(E9:E17,0.5)),IF(D13="","",D13)))) -> 47.01012 | G13: fuera de la ventana: solo para la media móvil del borde
A14: 46276.99 | B14: 44.3472 | C14: 1 | E14: =IF(OR(C14=9,B14=""),"",B14-$C$3) -> 44.3472 | F14: =IF(C14=9,"",IF(C14=0,E14,IF(C14=1,IF(COUNT(E10:E18)=0,"",TRIMMEAN(E10:E18,0.5)),IF(D14="","",D14)))) -> 46.59122 | G14: fuera de la ventana: solo para la media móvil del borde
A15: 46277 | B15: 57.9874 | C15: 1 | E15: =IF(OR(C15=9,B15=""),"",B15-$C$3) -> 57.9874 | F15: =IF(C15=9,"",IF(C15=0,E15,IF(C15=1,IF(COUNT(E11:E19)=0,"",TRIMMEAN(E11:E19,0.5)),IF(D15="","",D15)))) -> 46.54138 | G15: oscilación más rápida que el registro → media recortada de 2 h
A16: 46277.01 | B16: 57.0735 | C16: 1 | E16: =IF(OR(C16=9,B16=""),"",B16-$C$3) -> 57.0735 | F16: =IF(C16=9,"",IF(C16=0,E16,IF(C16=1,IF(COUNT(E12:E20)=0,"",TRIMMEAN(E12:E20,0.5)),IF(D16="","",D16)))) -> 46.35938 | G16: oscilación más rápida que el registro → media recortada de 2 h
A17: 46277.021 | B17: 42.3809 | C17: 1 | E17: =IF(OR(C17=9,B17=""),"",B17-$C$3) -> 42.3809 | F17: =IF(C17=9,"",IF(C17=0,E17,IF(C17=1,IF(COUNT(E13:E21)=0,"",TRIMMEAN(E13:E21,0.5)),IF(D17="","",D17)))) -> 45.62374 | G17: oscilación más rápida que el registro → media recortada de 2 h
A18: 46277.031 | B18: 48.8509 | C18: 1 | E18: =IF(OR(C18=9,B18=""),"",B18-$C$3) -> 48.8509 | F18: =IF(C18=9,"",IF(C18=0,E18,IF(C18=1,IF(COUNT(E14:E22)=0,"",TRIMMEAN(E14:E22,0.5)),IF(D18="","",D18)))) -> 45.94174 | G18: oscilación más rápida que el registro → media recortada de 2 h
A19: 46277.042 | B19: 44.2282 | C19: 1 | E19: =IF(OR(C19=9,B19=""),"",B19-$C$3) -> 44.2282 | F19: =IF(C19=9,"",IF(C19=0,E19,IF(C19=1,IF(COUNT(E15:E23)=0,"",TRIMMEAN(E15:E23,0.5)),IF(D19="","",D19)))) -> 45.91068 | G19: oscilación más rápida que el registro → media recortada de 2 h
A20: 46277.052 | B20: 43.3712 | C20: 1 | E20: =IF(OR(C20=9,B20=""),"",B20-$C$3) -> 43.3712 | F20: =IF(C20=9,"",IF(C20=0,E20,IF(C20=1,IF(COUNT(E16:E24)=0,"",TRIMMEAN(E16:E24,0.5)),IF(D20="","",D20)))) -> 45.91068 | G20: oscilación más rápida que el registro → media recortada de 2 h
A21: 46277.062 | B21: 44.3164 | C21: 1 | E21: =IF(OR(C21=9,B21=""),"",B21-$C$3) -> 44.3164 | F21: =IF(C21=9,"",IF(C21=0,E21,IF(C21=1,IF(COUNT(E17:E25)=0,"",TRIMMEAN(E17:E25,0.5)),IF(D21="","",D21)))) -> 45.07632 | G21: oscilación más rápida que el registro → media recortada de 2 h
A22: 46277.073 | B22: 47.966 | C22: 1 | E22: =IF(OR(C22=9,B22=""),"",B22-$C$3) -> 47.966 | F22: =IF(C22=9,"",IF(C22=0,E22,IF(C22=1,IF(COUNT(E18:E26)=0,"",TRIMMEAN(E18:E26,0.5)),IF(D22="","",D22)))) -> 45.07632 | G22: oscilación más rápida que el registro → media recortada de 2 h
... A402: 46281.031 | B402: 46.9756 | C402: 1 | E402: =IF(OR(C402=9,B402=""),"",B402-$C$3) -> 46.9756 | F402: =IF(C402=9,"",IF(C402=0,E402,IF(C402=1,IF(COUNT(E398:E406)=0,"",TRIMMEAN(E398:E406,0.5)),IF(D402="","",D402)))) -> 45.0104 | G402: fuera de la ventana: solo para la media móvil del borde
A403: 46281.042 | B403: 44.555 | C403: 1 | E403: =IF(OR(C403=9,B403=""),"",B403-$C$3) -> 44.555 | F403: =IF(C403=9,"",IF(C403=0,E403,IF(C403=1,IF(COUNT(E399:E406)=0,"",TRIMMEAN(E399:E406,0.5)),IF(D403="","",D403)))) -> 45.412225 | G403: fuera de la ventana: solo para la media móvil del borde
A404: 46281.052 | B404: 44.3825 | C404: 1 | E404: =IF(OR(C404=9,B404=""),"",B404-$C$3) -> 44.3825 | F404: =IF(C404=9,"",IF(C404=0,E404,IF(C404=1,IF(COUNT(E400:E406)=0,"",TRIMMEAN(E400:E406,0.5)),IF(D404="","",D404)))) -> 47.31402 | G404: fuera de la ventana: solo para la media móvil del borde
A405: 46281.062 | B405: 42.4364 | C405: 1 | E405: =IF(OR(C405=9,B405=""),"",B405-$C$3) -> 42.4364 | F405: =IF(C405=9,"",IF(C405=0,E405,IF(C405=1,IF(COUNT(E401:E406)=0,"",TRIMMEAN(E401:E406,0.5)),IF(D405="","",D405)))) -> 45.412225 | G405: fuera de la ventana: solo para la media móvil del borde
A406: 46281.073 | B406: 54.9212 | C406: 1 | E406: =IF(OR(C406=9,B406=""),"",B406-$C$3) -> 54.9212 | F406: =IF(C406=9,"",IF(C406=0,E406,IF(C406=1,IF(COUNT(E402:E406)=0,"",TRIMMEAN(E402:E406,0.5)),IF(D406="","",D406)))) -> 45.304367 | G406: fuera de la ventana: solo para la media móvil del borde

Sheet P6
A1: P6 · Presión (m) · VN3582511
A2: Válido
A3: Offset | C3: -0.24
A4: Ventana (lecturas a cada lado) | C4: 4
A6: Fecha y hora | B6: Dato inicial (m) | C6: Marca | D6: Reemplazo | E6: Corregido (m) | F6: Dato depurado (m) | G6: Motivo
A7: 46276.917 | B7: 41.6906 | C7: 0 | E7: =IF(OR(C7=9,B7=""),"",B7-$C$3) -> 41.9306 | F7: =IF(C7=9,"",IF(C7=0,E7,IF(C7=1,IF(COUNT(E7:E11)=0,"",TRIMMEAN(E7:E11,0.5)),IF(D7="","",D7)))) -> 41.9306 | G7: fuera de la ventana: solo para la media móvil del borde
A8: 46276.927 | B8: 41.662 | C8: 0 | E8: =IF(OR(C8=9,B8=""),"",B8-$C$3) -> 41.902 | F8: =IF(C8=9,"",IF(C8=0,E8,IF(C8=1,IF(COUNT(E7:E12)=0,"",TRIMMEAN(E7:E12,0.5)),IF(D8="","",D8)))) -> 41.902 | G8: fuera de la ventana: solo para la media móvil del borde
A9: 46276.938 | B9: 42.0492 | C9: 0 | E9: =IF(OR(C9=9,B9=""),"",B9-$C$3) -> 42.2892 | F9: =IF(C9=9,"",IF(C9=0,E9,IF(C9=1,IF(COUNT(E7:E13)=0,"",TRIMMEAN(E7:E13,0.5)),IF(D9="","",D9)))) -> 42.2892 | G9: fuera de la ventana: solo para la media móvil del borde
A10: 46276.948 | B10: 42.5283 | C10: 0 | E10: =IF(OR(C10=9,B10=""),"",B10-$C$3) -> 42.7683 | F10: =IF(C10=9,"",IF(C10=0,E10,IF(C10=1,IF(COUNT(E7:E14)=0,"",TRIMMEAN(E7:E14,0.5)),IF(D10="","",D10)))) -> 42.7683 | G10: fuera de la ventana: solo para la media móvil del borde
A11: 46276.958 | B11: 42.2466 | C11: 0 | E11: =IF(OR(C11=9,B11=""),"",B11-$C$3) -> 42.4866 | F11: =IF(C11=9,"",IF(C11=0,E11,IF(C11=1,IF(COUNT(E7:E15)=0,"",TRIMMEAN(E7:E15,0.5)),IF(D11="","",D11)))) -> 42.4866 | G11: fuera de la ventana: solo para la media móvil del borde
A12: 46276.969 | B12: 41.7322 | C12: 0 | E12: =IF(OR(C12=9,B12=""),"",B12-$C$3) -> 41.9722 | F12: =IF(C12=9,"",IF(C12=0,E12,IF(C12=1,IF(COUNT(E8:E16)=0,"",TRIMMEAN(E8:E16,0.5)),IF(D12="","",D12)))) -> 41.9722 | G12: fuera de la ventana: solo para la media móvil del borde
A13: 46276.979 | B13: 42.0674 | C13: 0 | E13: =IF(OR(C13=9,B13=""),"",B13-$C$3) -> 42.3074 | F13: =IF(C13=9,"",IF(C13=0,E13,IF(C13=1,IF(COUNT(E9:E17)=0,"",TRIMMEAN(E9:E17,0.5)),IF(D13="","",D13)))) -> 42.3074 | G13: fuera de la ventana: solo para la media móvil del borde
A14: 46276.99 | B14: 41.8787 | C14: 0 | E14: =IF(OR(C14=9,B14=""),"",B14-$C$3) -> 42.1187 | F14: =IF(C14=9,"",IF(C14=0,E14,IF(C14=1,IF(COUNT(E10:E18)=0,"",TRIMMEAN(E10:E18,0.5)),IF(D14="","",D14)))) -> 42.1187 | G14: fuera de la ventana: solo para la media móvil del borde
A15: 46277 | B15: 42.225 | C15: 0 | E15: =IF(OR(C15=9,B15=""),"",B15-$C$3) -> 42.465 | F15: =IF(C15=9,"",IF(C15=0,E15,IF(C15=1,IF(COUNT(E11:E19)=0,"",TRIMMEAN(E11:E19,0.5)),IF(D15="","",D15)))) -> 42.465
A16: 46277.01 | B16: 42.5059 | C16: 0 | E16: =IF(OR(C16=9,B16=""),"",B16-$C$3) -> 42.7459 | F16: =IF(C16=9,"",IF(C16=0,E16,IF(C16=1,IF(COUNT(E12:E20)=0,"",TRIMMEAN(E12:E20,0.5)),IF(D16="","",D16)))) -> 42.7459
A17: 46277.021 | B17: 42.3385 | C17: 0 | E17: =IF(OR(C17=9,B17=""),"",B17-$C$3) -> 42.5785 | F17: =IF(C17=9,"",IF(C17=0,E17,IF(C17=1,IF(COUNT(E13:E21)=0,"",TRIMMEAN(E13:E21,0.5)),IF(D17="","",D17)))) -> 42.5785
A18: 46277.031 | B18: 42.6503 | C18: 0 | E18: =IF(OR(C18=9,B18=""),"",B18-$C$3) -> 42.8903 | F18: =IF(C18=9,"",IF(C18=0,E18,IF(C18=1,IF(COUNT(E14:E22)=0,"",TRIMMEAN(E14:E22,0.5)),IF(D18="","",D18)))) -> 42.8903
A19: 46277.042 | B19: 42.4458 | C19: 0 | E19: =IF(OR(C19=9,B19=""),"",B19-$C$3) -> 42.6858 | F19: =IF(C19=9,"",IF(C19=0,E19,IF(C19=1,IF(COUNT(E15:E23)=0,"",TRIMMEAN(E15:E23,0.5)),IF(D19="","",D19)))) -> 42.6858
A20: 46277.052 | B20: 42.5397 | C20: 0 | E20: =IF(OR(C20=9,B20=""),"",B20-$C$3) -> 42.7797 | F20: =IF(C20=9,"",IF(C20=0,E20,IF(C20=1,IF(COUNT(E16:E24)=0,"",TRIMMEAN(E16:E24,0.5)),IF(D20="","",D20)))) -> 42.7797
A21: 46277.062 | B21: 42.566 | C21: 0 | E21: =IF(OR(C21=9,B21=""),"",B21-$C$3) -> 42.806 | F21: =IF(C21=9,"",IF(C21=0,E21,IF(C21=1,IF(COUNT(E17:E25)=0,"",TRIMMEAN(E17:E25,0.5)),IF(D21="","",D21)))) -> 42.806
A22: 46277.073 | B22: 42.7249 | C22: 0 | E22: =IF(OR(C22=9,B22=""),"",B22-$C$3) -> 42.9649 | F22: =IF(C22=9,"",IF(C22=0,E22,IF(C22=1,IF(COUNT(E18:E26)=0,"",TRIMMEAN(E18:E26,0.5)),IF(D22="","",D22)))) -> 42.9649
A23: 46277.083 | B23: 42.8553 | C23: 0 | E23: =IF(OR(C23=9,B23=""),"",B23-$C$3) -> 43.0953 | F23: =IF(C23=9,"",IF(C23=0,E23,IF(C23=1,IF(COUNT(E19:E27)=0,"",TRIMMEAN(E19:E27,0.5)),IF(D23="","",D23)))) -> 43.0953
A24: 46277.094 | B24: 42.7189 | C24: 0 | E24: =IF(OR(C24=9,B24=""),"",B24-$C$3) -> 42.9589 | F24: =IF(C24=9,"",IF(C24=0,E24,IF(C24=1,IF(COUNT(E20:E28)=0,"",TRIMMEAN(E20:E28,0.5)),IF(D24="","",D24)))) -> 42.9589
A25: 46277.104 | B25: 42.5914 | C25: 0 | E25: =IF(OR(C25=9,B25=""),"",B25-$C$3) -> 42.8314 | F25: =IF(C25=9,"",IF(C25=0,E25,IF(C25=1,IF(COUNT(E21:E29)=0,"",TRIMMEAN(E21:E29,0.5)),IF(D25="","",D25)))) -> 42.8314
A26: 46277.115 | B26: 42.7363 | C26: 0 | E26: =IF(OR(C26=9,B26=""),"",B26-$C$3) -> 42.9763 | F26: =IF(C26=9,"",IF(C26=0,E26,IF(C26=1,IF(COUNT(E22:E30)=0,"",TRIMMEAN(E22:E30,0.5)),IF(D26="","",D26)))) -> 42.9763
... A398: 46280.99 | B398: 42.8998 | C398: 0 | E398: =IF(OR(C398=9,B398=""),"",B398-$C$3) -> 43.1398 | F398: =IF(C398=9,"",IF(C398=0,E398,IF(C398=1,IF(COUNT(E394:E402)=0,"",TRIMMEAN(E394:E402,0.5)),IF(D398="","",D398)))) -> 43.1398
A399: 46281 | B399: 42.7665 | C399: 0 | E399: =IF(OR(C399=9,B399=""),"",B399-$C$3) -> 43.0065 | F399: =IF(C399=9,"",IF(C399=0,E399,IF(C399=1,IF(COUNT(E395:E403)=0,"",TRIMMEAN(E395:E403,0.5)),IF(D399="","",D399)))) -> 43.0065 | G399: fuera de la ventana: solo para la media móvil del borde
A400: 46281.01 | B400: 42.4707 | C400: 0 | E400: =IF(OR(C400=9,B400=""),"",B400-$C$3) -> 42.7107 | F400: =IF(C400=9,"",IF(C400=0,E400,IF(C400=1,IF(COUNT(E396:E404)=0,"",TRIMMEAN(E396:E404,0.5)),IF(D400="","",D400)))) -> 42.7107 | G400: fuera de la ventana: solo para la media móvil del borde
A401: 46281.021 | B401: 42.8197 | C401: 0 | E401: =IF(OR(C401=9,B401=""),"",B401-$C$3) -> 43.0597 | F401: =IF(C401=9,"",IF(C401=0,E401,IF(C401=1,IF(COUNT(E397:E405)=0,"",TRIMMEAN(E397:E405,0.5)),IF(D401="","",D401)))) -> 43.0597 | G401: fuera de la ventana: solo para la media móvil del borde
A402: 46281.031 | B402: 42.2229 | C402: 0 | E402: =IF(OR(C402=9,B402=""),"",B402-$C$3) -> 42.4629 | F402: =IF(C402=9,"",IF(C402=0,E402,IF(C402=1,IF(COUNT(E398:E406)=0,"",TRIMMEAN(E398:E406,0.5)),IF(D402="","",D402)))) -> 42.4629 | G402: fuera de la ventana: solo para la media móvil del borde
A403: 46281.042 | B403: 42.4877 | C403: 0 | E403: =IF(OR(C403=9,B403=""),"",B403-$C$3) -> 42.7277 | F403: =IF(C403=9,"",IF(C403=0,E403,IF(C403=1,IF(COUNT(E399:E406)=0,"",TRIMMEAN(E399:E406,0.5)),IF(D403="","",D403)))) -> 42.7277 | G403: fuera de la ventana: solo para la media móvil del borde
A404: 46281.052 | B404: 42.3192 | C404: 0 | E404: =IF(OR(C404=9,B404=""),"",B404-$C$3) -> 42.5592 | F404: =IF(C404=9,"",IF(C404=0,E404,IF(C404=1,IF(COUNT(E400:E406)=0,"",TRIMMEAN(E400:E406,0.5)),IF(D404="","",D404)))) -> 42.5592 | G404: fuera de la ventana: solo para la media móvil del borde
A405: 46281.062 | B405: 41.773 | C405: 0 | E405: =IF(OR(C405=9,B405=""),"",B405-$C$3) -> 42.013 | F405: =IF(C405=9,"",IF(C405=0,E405,IF(C405=1,IF(COUNT(E401:E406)=0,"",TRIMMEAN(E401:E406,0.5)),IF(D405="","",D405)))) -> 42.013 | G405: fuera de la ventana: solo para la media móvil del borde
A406: 46281.073 | B406: 41.6951 | C406: 0 | E406: =IF(OR(C406=9,B406=""),"",B406-$C$3) -> 41.9351 | F406: =IF(C406=9,"",IF(C406=0,E406,IF(C406=1,IF(COUNT(E402:E406)=0,"",TRIMMEAN(E402:E406,0.5)),IF(D406="","",D406)))) -> 41.9351 | G406: fuera de la ventana: solo para la media móvil del borde

Sheet P7
A1: P7 · Presión (m) · VN3751475
A2: Válido
A3: Offset | C3: 0.03
A4: Ventana (lecturas a cada lado) | C4: 4
A6: Fecha y hora | B6: Dato inicial (m) | C6: Marca | D6: Reemplazo | E6: Corregido (m) | F6: Dato depurado (m) | G6: Motivo
A7: 46276.917 | B7: 86.345 | C7: 0 | E7: =IF(OR(C7=9,B7=""),"",B7-$C$3) -> 86.315 | F7: =IF(C7=9,"",IF(C7=0,E7,IF(C7=1,IF(COUNT(E7:E11)=0,"",TRIMMEAN(E7:E11,0.5)),IF(D7="","",D7)))) -> 86.315 | G7: fuera de la ventana: solo para la media móvil del borde
A8: 46276.927 | B8: 86.4078 | C8: 0 | E8: =IF(OR(C8=9,B8=""),"",B8-$C$3) -> 86.3778 | F8: =IF(C8=9,"",IF(C8=0,E8,IF(C8=1,IF(COUNT(E7:E12)=0,"",TRIMMEAN(E7:E12,0.5)),IF(D8="","",D8)))) -> 86.3778 | G8: fuera de la ventana: solo para la media móvil del borde
A9: 46276.938 | B9: 86.5506 | C9: 0 | E9: =IF(OR(C9=9,B9=""),"",B9-$C$3) -> 86.5206 | F9: =IF(C9=9,"",IF(C9=0,E9,IF(C9=1,IF(COUNT(E7:E13)=0,"",TRIMMEAN(E7:E13,0.5)),IF(D9="","",D9)))) -> 86.5206 | G9: fuera de la ventana: solo para la media móvil del borde
A10: 46276.948 | B10: 86.2271 | C10: 0 | E10: =IF(OR(C10=9,B10=""),"",B10-$C$3) -> 86.1971 | F10: =IF(C10=9,"",IF(C10=0,E10,IF(C10=1,IF(COUNT(E7:E14)=0,"",TRIMMEAN(E7:E14,0.5)),IF(D10="","",D10)))) -> 86.1971 | G10: fuera de la ventana: solo para la media móvil del borde
A11: 46276.958 | B11: 86.2239 | C11: 0 | E11: =IF(OR(C11=9,B11=""),"",B11-$C$3) -> 86.1939 | F11: =IF(C11=9,"",IF(C11=0,E11,IF(C11=1,IF(COUNT(E7:E15)=0,"",TRIMMEAN(E7:E15,0.5)),IF(D11="","",D11)))) -> 86.1939 | G11: fuera de la ventana: solo para la media móvil del borde
A12: 46276.969 | B12: 86.3332 | C12: 0 | E12: =IF(OR(C12=9,B12=""),"",B12-$C$3) -> 86.3032 | F12: =IF(C12=9,"",IF(C12=0,E12,IF(C12=1,IF(COUNT(E8:E16)=0,"",TRIMMEAN(E8:E16,0.5)),IF(D12="","",D12)))) -> 86.3032 | G12: fuera de la ventana: solo para la media móvil del borde
A13: 46276.979 | B13: 86.8394 | C13: 0 | E13: =IF(OR(C13=9,B13=""),"",B13-$C$3) -> 86.8094 | F13: =IF(C13=9,"",IF(C13=0,E13,IF(C13=1,IF(COUNT(E9:E17)=0,"",TRIMMEAN(E9:E17,0.5)),IF(D13="","",D13)))) -> 86.8094 | G13: fuera de la ventana: solo para la media móvil del borde
A14: 46276.99 | B14: 86.5322 | C14: 0 | E14: =IF(OR(C14=9,B14=""),"",B14-$C$3) -> 86.5022 | F14: =IF(C14=9,"",IF(C14=0,E14,IF(C14=1,IF(COUNT(E10:E18)=0,"",TRIMMEAN(E10:E18,0.5)),IF(D14="","",D14)))) -> 86.5022 | G14: fuera de la ventana: solo para la media móvil del borde
A15: 46277 | B15: 87.3097 | C15: 0 | E15: =IF(OR(C15=9,B15=""),"",B15-$C$3) -> 87.2797 | F15: =IF(C15=9,"",IF(C15=0,E15,IF(C15=1,IF(COUNT(E11:E19)=0,"",TRIMMEAN(E11:E19,0.5)),IF(D15="","",D15)))) -> 87.2797
A16: 46277.01 | B16: 87.0694 | C16: 0 | E16: =IF(OR(C16=9,B16=""),"",B16-$C$3) -> 87.0394 | F16: =IF(C16=9,"",IF(C16=0,E16,IF(C16=1,IF(COUNT(E12:E20)=0,"",TRIMMEAN(E12:E20,0.5)),IF(D16="","",D16)))) -> 87.0394
A17: 46277.021 | B17: 87.1848 | C17: 0 | E17: =IF(OR(C17=9,B17=""),"",B17-$C$3) -> 87.1548 | F17: =IF(C17=9,"",IF(C17=0,E17,IF(C17=1,IF(COUNT(E13:E21)=0,"",TRIMMEAN(E13:E21,0.5)),IF(D17="","",D17)))) -> 87.1548
A18: 46277.031 | B18: 86.8222 | C18: 0 | E18: =IF(OR(C18=9,B18=""),"",B18-$C$3) -> 86.7922 | F18: =IF(C18=9,"",IF(C18=0,E18,IF(C18=1,IF(COUNT(E14:E22)=0,"",TRIMMEAN(E14:E22,0.5)),IF(D18="","",D18)))) -> 86.7922
A19: 46277.042 | B19: 86.1496 | C19: 0 | E19: =IF(OR(C19=9,B19=""),"",B19-$C$3) -> 86.1196 | F19: =IF(C19=9,"",IF(C19=0,E19,IF(C19=1,IF(COUNT(E15:E23)=0,"",TRIMMEAN(E15:E23,0.5)),IF(D19="","",D19)))) -> 86.1196
A20: 46277.052 | B20: 86.7117 | C20: 0 | E20: =IF(OR(C20=9,B20=""),"",B20-$C$3) -> 86.6817 | F20: =IF(C20=9,"",IF(C20=0,E20,IF(C20=1,IF(COUNT(E16:E24)=0,"",TRIMMEAN(E16:E24,0.5)),IF(D20="","",D20)))) -> 86.6817
A21: 46277.062 | B21: 86.9209 | C21: 0 | E21: =IF(OR(C21=9,B21=""),"",B21-$C$3) -> 86.8909 | F21: =IF(C21=9,"",IF(C21=0,E21,IF(C21=1,IF(COUNT(E17:E25)=0,"",TRIMMEAN(E17:E25,0.5)),IF(D21="","",D21)))) -> 86.8909
A22: 46277.073 | B22: 86.9087 | C22: 0 | E22: =IF(OR(C22=9,B22=""),"",B22-$C$3) -> 86.8787 | F22: =IF(C22=9,"",IF(C22=0,E22,IF(C22=1,IF(COUNT(E18:E26)=0,"",TRIMMEAN(E18:E26,0.5)),IF(D22="","",D22)))) -> 86.8787
A23: 46277.083 | B23: 86.8577 | C23: 0 | E23: =IF(OR(C23=9,B23=""),"",B23-$C$3) -> 86.8277 | F23: =IF(C23=9,"",IF(C23=0,E23,IF(C23=1,IF(COUNT(E19:E27)=0,"",TRIMMEAN(E19:E27,0.5)),IF(D23="","",D23)))) -> 86.8277
A24: 46277.094 | B24: 86.8606 | C24: 0 | E24: =IF(OR(C24=9,B24=""),"",B24-$C$3) -> 86.8306 | F24: =IF(C24=9,"",IF(C24=0,E24,IF(C24=1,IF(COUNT(E20:E28)=0,"",TRIMMEAN(E20:E28,0.5)),IF(D24="","",D24)))) -> 86.8306
A25: 46277.104 | B25: 87.0413 | C25: 0 | E25: =IF(OR(C25=9,B25=""),"",B25-$C$3) -> 87.0113 | F25: =IF(C25=9,"",IF(C25=0,E25,IF(C25=1,IF(COUNT(E21:E29)=0,"",TRIMMEAN(E21:E29,0.5)),IF(D25="","",D25)))) -> 87.0113
A26: 46277.115 | B26: 87.1082 | C26: 0 | E26: =IF(OR(C26=9,B26=""),"",B26-$C$3) -> 87.0782 | F26: =IF(C26=9,"",IF(C26=0,E26,IF(C26=1,IF(COUNT(E22:E30)=0,"",TRIMMEAN(E22:E30,0.5)),IF(D26="","",D26)))) -> 87.0782
... A398: 46280.99 | B398: 86.8932 | C398: 0 | E398: =IF(OR(C398=9,B398=""),"",B398-$C$3) -> 86.8632 | F398: =IF(C398=9,"",IF(C398=0,E398,IF(C398=1,IF(COUNT(E394:E402)=0,"",TRIMMEAN(E394:E402,0.5)),IF(D398="","",D398)))) -> 86.8632
A399: 46281 | B399: 86.4188 | C399: 0 | E399: =IF(OR(C399=9,B399=""),"",B399-$C$3) -> 86.3888 | F399: =IF(C399=9,"",IF(C399=0,E399,IF(C399=1,IF(COUNT(E395:E403)=0,"",TRIMMEAN(E395:E403,0.5)),IF(D399="","",D399)))) -> 86.3888 | G399: fuera de la ventana: solo para la media móvil del borde
A400: 46281.01 | B400: 86.3177 | C400: 0 | E400: =IF(OR(C400=9,B400=""),"",B400-$C$3) -> 86.2877 | F400: =IF(C400=9,"",IF(C400=0,E400,IF(C400=1,IF(COUNT(E396:E404)=0,"",TRIMMEAN(E396:E404,0.5)),IF(D400="","",D400)))) -> 86.2877 | G400: fuera de la ventana: solo para la media móvil del borde
A401: 46281.021 | B401: 86.7504 | C401: 0 | E401: =IF(OR(C401=9,B401=""),"",B401-$C$3) -> 86.7204 | F401: =IF(C401=9,"",IF(C401=0,E401,IF(C401=1,IF(COUNT(E397:E405)=0,"",TRIMMEAN(E397:E405,0.5)),IF(D401="","",D401)))) -> 86.7204 | G401: fuera de la ventana: solo para la media móvil del borde
A402: 46281.031 | B402: 86.8528 | C402: 0 | E402: =IF(OR(C402=9,B402=""),"",B402-$C$3) -> 86.8228 | F402: =IF(C402=9,"",IF(C402=0,E402,IF(C402=1,IF(COUNT(E398:E406)=0,"",TRIMMEAN(E398:E406,0.5)),IF(D402="","",D402)))) -> 86.8228 | G402: fuera de la ventana: solo para la media móvil del borde
A403: 46281.042 | B403: 86.3197 | C403: 0 | E403: =IF(OR(C403=9,B403=""),"",B403-$C$3) -> 86.2897 | F403: =IF(C403=9,"",IF(C403=0,E403,IF(C403=1,IF(COUNT(E399:E406)=0,"",TRIMMEAN(E399:E406,0.5)),IF(D403="","",D403)))) -> 86.2897 | G403: fuera de la ventana: solo para la media móvil del borde
A404: 46281.052 | B404: 87.2452 | C404: 0 | E404: =IF(OR(C404=9,B404=""),"",B404-$C$3) -> 87.2152 | F404: =IF(C404=9,"",IF(C404=0,E404,IF(C404=1,IF(COUNT(E400:E406)=0,"",TRIMMEAN(E400:E406,0.5)),IF(D404="","",D404)))) -> 87.2152 | G404: fuera de la ventana: solo para la media móvil del borde
A405: 46281.062 | B405: 87.0792 | C405: 0 | E405: =IF(OR(C405=9,B405=""),"",B405-$C$3) -> 87.0492 | F405: =IF(C405=9,"",IF(C405=0,E405,IF(C405=1,IF(COUNT(E401:E406)=0,"",TRIMMEAN(E401:E406,0.5)),IF(D405="","",D405)))) -> 87.0492 | G405: fuera de la ventana: solo para la media móvil del borde
A406: 46281.073 | B406: 86.6689 | C406: 0 | E406: =IF(OR(C406=9,B406=""),"",B406-$C$3) -> 86.6389 | F406: =IF(C406=9,"",IF(C406=0,E406,IF(C406=1,IF(COUNT(E402:E406)=0,"",TRIMMEAN(E402:E406,0.5)),IF(D406="","",D406)))) -> 86.6389 | G406: fuera de la ventana: solo para la media móvil del borde

Sheet P8
A1: P8 · Presión (m) · VN3950311
A2: Válido (suavizado)
A3: Offset | C3: -0.28
A4: Ventana (lecturas a cada lado) | C4: 4
A6: Fecha y hora | B6: Dato inicial (m) | C6: Marca | D6: Reemplazo | E6: Corregido (m) | F6: Dato depurado (m) | G6: Motivo
A7: 46276.917 | B7: 63.8651 | C7: 0 | E7: =IF(OR(C7=9,B7=""),"",B7-$C$3) -> 64.1451 | F7: =IF(C7=9,"",IF(C7=0,E7,IF(C7=1,IF(COUNT(E7:E11)=0,"",TRIMMEAN(E7:E11,0.5)),IF(D7="","",D7)))) -> 64.1451 | G7: fuera de la ventana: solo para la media móvil del borde
A8: 46276.927 | B8: 63.8717 | C8: 0 | E8: =IF(OR(C8=9,B8=""),"",B8-$C$3) -> 64.1517 | F8: =IF(C8=9,"",IF(C8=0,E8,IF(C8=1,IF(COUNT(E7:E12)=0,"",TRIMMEAN(E7:E12,0.5)),IF(D8="","",D8)))) -> 64.1517 | G8: fuera de la ventana: solo para la media móvil del borde
A9: 46276.938 | B9: 64.356 | C9: 0 | E9: =IF(OR(C9=9,B9=""),"",B9-$C$3) -> 64.636 | F9: =IF(C9=9,"",IF(C9=0,E9,IF(C9=1,IF(COUNT(E7:E13)=0,"",TRIMMEAN(E7:E13,0.5)),IF(D9="","",D9)))) -> 64.636 | G9: fuera de la ventana: solo para la media móvil del borde
A10: 46276.948 | B10: 63.7072 | C10: 0 | E10: =IF(OR(C10=9,B10=""),"",B10-$C$3) -> 63.9872 | F10: =IF(C10=9,"",IF(C10=0,E10,IF(C10=1,IF(COUNT(E7:E14)=0,"",TRIMMEAN(E7:E14,0.5)),IF(D10="","",D10)))) -> 63.9872 | G10: fuera de la ventana: solo para la media móvil del borde
A11: 46276.958 | B11: 63.5211 | C11: 0 | E11: =IF(OR(C11=9,B11=""),"",B11-$C$3) -> 63.8011 | F11: =IF(C11=9,"",IF(C11=0,E11,IF(C11=1,IF(COUNT(E7:E15)=0,"",TRIMMEAN(E7:E15,0.5)),IF(D11="","",D11)))) -> 63.8011 | G11: fuera de la ventana: solo para la media móvil del borde
A12: 46276.969 | B12: 76.3326 | C12: 2 | D12: 62.0315 | E12: =IF(OR(C12=9,B12=""),"",B12-$C$3) -> 76.6126 | F12: =IF(C12=9,"",IF(C12=0,E12,IF(C12=1,IF(COUNT(E8:E16)=0,"",TRIMMEAN(E8:E16,0.5)),IF(D12="","",D12)))) -> 62.0315 | G12: fuera de la ventana: solo para la media móvil del borde
A13: 46276.979 | B13: 59.9818 | C13: 0 | E13: =IF(OR(C13=9,B13=""),"",B13-$C$3) -> 60.2618 | F13: =IF(C13=9,"",IF(C13=0,E13,IF(C13=1,IF(COUNT(E9:E17)=0,"",TRIMMEAN(E9:E17,0.5)),IF(D13="","",D13)))) -> 60.2618 | G13: fuera de la ventana: solo para la media móvil del borde
A14: 46276.99 | B14: 43.0811 | C14: 2 | D14: 60.0301 | E14: =IF(OR(C14=9,B14=""),"",B14-$C$3) -> 43.3611 | F14: =IF(C14=9,"",IF(C14=0,E14,IF(C14=1,IF(COUNT(E10:E18)=0,"",TRIMMEAN(E10:E18,0.5)),IF(D14="","",D14)))) -> 60.0301 | G14: fuera de la ventana: solo para la media móvil del borde
A15: 46277 | B15: 66.0153 | C15: 1 | E15: =IF(OR(C15=9,B15=""),"",B15-$C$3) -> 66.2953 | F15: =IF(C15=9,"",IF(C15=0,E15,IF(C15=1,IF(COUNT(E11:E19)=0,"",TRIMMEAN(E11:E19,0.5)),IF(D15="","",D15)))) -> 59.79838 | G15: oscilación más rápida que el registro → media recortada de 2 h
A16: 46277.01 | B16: 43.2735 | C16: 1 | E16: =IF(OR(C16=9,B16=""),"",B16-$C$3) -> 43.5535 | F16: =IF(C16=9,"",IF(C16=0,E16,IF(C16=1,IF(COUNT(E12:E20)=0,"",TRIMMEAN(E12:E20,0.5)),IF(D16="","",D16)))) -> 60.03808 | G16: oscilación más rápida que el registro → media recortada de 2 h
A17: 46277.021 | B17: 43.5741 | C17: 1 | E17: =IF(OR(C17=9,B17=""),"",B17-$C$3) -> 43.8541 | F17: =IF(C17=9,"",IF(C17=0,E17,IF(C17=1,IF(COUNT(E13:E21)=0,"",TRIMMEAN(E13:E21,0.5)),IF(D17="","",D17)))) -> 60.03808 | G17: oscilación más rápida que el registro → media recortada de 2 h
A18: 46277.031 | B18: 84.167 | C18: 1 | E18: =IF(OR(C18=9,B18=""),"",B18-$C$3) -> 84.447 | F18: =IF(C18=9,"",IF(C18=0,E18,IF(C18=1,IF(COUNT(E14:E22)=0,"",TRIMMEAN(E14:E22,0.5)),IF(D18="","",D18)))) -> 61.1626 | G18: oscilación más rápida que el registro → media recortada de 2 h
A19: 46277.042 | B19: 64.4996 | C19: 1 | E19: =IF(OR(C19=9,B19=""),"",B19-$C$3) -> 64.7796 | F19: =IF(C19=9,"",IF(C19=0,E19,IF(C19=1,IF(COUNT(E15:E23)=0,"",TRIMMEAN(E15:E23,0.5)),IF(D19="","",D19)))) -> 63.57198 | G19: oscilación más rápida que el registro → media recortada de 2 h
A20: 46277.052 | B20: 64.7196 | C20: 1 | E20: =IF(OR(C20=9,B20=""),"",B20-$C$3) -> 64.9996 | F20: =IF(C20=9,"",IF(C20=0,E20,IF(C20=1,IF(COUNT(E16:E24)=0,"",TRIMMEAN(E16:E24,0.5)),IF(D20="","",D20)))) -> 63.6949 | G20: oscilación más rápida que el registro → media recortada de 2 h
A21: 46277.062 | B21: 68.307 | C21: 1 | E21: =IF(OR(C21=9,B21=""),"",B21-$C$3) -> 68.587 | F21: =IF(C21=9,"",IF(C21=0,E21,IF(C21=1,IF(COUNT(E17:E25)=0,"",TRIMMEAN(E17:E25,0.5)),IF(D21="","",D21)))) -> 66.2321 | G21: oscilación más rápida que el registro → media recortada de 2 h
A22: 46277.073 | B22: 65.6044 | C22: 1 | E22: =IF(OR(C22=9,B22=""),"",B22-$C$3) -> 65.8844 | F22: =IF(C22=9,"",IF(C22=0,E22,IF(C22=1,IF(COUNT(E18:E26)=0,"",TRIMMEAN(E18:E26,0.5)),IF(D22="","",D22)))) -> 66.2321 | G22: oscilación más rápida que el registro → media recortada de 2 h
A23: 46277.083 | B23: 55.621 | C23: 1 | E23: =IF(OR(C23=9,B23=""),"",B23-$C$3) -> 55.901 | F23: =IF(C23=9,"",IF(C23=0,E23,IF(C23=1,IF(COUNT(E19:E27)=0,"",TRIMMEAN(E19:E27,0.5)),IF(D23="","",D23)))) -> 65.50334 | G23: oscilación más rápida que el registro → media recortada de 2 h
A24: 46277.094 | B24: 66.6299 | C24: 1 | E24: =IF(OR(C24=9,B24=""),"",B24-$C$3) -> 66.9099 | F24: =IF(C24=9,"",IF(C24=0,E24,IF(C24=1,IF(COUNT(E20:E28)=0,"",TRIMMEAN(E20:E28,0.5)),IF(D24="","",D24)))) -> 65.73116 | G24: oscilación más rápida que el registro → media recortada de 2 h
A25: 46277.104 | B25: 69.3805 | C25: 1 | E25: =IF(OR(C25=9,B25=""),"",B25-$C$3) -> 69.6605 | F25: =IF(C25=9,"",IF(C25=0,E25,IF(C25=1,IF(COUNT(E21:E29)=0,"",TRIMMEAN(E21:E29,0.5)),IF(D25="","",D25)))) -> 66.1869 | G25: oscilación más rápida que el registro → media recortada de 2 h
A26: 46277.115 | B26: 42.425 | C26: 1 | E26: =IF(OR(C26=9,B26=""),"",B26-$C$3) -> 42.705 | F26: =IF(C26=9,"",IF(C26=0,E26,IF(C26=1,IF(COUNT(E22:E30)=0,"",TRIMMEAN(E22:E30,0.5)),IF(D26="","",D26)))) -> 64.72822 | G26: oscilación más rápida que el registro → media recortada de 2 h
... A402: 46281.031 | B402: 76.4105 | C402: 1 | E402: =IF(OR(C402=9,B402=""),"",B402-$C$3) -> 76.6905 | F402: =IF(C402=9,"",IF(C402=0,E402,IF(C402=1,IF(COUNT(E398:E406)=0,"",TRIMMEAN(E398:E406,0.5)),IF(D402="","",D402)))) -> 69.61484 | G402: fuera de la ventana: solo para la media móvil del borde
A403: 46281.042 | B403: 73.6219 | C403: 1 | E403: =IF(OR(C403=9,B403=""),"",B403-$C$3) -> 73.9019 | F403: =IF(C403=9,"",IF(C403=0,E403,IF(C403=1,IF(COUNT(E399:E406)=0,"",TRIMMEAN(E399:E406,0.5)),IF(D403="","",D403)))) -> 69.865 | G403: fuera de la ventana: solo para la media móvil del borde
A404: 46281.052 | B404: 75.0334 | C404: 1 | E404: =IF(OR(C404=9,B404=""),"",B404-$C$3) -> 75.3134 | F404: =IF(C404=9,"",IF(C404=0,E404,IF(C404=1,IF(COUNT(E400:E406)=0,"",TRIMMEAN(E400:E406,0.5)),IF(D404="","",D404)))) -> 71.2301 | G404: fuera de la ventana: solo para la media móvil del borde
A405: 46281.062 | B405: 78.001 | C405: 1 | E405: =IF(OR(C405=9,B405=""),"",B405-$C$3) -> 78.281 | F405: =IF(C405=9,"",IF(C405=0,E405,IF(C405=1,IF(COUNT(E401:E406)=0,"",TRIMMEAN(E401:E406,0.5)),IF(D405="","",D405)))) -> 72.665325 | G405: fuera de la ventana: solo para la media móvil del borde
A406: 46281.073 | B406: 60.7334 | C406: 1 | E406: =IF(OR(C406=9,B406=""),"",B406-$C$3) -> 61.0134 | F406: =IF(C406=9,"",IF(C406=0,E406,IF(C406=1,IF(COUNT(E402:E406)=0,"",TRIMMEAN(E402:E406,0.5)),IF(D406="","",D406)))) -> 75.301933 | G406: fuera de la ventana: solo para la media móvil del borde

Sheet P9
A1: P9 · Presión (m) · VN3948722
A2: Válido
A3: Offset | C3: -1.3
A4: Ventana (lecturas a cada lado) | C4: 4
A6: Fecha y hora | B6: Dato inicial (m) | C6: Marca | D6: Reemplazo | E6: Corregido (m) | F6: Dato depurado (m) | G6: Motivo
A7: 46276.917 | B7: 105.3429 | C7: 0 | E7: =IF(OR(C7=9,B7=""),"",B7-$C$3) -> 106.6429 | F7: =IF(C7=9,"",IF(C7=0,E7,IF(C7=1,IF(COUNT(E7:E11)=0,"",TRIMMEAN(E7:E11,0.5)),IF(D7="","",D7)))) -> 106.6429 | G7: fuera de la ventana: solo para la media móvil del borde
A8: 46276.927 | B8: 106.1851 | C8: 0 | E8: =IF(OR(C8=9,B8=""),"",B8-$C$3) -> 107.4851 | F8: =IF(C8=9,"",IF(C8=0,E8,IF(C8=1,IF(COUNT(E7:E12)=0,"",TRIMMEAN(E7:E12,0.5)),IF(D8="","",D8)))) -> 107.4851 | G8: fuera de la ventana: solo para la media móvil del borde
A9: 46276.938 | B9: 108.9469 | C9: 0 | E9: =IF(OR(C9=9,B9=""),"",B9-$C$3) -> 110.2469 | F9: =IF(C9=9,"",IF(C9=0,E9,IF(C9=1,IF(COUNT(E7:E13)=0,"",TRIMMEAN(E7:E13,0.5)),IF(D9="","",D9)))) -> 110.2469 | G9: fuera de la ventana: solo para la media móvil del borde
A10: 46276.948 | B10: 107.5499 | C10: 0 | E10: =IF(OR(C10=9,B10=""),"",B10-$C$3) -> 108.8499 | F10: =IF(C10=9,"",IF(C10=0,E10,IF(C10=1,IF(COUNT(E7:E14)=0,"",TRIMMEAN(E7:E14,0.5)),IF(D10="","",D10)))) -> 108.8499 | G10: fuera de la ventana: solo para la media móvil del borde
A11: 46276.958 | B11: 98.3625 | C11: 0 | E11: =IF(OR(C11=9,B11=""),"",B11-$C$3) -> 99.6625 | F11: =IF(C11=9,"",IF(C11=0,E11,IF(C11=1,IF(COUNT(E7:E15)=0,"",TRIMMEAN(E7:E15,0.5)),IF(D11="","",D11)))) -> 99.6625 | G11: fuera de la ventana: solo para la media móvil del borde
A12: 46276.969 | B12: 75.8107 | C12: 0 | E12: =IF(OR(C12=9,B12=""),"",B12-$C$3) -> 77.1107 | F12: =IF(C12=9,"",IF(C12=0,E12,IF(C12=1,IF(COUNT(E8:E16)=0,"",TRIMMEAN(E8:E16,0.5)),IF(D12="","",D12)))) -> 77.1107 | G12: fuera de la ventana: solo para la media móvil del borde
A13: 46276.979 | B13: 66.1659 | C13: 0 | E13: =IF(OR(C13=9,B13=""),"",B13-$C$3) -> 67.4659 | F13: =IF(C13=9,"",IF(C13=0,E13,IF(C13=1,IF(COUNT(E9:E17)=0,"",TRIMMEAN(E9:E17,0.5)),IF(D13="","",D13)))) -> 67.4659 | G13: fuera de la ventana: solo para la media móvil del borde
A14: 46276.99 | B14: 63.3039 | C14: 0 | E14: =IF(OR(C14=9,B14=""),"",B14-$C$3) -> 64.6039 | F14: =IF(C14=9,"",IF(C14=0,E14,IF(C14=1,IF(COUNT(E10:E18)=0,"",TRIMMEAN(E10:E18,0.5)),IF(D14="","",D14)))) -> 64.6039 | G14: fuera de la ventana: solo para la media móvil del borde
A15: 46277 | B15: 63.3736 | C15: 0 | E15: =IF(OR(C15=9,B15=""),"",B15-$C$3) -> 64.6736 | F15: =IF(C15=9,"",IF(C15=0,E15,IF(C15=1,IF(COUNT(E11:E19)=0,"",TRIMMEAN(E11:E19,0.5)),IF(D15="","",D15)))) -> 64.6736
A16: 46277.01 | B16: 66.2329 | C16: 0 | E16: =IF(OR(C16=9,B16=""),"",B16-$C$3) -> 67.5329 | F16: =IF(C16=9,"",IF(C16=0,E16,IF(C16=1,IF(COUNT(E12:E20)=0,"",TRIMMEAN(E12:E20,0.5)),IF(D16="","",D16)))) -> 67.5329
A17: 46277.021 | B17: 71.0181 | C17: 0 | E17: =IF(OR(C17=9,B17=""),"",B17-$C$3) -> 72.3181 | F17: =IF(C17=9,"",IF(C17=0,E17,IF(C17=1,IF(COUNT(E13:E21)=0,"",TRIMMEAN(E13:E21,0.5)),IF(D17="","",D17)))) -> 72.3181
A18: 46277.031 | B18: 65.6441 | C18: 0 | E18: =IF(OR(C18=9,B18=""),"",B18-$C$3) -> 66.9441 | F18: =IF(C18=9,"",IF(C18=0,E18,IF(C18=1,IF(COUNT(E14:E22)=0,"",TRIMMEAN(E14:E22,0.5)),IF(D18="","",D18)))) -> 66.9441
A19: 46277.042 | B19: 67.6435 | C19: 0 | E19: =IF(OR(C19=9,B19=""),"",B19-$C$3) -> 68.9435 | F19: =IF(C19=9,"",IF(C19=0,E19,IF(C19=1,IF(COUNT(E15:E23)=0,"",TRIMMEAN(E15:E23,0.5)),IF(D19="","",D19)))) -> 68.9435
A20: 46277.052 | B20: 71.3478 | C20: 0 | E20: =IF(OR(C20=9,B20=""),"",B20-$C$3) -> 72.6478 | F20: =IF(C20=9,"",IF(C20=0,E20,IF(C20=1,IF(COUNT(E16:E24)=0,"",TRIMMEAN(E16:E24,0.5)),IF(D20="","",D20)))) -> 72.6478
A21: 46277.062 | B21: 66.1707 | C21: 0 | E21: =IF(OR(C21=9,B21=""),"",B21-$C$3) -> 67.4707 | F21: =IF(C21=9,"",IF(C21=0,E21,IF(C21=1,IF(COUNT(E17:E25)=0,"",TRIMMEAN(E17:E25,0.5)),IF(D21="","",D21)))) -> 67.4707
A22: 46277.073 | B22: 70.9005 | C22: 0 | E22: =IF(OR(C22=9,B22=""),"",B22-$C$3) -> 72.2005 | F22: =IF(C22=9,"",IF(C22=0,E22,IF(C22=1,IF(COUNT(E18:E26)=0,"",TRIMMEAN(E18:E26,0.5)),IF(D22="","",D22)))) -> 72.2005
A23: 46277.083 | B23: 71.7169 | C23: 0 | E23: =IF(OR(C23=9,B23=""),"",B23-$C$3) -> 73.0169 | F23: =IF(C23=9,"",IF(C23=0,E23,IF(C23=1,IF(COUNT(E19:E27)=0,"",TRIMMEAN(E19:E27,0.5)),IF(D23="","",D23)))) -> 73.0169
A24: 46277.094 | B24: 66.7162 | C24: 0 | E24: =IF(OR(C24=9,B24=""),"",B24-$C$3) -> 68.0162 | F24: =IF(C24=9,"",IF(C24=0,E24,IF(C24=1,IF(COUNT(E20:E28)=0,"",TRIMMEAN(E20:E28,0.5)),IF(D24="","",D24)))) -> 68.0162
A25: 46277.104 | B25: 71.4008 | C25: 0 | E25: =IF(OR(C25=9,B25=""),"",B25-$C$3) -> 72.7008 | F25: =IF(C25=9,"",IF(C25=0,E25,IF(C25=1,IF(COUNT(E21:E29)=0,"",TRIMMEAN(E21:E29,0.5)),IF(D25="","",D25)))) -> 72.7008
A26: 46277.115 | B26: 73.2254 | C26: 0 | E26: =IF(OR(C26=9,B26=""),"",B26-$C$3) -> 74.5254 | F26: =IF(C26=9,"",IF(C26=0,E26,IF(C26=1,IF(COUNT(E22:E30)=0,"",TRIMMEAN(E22:E30,0.5)),IF(D26="","",D26)))) -> 74.5254
... A181: 46278.729 | B181: 71.5232 | C181: 0 | E181: =IF(OR(C181=9,B181=""),"",B181-$C$3) -> 72.8232 | F181: =IF(C181=9,"",IF(C181=0,E181,IF(C181=1,IF(COUNT(E177:E185)=0,"",TRIMMEAN(E177:E185,0.5)),IF(D181="","",D181)))) -> 72.8232
A182: 46278.74 | B182: 60.6618 | C182: 2 | D182: 72.4705 | E182: =IF(OR(C182=9,B182=""),"",B182-$C$3) -> 61.9618 | F182: =IF(C182=9,"",IF(C182=0,E182,IF(C182=1,IF(COUNT(E178:E186)=0,"",TRIMMEAN(E178:E186,0.5)),IF(D182="","",D182)))) -> 72.4705 | G182: pico aislado
A183: 46278.75 | B183: 61.5292 | C183: 2 | D183: 72.1177 | E183: =IF(OR(C183=9,B183=""),"",B183-$C$3) -> 62.8292 | F183: =IF(C183=9,"",IF(C183=0,E183,IF(C183=1,IF(COUNT(E179:E187)=0,"",TRIMMEAN(E179:E187,0.5)),IF(D183="","",D183)))) -> 72.1177 | G183: pico aislado
A184: 46278.76 | B184: 70.465 | C184: 0 | E184: =IF(OR(C184=9,B184=""),"",B184-$C$3) -> 71.765 | F184: =IF(C184=9,"",IF(C184=0,E184,IF(C184=1,IF(COUNT(E180:E188)=0,"",TRIMMEAN(E180:E188,0.5)),IF(D184="","",D184)))) -> 71.765
A185: 46278.771 | B185: 73.9127 | C185: 0 | E185: =IF(OR(C185=9,B185=""),"",B185-$C$3) -> 75.2127 | F185: =IF(C185=9,"",IF(C185=0,E185,IF(C185=1,IF(COUNT(E181:E189)=0,"",TRIMMEAN(E181:E189,0.5)),IF(D185="","",D185)))) -> 75.2127
A186: 46278.781 | B186: 73.4249 | C186: 0 | E186: =IF(OR(C186=9,B186=""),"",B186-$C$3) -> 74.7249 | F186: =IF(C186=9,"",IF(C186=0,E186,IF(C186=1,IF(COUNT(E182:E190)=0,"",TRIMMEAN(E182:E190,0.5)),IF(D186="","",D186)))) -> 74.7249
A187: 46278.792 | B187: 72.3621 | C187: 0 | E187: =IF(OR(C187=9,B187=""),"",B187-$C$3) -> 73.6621 | F187: =IF(C187=9,"",IF(C187=0,E187,IF(C187=1,IF(COUNT(E183:E191)=0,"",TRIMMEAN(E183:E191,0.5)),IF(D187="","",D187)))) -> 73.6621
A188: 46278.802 | B188: 69.6989 | C188: 0 | E188: =IF(OR(C188=9,B188=""),"",B188-$C$3) -> 70.9989 | F188: =IF(C188=9,"",IF(C188=0,E188,IF(C188=1,IF(COUNT(E184:E192)=0,"",TRIMMEAN(E184:E192,0.5)),IF(D188="","",D188)))) -> 70.9989
A189: 46278.812 | B189: 73.1931 | C189: 0 | E189: =IF(OR(C189=9,B189=""),"",B189-$C$3) -> 74.4931 | F189: =IF(C189=9,"",IF(C189=0,E189,IF(C189=1,IF(COUNT(E185:E193)=0,"",TRIMMEAN(E185:E193,0.5)),IF(D189="","",D189)))) -> 74.4931
A190: 46278.823 | B190: 65.4116 | C190: 0 | E190: =IF(OR(C190=9,B190=""),"",B190-$C$3) -> 66.7116 | F190: =IF(C190=9,"",IF(C190=0,E190,IF(C190=1,IF(COUNT(E186:E194)=0,"",TRIMMEAN(E186:E194,0.5)),IF(D190="","",D190)))) -> 66.7116
A191: 46278.833 | B191: 67.4518 | C191: 0 | E191: =IF(OR(C191=9,B191=""),"",B191-$C$3) -> 68.7518 | F191: =IF(C191=9,"",IF(C191=0,E191,IF(C191=1,IF(COUNT(E187:E195)=0,"",TRIMMEAN(E187:E195,0.5)),IF(D191="","",D191)))) -> 68.7518
A192: 46278.844 | B192: 66.9582 | C192: 0 | E192: =IF(OR(C192=9,B192=""),"",B192-$C$3) -> 68.2582 | F192: =IF(C192=9,"",IF(C192=0,E192,IF(C192=1,IF(COUNT(E188:E196)=0,"",TRIMMEAN(E188:E196,0.5)),IF(D192="","",D192)))) -> 68.2582
A193: 46278.854 | B193: 73.4698 | C193: 0 | E193: =IF(OR(C193=9,B193=""),"",B193-$C$3) -> 74.7698 | F193: =IF(C193=9,"",IF(C193=0,E193,IF(C193=1,IF(COUNT(E189:E197)=0,"",TRIMMEAN(E189:E197,0.5)),IF(D193="","",D193)))) -> 74.7698
A194: 46278.865 | B194: 68.8155 | C194: 0 | E194: =IF(OR(C194=9,B194=""),"",B194-$C$3) -> 70.1155 | F194: =IF(C194=9,"",IF(C194=0,E194,IF(C194=1,IF(COUNT(E190:E198)=0,"",TRIMMEAN(E190:E198,0.5)),IF(D194="","",D194)))) -> 70.1155
A195: 46278.875 | B195: 73.2295 | C195: 0 | E195: =IF(OR(C195=9,B195=""),"",B195-$C$3) -> 74.5295 | F195: =IF(C195=9,"",IF(C195=0,E195,IF(C195=1,IF(COUNT(E191:E199)=0,"",TRIMMEAN(E191:E199,0.5)),IF(D195="","",D195)))) -> 74.5295
... A289: 46279.854 | B289: 65.7954 | C289: 0 | E289: =IF(OR(C289=9,B289=""),"",B289-$C$3) -> 67.0954 | F289: =IF(C289=9,"",IF(C289=0,E289,IF(C289=1,IF(COUNT(E285:E293)=0,"",TRIMMEAN(E285:E293,0.5)),IF(D289="","",D289)))) -> 67.0954
A290: 46279.865 | B290: 73.3981 | C290: 2 | D290: 68.0759 | E290: =IF(OR(C290=9,B290=""),"",B290-$C$3) -> 74.6981 | F290: =IF(C290=9,"",IF(C290=0,E290,IF(C290=1,IF(COUNT(E286:E294)=0,"",TRIMMEAN(E286:E294,0.5)),IF(D290="","",D290)))) -> 68.0759 | G290: pico aislado
A291: 46279.875 | B291: 67.7563 | C291: 0 | E291: =IF(OR(C291=9,B291=""),"",B291-$C$3) -> 69.0563 | F291: =IF(C291=9,"",IF(C291=0,E291,IF(C291=1,IF(COUNT(E287:E295)=0,"",TRIMMEAN(E287:E295,0.5)),IF(D291="","",D291)))) -> 69.0563
A292: 46279.885 | B292: 64.5316 | C292: 0 | E292: =IF(OR(C292=9,B292=""),"",B292-$C$3) -> 65.8316 | F292: =IF(C292=9,"",IF(C292=0,E292,IF(C292=1,IF(COUNT(E288:E296)=0,"",TRIMMEAN(E288:E296,0.5)),IF(D292="","",D292)))) -> 65.8316
A293: 46279.896 | B293: 63.0823 | C293: 0 | E293: =IF(OR(C293=9,B293=""),"",B293-$C$3) -> 64.3823 | F293: =IF(C293=9,"",IF(C293=0,E293,IF(C293=1,IF(COUNT(E289:E297)=0,"",TRIMMEAN(E289:E297,0.5)),IF(D293="","",D293)))) -> 64.3823
A294: 46279.906 | B294: 63.7393 | C294: 0 | E294: =IF(OR(C294=9,B294=""),"",B294-$C$3) -> 65.0393 | F294: =IF(C294=9,"",IF(C294=0,E294,IF(C294=1,IF(COUNT(E290:E298)=0,"",TRIMMEAN(E290:E298,0.5)),IF(D294="","",D294)))) -> 65.0393
A295: 46279.917 | B295: 63.4232 | C295: 0 | E295: =IF(OR(C295=9,B295=""),"",B295-$C$3) -> 64.7232 | F295: =IF(C295=9,"",IF(C295=0,E295,IF(C295=1,IF(COUNT(E291:E299)=0,"",TRIMMEAN(E291:E299,0.5)),IF(D295="","",D295)))) -> 64.7232
A296: 46279.927 | B296: 69.4246 | C296: 0 | E296: =IF(OR(C296=9,B296=""),"",B296-$C$3) -> 70.7246 | F296: =IF(C296=9,"",IF(C296=0,E296,IF(C296=1,IF(COUNT(E292:E300)=0,"",TRIMMEAN(E292:E300,0.5)),IF(D296="","",D296)))) -> 70.7246
A297: 46279.938 | B297: 66.4698 | C297: 0 | E297: =IF(OR(C297=9,B297=""),"",B297-$C$3) -> 67.7698 | F297: =IF(C297=9,"",IF(C297=0,E297,IF(C297=1,IF(COUNT(E293:E301)=0,"",TRIMMEAN(E293:E301,0.5)),IF(D297="","",D297)))) -> 67.7698
A298: 46279.948 | B298: 69.6017 | C298: 0 | E298: =IF(OR(C298=9,B298=""),"",B298-$C$3) -> 70.9017 | F298: =IF(C298=9,"",IF(C298=0,E298,IF(C298=1,IF(COUNT(E294:E302)=0,"",TRIMMEAN(E294:E302,0.5)),IF(D298="","",D298)))) -> 70.9017
A299: 46279.958 | B299: 67.5242 | C299: 0 | E299: =IF(OR(C299=9,B299=""),"",B299-$C$3) -> 68.8242 | F299: =IF(C299=9,"",IF(C299=0,E299,IF(C299=1,IF(COUNT(E295:E303)=0,"",TRIMMEAN(E295:E303,0.5)),IF(D299="","",D299)))) -> 68.8242
A300: 46279.969 | B300: 71.1326 | C300: 0 | E300: =IF(OR(C300=9,B300=""),"",B300-$C$3) -> 72.4326 | F300: =IF(C300=9,"",IF(C300=0,E300,IF(C300=1,IF(COUNT(E296:E304)=0,"",TRIMMEAN(E296:E304,0.5)),IF(D300="","",D300)))) -> 72.4326
A301: 46279.979 | B301: 73.2645 | C301: 0 | E301: =IF(OR(C301=9,B301=""),"",B301-$C$3) -> 74.5645 | F301: =IF(C301=9,"",IF(C301=0,E301,IF(C301=1,IF(COUNT(E297:E305)=0,"",TRIMMEAN(E297:E305,0.5)),IF(D301="","",D301)))) -> 74.5645
A302: 46279.99 | B302: 67.8131 | C302: 0 | E302: =IF(OR(C302=9,B302=""),"",B302-$C$3) -> 69.1131 | F302: =IF(C302=9,"",IF(C302=0,E302,IF(C302=1,IF(COUNT(E298:E306)=0,"",TRIMMEAN(E298:E306,0.5)),IF(D302="","",D302)))) -> 69.1131
... A354: 46280.531 | B354: 71.8682 | C354: 0 | E354: =IF(OR(C354=9,B354=""),"",B354-$C$3) -> 73.1682 | F354: =IF(C354=9,"",IF(C354=0,E354,IF(C354=1,IF(COUNT(E350:E358)=0,"",TRIMMEAN(E350:E358,0.5)),IF(D354="","",D354)))) -> 73.1682
A355: 46280.542 | B355: 74.0242 | C355: 2 | D355: 72.624 | E355: =IF(OR(C355=9,B355=""),"",B355-$C$3) -> 75.3242 | F355: =IF(C355=9,"",IF(C355=0,E355,IF(C355=1,IF(COUNT(E351:E359)=0,"",TRIMMEAN(E351:E359,0.5)),IF(D355="","",D355)))) -> 72.624 | G355: pico aislado
A356: 46280.552 | B356: 70.7798 | C356: 0 | E356: =IF(OR(C356=9,B356=""),"",B356-$C$3) -> 72.0798 | F356: =IF(C356=9,"",IF(C356=0,E356,IF(C356=1,IF(COUNT(E352:E360)=0,"",TRIMMEAN(E352:E360,0.5)),IF(D356="","",D356)))) -> 72.0798
A357: 46280.562 | B357: 63.6298 | C357: 0 | E357: =IF(OR(C357=9,B357=""),"",B357-$C$3) -> 64.9298 | F357: =IF(C357=9,"",IF(C357=0,E357,IF(C357=1,IF(COUNT(E353:E361)=0,"",TRIMMEAN(E353:E361,0.5)),IF(D357="","",D357)))) -> 64.9298
A358: 46280.573 | B358: 65.0323 | C358: 0 | E358: =IF(OR(C358=9,B358=""),"",B358-$C$3) -> 66.3323 | F358: =IF(C358=9,"",IF(C358=0,E358,IF(C358=1,IF(COUNT(E354:E362)=0,"",TRIMMEAN(E354:E362,0.5)),IF(D358="","",D358)))) -> 66.3323
A359: 46280.583 | B359: 62.2274 | C359: 0 | E359: =IF(OR(C359=9,B359=""),"",B359-$C$3) -> 63.5274 | F359: =IF(C359=9,"",IF(C359=0,E359,IF(C359=1,IF(COUNT(E355:E363)=0,"",TRIMMEAN(E355:E363,0.5)),IF(D359="","",D359)))) -> 63.5274
A360: 46280.594 | B360: 64.9331 | C360: 0 | E360: =IF(OR(C360=9,B360=""),"",B360-$C$3) -> 66.2331 | F360: =IF(C360=9,"",IF(C360=0,E360,IF(C360=1,IF(COUNT(E356:E364)=0,"",TRIMMEAN(E356:E364,0.5)),IF(D360="","",D360)))) -> 66.2331
A361: 46280.604 | B361: 69.6343 | C361: 0 | E361: =IF(OR(C361=9,B361=""),"",B361-$C$3) -> 70.9343 | F361: =IF(C361=9,"",IF(C361=0,E361,IF(C361=1,IF(COUNT(E357:E365)=0,"",TRIMMEAN(E357:E365,0.5)),IF(D361="","",D361)))) -> 70.9343
A362: 46280.615 | B362: 65.3756 | C362: 0 | E362: =IF(OR(C362=9,B362=""),"",B362-$C$3) -> 66.6756 | F362: =IF(C362=9,"",IF(C362=0,E362,IF(C362=1,IF(COUNT(E358:E366)=0,"",TRIMMEAN(E358:E366,0.5)),IF(D362="","",D362)))) -> 66.6756
A363: 46280.625 | B363: 70.7264 | C363: 0 | E363: =IF(OR(C363=9,B363=""),"",B363-$C$3) -> 72.0264 | F363: =IF(C363=9,"",IF(C363=0,E363,IF(C363=1,IF(COUNT(E359:E367)=0,"",TRIMMEAN(E359:E367,0.5)),IF(D363="","",D363)))) -> 72.0264
A364: 46280.635 | B364: 69.0415 | C364: 0 | E364: =IF(OR(C364=9,B364=""),"",B364-$C$3) -> 70.3415 | F364: =IF(C364=9,"",IF(C364=0,E364,IF(C364=1,IF(COUNT(E360:E368)=0,"",TRIMMEAN(E360:E368,0.5)),IF(D364="","",D364)))) -> 70.3415
A365: 46280.646 | B365: 65.1152 | C365: 0 | E365: =IF(OR(C365=9,B365=""),"",B365-$C$3) -> 66.4152 | F365: =IF(C365=9,"",IF(C365=0,E365,IF(C365=1,IF(COUNT(E361:E369)=0,"",TRIMMEAN(E361:E369,0.5)),IF(D365="","",D365)))) -> 66.4152
A366: 46280.656 | B366: 66.4932 | C366: 0 | E366: =IF(OR(C366=9,B366=""),"",B366-$C$3) -> 67.7932 | F366: =IF(C366=9,"",IF(C366=0,E366,IF(C366=1,IF(COUNT(E362:E370)=0,"",TRIMMEAN(E362:E370,0.5)),IF(D366="","",D366)))) -> 67.7932
A367: 46280.667 | B367: 63.432 | C367: 0 | E367: =IF(OR(C367=9,B367=""),"",B367-$C$3) -> 64.732 | F367: =IF(C367=9,"",IF(C367=0,E367,IF(C367=1,IF(COUNT(E363:E371)=0,"",TRIMMEAN(E363:E371,0.5)),IF(D367="","",D367)))) -> 64.732
... A398: 46280.99 | B398: 68.3702 | C398: 0 | E398: =IF(OR(C398=9,B398=""),"",B398-$C$3) -> 69.6702 | F398: =IF(C398=9,"",IF(C398=0,E398,IF(C398=1,IF(COUNT(E394:E402)=0,"",TRIMMEAN(E394:E402,0.5)),IF(D398="","",D398)))) -> 69.6702
A399: 46281 | B399: 66.8851 | C399: 0 | E399: =IF(OR(C399=9,B399=""),"",B399-$C$3) -> 68.1851 | F399: =IF(C399=9,"",IF(C399=0,E399,IF(C399=1,IF(COUNT(E395:E403)=0,"",TRIMMEAN(E395:E403,0.5)),IF(D399="","",D399)))) -> 68.1851 | G399: fuera de la ventana: solo para la media móvil del borde
A400: 46281.01 | B400: 65.76 | C400: 0 | E400: =IF(OR(C400=9,B400=""),"",B400-$C$3) -> 67.06 | F400: =IF(C400=9,"",IF(C400=0,E400,IF(C400=1,IF(COUNT(E396:E404)=0,"",TRIMMEAN(E396:E404,0.5)),IF(D400="","",D400)))) -> 67.06 | G400: fuera de la ventana: solo para la media móvil del borde
A401: 46281.021 | B401: 66.5496 | C401: 0 | E401: =IF(OR(C401=9,B401=""),"",B401-$C$3) -> 67.8496 | F401: =IF(C401=9,"",IF(C401=0,E401,IF(C401=1,IF(COUNT(E397:E405)=0,"",TRIMMEAN(E397:E405,0.5)),IF(D401="","",D401)))) -> 67.8496 | G401: fuera de la ventana: solo para la media móvil del borde
A402: 46281.031 | B402: 71.9861 | C402: 0 | E402: =IF(OR(C402=9,B402=""),"",B402-$C$3) -> 73.2861 | F402: =IF(C402=9,"",IF(C402=0,E402,IF(C402=1,IF(COUNT(E398:E406)=0,"",TRIMMEAN(E398:E406,0.5)),IF(D402="","",D402)))) -> 73.2861 | G402: fuera de la ventana: solo para la media móvil del borde
A403: 46281.042 | B403: 72.5181 | C403: 0 | E403: =IF(OR(C403=9,B403=""),"",B403-$C$3) -> 73.8181 | F403: =IF(C403=9,"",IF(C403=0,E403,IF(C403=1,IF(COUNT(E399:E406)=0,"",TRIMMEAN(E399:E406,0.5)),IF(D403="","",D403)))) -> 73.8181 | G403: fuera de la ventana: solo para la media móvil del borde
A404: 46281.052 | B404: 71.5888 | C404: 0 | E404: =IF(OR(C404=9,B404=""),"",B404-$C$3) -> 72.8888 | F404: =IF(C404=9,"",IF(C404=0,E404,IF(C404=1,IF(COUNT(E400:E406)=0,"",TRIMMEAN(E400:E406,0.5)),IF(D404="","",D404)))) -> 72.8888 | G404: fuera de la ventana: solo para la media móvil del borde
A405: 46281.062 | B405: 69.7903 | C405: 0 | E405: =IF(OR(C405=9,B405=""),"",B405-$C$3) -> 71.0903 | F405: =IF(C405=9,"",IF(C405=0,E405,IF(C405=1,IF(COUNT(E401:E406)=0,"",TRIMMEAN(E401:E406,0.5)),IF(D405="","",D405)))) -> 71.0903 | G405: fuera de la ventana: solo para la media móvil del borde
A406: 46281.073 | B406: 67.6662 | C406: 0 | E406: =IF(OR(C406=9,B406=""),"",B406-$C$3) -> 68.9662 | F406: =IF(C406=9,"",IF(C406=0,E406,IF(C406=1,IF(COUNT(E402:E406)=0,"",TRIMMEAN(E402:E406,0.5)),IF(D406="","",D406)))) -> 68.9662 | G406: fuera de la ventana: solo para la media móvil del borde

Sheet P10
A1: P10 · Presión (m) · VN3745765
A2: Válido
A3: Offset | C3: -1.64
A4: Ventana (lecturas a cada lado) | C4: 4
A6: Fecha y hora | B6: Dato inicial (m) | C6: Marca | D6: Reemplazo | E6: Corregido (m) | F6: Dato depurado (m) | G6: Motivo
A7: 46276.917 | B7: 45.2556 | C7: 0 | E7: =IF(OR(C7=9,B7=""),"",B7-$C$3) -> 46.8956 | F7: =IF(C7=9,"",IF(C7=0,E7,IF(C7=1,IF(COUNT(E7:E11)=0,"",TRIMMEAN(E7:E11,0.5)),IF(D7="","",D7)))) -> 46.8956 | G7: fuera de la ventana: solo para la media móvil del borde
A8: 46276.927 | B8: 45.1561 | C8: 0 | E8: =IF(OR(C8=9,B8=""),"",B8-$C$3) -> 46.7961 | F8: =IF(C8=9,"",IF(C8=0,E8,IF(C8=1,IF(COUNT(E7:E12)=0,"",TRIMMEAN(E7:E12,0.5)),IF(D8="","",D8)))) -> 46.7961 | G8: fuera de la ventana: solo para la media móvil del borde
A9: 46276.938 | B9: 45.3718 | C9: 0 | E9: =IF(OR(C9=9,B9=""),"",B9-$C$3) -> 47.0118 | F9: =IF(C9=9,"",IF(C9=0,E9,IF(C9=1,IF(COUNT(E7:E13)=0,"",TRIMMEAN(E7:E13,0.5)),IF(D9="","",D9)))) -> 47.0118 | G9: fuera de la ventana: solo para la media móvil del borde
A10: 46276.948 | B10: 45.6598 | C10: 0 | E10: =IF(OR(C10=9,B10=""),"",B10-$C$3) -> 47.2998 | F10: =IF(C10=9,"",IF(C10=0,E10,IF(C10=1,IF(COUNT(E7:E14)=0,"",TRIMMEAN(E7:E14,0.5)),IF(D10="","",D10)))) -> 47.2998 | G10: fuera de la ventana: solo para la media móvil del borde
A11: 46276.958 | B11: 45.0998 | C11: 0 | E11: =IF(OR(C11=9,B11=""),"",B11-$C$3) -> 46.7398 | F11: =IF(C11=9,"",IF(C11=0,E11,IF(C11=1,IF(COUNT(E7:E15)=0,"",TRIMMEAN(E7:E15,0.5)),IF(D11="","",D11)))) -> 46.7398 | G11: fuera de la ventana: solo para la media móvil del borde
A12: 46276.969 | B12: 44.1376 | C12: 0 | E12: =IF(OR(C12=9,B12=""),"",B12-$C$3) -> 45.7776 | F12: =IF(C12=9,"",IF(C12=0,E12,IF(C12=1,IF(COUNT(E8:E16)=0,"",TRIMMEAN(E8:E16,0.5)),IF(D12="","",D12)))) -> 45.7776 | G12: fuera de la ventana: solo para la media móvil del borde
A13: 46276.979 | B13: 44.7013 | C13: 0 | E13: =IF(OR(C13=9,B13=""),"",B13-$C$3) -> 46.3413 | F13: =IF(C13=9,"",IF(C13=0,E13,IF(C13=1,IF(COUNT(E9:E17)=0,"",TRIMMEAN(E9:E17,0.5)),IF(D13="","",D13)))) -> 46.3413 | G13: fuera de la ventana: solo para la media móvil del borde
A14: 46276.99 | B14: 45.0223 | C14: 0 | E14: =IF(OR(C14=9,B14=""),"",B14-$C$3) -> 46.6623 | F14: =IF(C14=9,"",IF(C14=0,E14,IF(C14=1,IF(COUNT(E10:E18)=0,"",TRIMMEAN(E10:E18,0.5)),IF(D14="","",D14)))) -> 46.6623 | G14: fuera de la ventana: solo para la media móvil del borde
A15: 46277 | B15: 45.1601 | C15: 0 | E15: =IF(OR(C15=9,B15=""),"",B15-$C$3) -> 46.8001 | F15: =IF(C15=9,"",IF(C15=0,E15,IF(C15=1,IF(COUNT(E11:E19)=0,"",TRIMMEAN(E11:E19,0.5)),IF(D15="","",D15)))) -> 46.8001
A16: 46277.01 | B16: 45.6818 | C16: 0 | E16: =IF(OR(C16=9,B16=""),"",B16-$C$3) -> 47.3218 | F16: =IF(C16=9,"",IF(C16=0,E16,IF(C16=1,IF(COUNT(E12:E20)=0,"",TRIMMEAN(E12:E20,0.5)),IF(D16="","",D16)))) -> 47.3218
A17: 46277.021 | B17: 45.5823 | C17: 0 | E17: =IF(OR(C17=9,B17=""),"",B17-$C$3) -> 47.2223 | F17: =IF(C17=9,"",IF(C17=0,E17,IF(C17=1,IF(COUNT(E13:E21)=0,"",TRIMMEAN(E13:E21,0.5)),IF(D17="","",D17)))) -> 47.2223
A18: 46277.031 | B18: 45.7092 | C18: 0 | E18: =IF(OR(C18=9,B18=""),"",B18-$C$3) -> 47.3492 | F18: =IF(C18=9,"",IF(C18=0,E18,IF(C18=1,IF(COUNT(E14:E22)=0,"",TRIMMEAN(E14:E22,0.5)),IF(D18="","",D18)))) -> 47.3492
A19: 46277.042 | B19: 45.143 | C19: 0 | E19: =IF(OR(C19=9,B19=""),"",B19-$C$3) -> 46.783 | F19: =IF(C19=9,"",IF(C19=0,E19,IF(C19=1,IF(COUNT(E15:E23)=0,"",TRIMMEAN(E15:E23,0.5)),IF(D19="","",D19)))) -> 46.783
A20: 46277.052 | B20: 45.1981 | C20: 0 | E20: =IF(OR(C20=9,B20=""),"",B20-$C$3) -> 46.8381 | F20: =IF(C20=9,"",IF(C20=0,E20,IF(C20=1,IF(COUNT(E16:E24)=0,"",TRIMMEAN(E16:E24,0.5)),IF(D20="","",D20)))) -> 46.8381
A21: 46277.062 | B21: 45.1973 | C21: 0 | E21: =IF(OR(C21=9,B21=""),"",B21-$C$3) -> 46.8373 | F21: =IF(C21=9,"",IF(C21=0,E21,IF(C21=1,IF(COUNT(E17:E25)=0,"",TRIMMEAN(E17:E25,0.5)),IF(D21="","",D21)))) -> 46.8373
A22: 46277.073 | B22: 45.577 | C22: 0 | E22: =IF(OR(C22=9,B22=""),"",B22-$C$3) -> 47.217 | F22: =IF(C22=9,"",IF(C22=0,E22,IF(C22=1,IF(COUNT(E18:E26)=0,"",TRIMMEAN(E18:E26,0.5)),IF(D22="","",D22)))) -> 47.217
A23: 46277.083 | B23: 45.5321 | C23: 0 | E23: =IF(OR(C23=9,B23=""),"",B23-$C$3) -> 47.1721 | F23: =IF(C23=9,"",IF(C23=0,E23,IF(C23=1,IF(COUNT(E19:E27)=0,"",TRIMMEAN(E19:E27,0.5)),IF(D23="","",D23)))) -> 47.1721
A24: 46277.094 | B24: 45.4705 | C24: 0 | E24: =IF(OR(C24=9,B24=""),"",B24-$C$3) -> 47.1105 | F24: =IF(C24=9,"",IF(C24=0,E24,IF(C24=1,IF(COUNT(E20:E28)=0,"",TRIMMEAN(E20:E28,0.5)),IF(D24="","",D24)))) -> 47.1105
A25: 46277.104 | B25: 45.3751 | C25: 0 | E25: =IF(OR(C25=9,B25=""),"",B25-$C$3) -> 47.0151 | F25: =IF(C25=9,"",IF(C25=0,E25,IF(C25=1,IF(COUNT(E21:E29)=0,"",TRIMMEAN(E21:E29,0.5)),IF(D25="","",D25)))) -> 47.0151
A26: 46277.115 | B26: 45.2609 | C26: 0 | E26: =IF(OR(C26=9,B26=""),"",B26-$C$3) -> 46.9009 | F26: =IF(C26=9,"",IF(C26=0,E26,IF(C26=1,IF(COUNT(E22:E30)=0,"",TRIMMEAN(E22:E30,0.5)),IF(D26="","",D26)))) -> 46.9009
... A398: 46280.99 | B398: 45.4493 | C398: 0 | E398: =IF(OR(C398=9,B398=""),"",B398-$C$3) -> 47.0893 | F398: =IF(C398=9,"",IF(C398=0,E398,IF(C398=1,IF(COUNT(E394:E402)=0,"",TRIMMEAN(E394:E402,0.5)),IF(D398="","",D398)))) -> 47.0893
A399: 46281 | B399: 45.8336 | C399: 0 | E399: =IF(OR(C399=9,B399=""),"",B399-$C$3) -> 47.4736 | F399: =IF(C399=9,"",IF(C399=0,E399,IF(C399=1,IF(COUNT(E395:E403)=0,"",TRIMMEAN(E395:E403,0.5)),IF(D399="","",D399)))) -> 47.4736 | G399: fuera de la ventana: solo para la media móvil del borde
A400: 46281.01 | B400: 45.5244 | C400: 0 | E400: =IF(OR(C400=9,B400=""),"",B400-$C$3) -> 47.1644 | F400: =IF(C400=9,"",IF(C400=0,E400,IF(C400=1,IF(COUNT(E396:E404)=0,"",TRIMMEAN(E396:E404,0.5)),IF(D400="","",D400)))) -> 47.1644 | G400: fuera de la ventana: solo para la media móvil del borde
A401: 46281.021 | B401: 45.6635 | C401: 0 | E401: =IF(OR(C401=9,B401=""),"",B401-$C$3) -> 47.3035 | F401: =IF(C401=9,"",IF(C401=0,E401,IF(C401=1,IF(COUNT(E397:E405)=0,"",TRIMMEAN(E397:E405,0.5)),IF(D401="","",D401)))) -> 47.3035 | G401: fuera de la ventana: solo para la media móvil del borde
A402: 46281.031 | B402: 45.7463 | C402: 0 | E402: =IF(OR(C402=9,B402=""),"",B402-$C$3) -> 47.3863 | F402: =IF(C402=9,"",IF(C402=0,E402,IF(C402=1,IF(COUNT(E398:E406)=0,"",TRIMMEAN(E398:E406,0.5)),IF(D402="","",D402)))) -> 47.3863 | G402: fuera de la ventana: solo para la media móvil del borde
A403: 46281.042 | B403: 45.2115 | C403: 0 | E403: =IF(OR(C403=9,B403=""),"",B403-$C$3) -> 46.8515 | F403: =IF(C403=9,"",IF(C403=0,E403,IF(C403=1,IF(COUNT(E399:E406)=0,"",TRIMMEAN(E399:E406,0.5)),IF(D403="","",D403)))) -> 46.8515 | G403: fuera de la ventana: solo para la media móvil del borde
A404: 46281.052 | B404: 45.1255 | C404: 0 | E404: =IF(OR(C404=9,B404=""),"",B404-$C$3) -> 46.7655 | F404: =IF(C404=9,"",IF(C404=0,E404,IF(C404=1,IF(COUNT(E400:E406)=0,"",TRIMMEAN(E400:E406,0.5)),IF(D404="","",D404)))) -> 46.7655 | G404: fuera de la ventana: solo para la media móvil del borde
A405: 46281.062 | B405: 44.9374 | C405: 0 | E405: =IF(OR(C405=9,B405=""),"",B405-$C$3) -> 46.5774 | F405: =IF(C405=9,"",IF(C405=0,E405,IF(C405=1,IF(COUNT(E401:E406)=0,"",TRIMMEAN(E401:E406,0.5)),IF(D405="","",D405)))) -> 46.5774 | G405: fuera de la ventana: solo para la media móvil del borde
A406: 46281.073 | B406: 44.8652 | C406: 0 | E406: =IF(OR(C406=9,B406=""),"",B406-$C$3) -> 46.5052 | F406: =IF(C406=9,"",IF(C406=0,E406,IF(C406=1,IF(COUNT(E402:E406)=0,"",TRIMMEAN(E402:E406,0.5)),IF(D406="","",D406)))) -> 46.5052 | G406: fuera de la ventana: solo para la media móvil del borde

Sheet P11
A1: P11 · Presión (m) · 3949453
A2: Usar solo la media horaria (tolerancia mayor)
A3: Offset | C3: -1.32
A4: Ventana (lecturas a cada lado) | C4: 8
A6: Fecha y hora | B6: Dato inicial (m) | C6: Marca | D6: Reemplazo | E6: Corregido (m) | F6: Dato depurado (m) | G6: Motivo
A7: 46276.917 | B7: 67.9044 | C7: 1 | E7: =IF(OR(C7=9,B7=""),"",B7-$C$3) -> 69.2244 | F7: =IF(C7=9,"",IF(C7=0,E7,IF(C7=1,IF(COUNT(E7:E15)=0,"",TRIMMEAN(E7:E15,0.5)),IF(D7="","",D7)))) -> 69.48024 | G7: fuera de la ventana: solo para la media móvil del borde
A8: 46276.927 | B8: 69.6881 | C8: 1 | E8: =IF(OR(C8=9,B8=""),"",B8-$C$3) -> 71.0081 | F8: =IF(C8=9,"",IF(C8=0,E8,IF(C8=1,IF(COUNT(E7:E16)=0,"",TRIMMEAN(E7:E16,0.5)),IF(D8="","",D8)))) -> 69.199367 | G8: fuera de la ventana: solo para la media móvil del borde
A9: 46276.938 | B9: 69.7484 | C9: 1 | E9: =IF(OR(C9=9,B9=""),"",B9-$C$3) -> 71.0684 | F9: =IF(C9=9,"",IF(C9=0,E9,IF(C9=1,IF(COUNT(E7:E17)=0,"",TRIMMEAN(E7:E17,0.5)),IF(D9="","",D9)))) -> 67.302586 | G9: fuera de la ventana: solo para la media móvil del borde
A10: 46276.948 | B10: 69.1035 | C10: 1 | E10: =IF(OR(C10=9,B10=""),"",B10-$C$3) -> 70.4235 | F10: =IF(C10=9,"",IF(C10=0,E10,IF(C10=1,IF(COUNT(E7:E18)=0,"",TRIMMEAN(E7:E18,0.5)),IF(D10="","",D10)))) -> 67.754367 | G10: fuera de la ventana: solo para la media móvil del borde
A11: 46276.958 | B11: 64.3568 | C11: 1 | E11: =IF(OR(C11=9,B11=""),"",B11-$C$3) -> 65.6768 | F11: =IF(C11=9,"",IF(C11=0,E11,IF(C11=1,IF(COUNT(E7:E19)=0,"",TRIMMEAN(E7:E19,0.5)),IF(D11="","",D11)))) -> 68.2278 | G11: fuera de la ventana: solo para la media móvil del borde
A12: 46276.969 | B12: 42.9963 | C12: 1 | E12: =IF(OR(C12=9,B12=""),"",B12-$C$3) -> 44.3163 | F12: =IF(C12=9,"",IF(C12=0,E12,IF(C12=1,IF(COUNT(E7:E20)=0,"",TRIMMEAN(E7:E20,0.5)),IF(D12="","",D12)))) -> 66.689562 | G12: fuera de la ventana: solo para la media móvil del borde
A13: 46276.979 | B13: 35.8796 | C13: 1 | E13: =IF(OR(C13=9,B13=""),"",B13-$C$3) -> 37.1996 | F13: =IF(C13=9,"",IF(C13=0,E13,IF(C13=1,IF(COUNT(E7:E21)=0,"",TRIMMEAN(E7:E21,0.5)),IF(D13="","",D13)))) -> 70.206467 | G13: fuera de la ventana: solo para la media móvil del borde
A14: 46276.99 | B14: 97.0217 | C14: 1 | E14: =IF(OR(C14=9,B14=""),"",B14-$C$3) -> 98.3417 | F14: =IF(C14=9,"",IF(C14=0,E14,IF(C14=1,IF(COUNT(E7:E22)=0,"",TRIMMEAN(E7:E22,0.5)),IF(D14="","",D14)))) -> 66.689562 | G14: fuera de la ventana: solo para la media móvil del borde
A15: 46277 | B15: 105.3632 | C15: 1 | E15: =IF(OR(C15=9,B15=""),"",B15-$C$3) -> 106.6832 | F15: =IF(C15=9,"",IF(C15=0,E15,IF(C15=1,IF(COUNT(E7:E23)=0,"",TRIMMEAN(E7:E23,0.5)),IF(D15="","",D15)))) -> 69.835789 | G15: oscilación más rápida que el registro → media recortada de 4 h
A16: 46277.01 | B16: 66.475 | C16: 1 | E16: =IF(OR(C16=9,B16=""),"",B16-$C$3) -> 67.795 | F16: =IF(C16=9,"",IF(C16=0,E16,IF(C16=1,IF(COUNT(E8:E24)=0,"",TRIMMEAN(E8:E24,0.5)),IF(D16="","",D16)))) -> 68.175222 | G16: oscilación más rápida que el registro → media recortada de 4 h
A17: 46277.021 | B17: 54.6019 | C17: 1 | E17: =IF(OR(C17=9,B17=""),"",B17-$C$3) -> 55.9219 | F17: =IF(C17=9,"",IF(C17=0,E17,IF(C17=1,IF(COUNT(E9:E25)=0,"",TRIMMEAN(E9:E25,0.5)),IF(D17="","",D17)))) -> 65.214011 | G17: oscilación más rápida que el registro → media recortada de 4 h
A18: 46277.031 | B18: 61.0784 | C18: 1 | E18: =IF(OR(C18=9,B18=""),"",B18-$C$3) -> 62.3984 | F18: =IF(C18=9,"",IF(C18=0,E18,IF(C18=1,IF(COUNT(E10:E26)=0,"",TRIMMEAN(E10:E26,0.5)),IF(D18="","",D18)))) -> 67.210622 | G18: oscilación más rápida que el registro → media recortada de 4 h
A19: 46277.042 | B19: 97.9689 | C19: 1 | E19: =IF(OR(C19=9,B19=""),"",B19-$C$3) -> 99.2889 | F19: =IF(C19=9,"",IF(C19=0,E19,IF(C19=1,IF(COUNT(E11:E27)=0,"",TRIMMEAN(E11:E27,0.5)),IF(D19="","",D19)))) -> 70.312644 | G19: oscilación más rápida que el registro → media recortada de 4 h
A20: 46277.052 | B20: 42.9615 | C20: 1 | E20: =IF(OR(C20=9,B20=""),"",B20-$C$3) -> 44.2815 | F20: =IF(C20=9,"",IF(C20=0,E20,IF(C20=1,IF(COUNT(E12:E28)=0,"",TRIMMEAN(E12:E28,0.5)),IF(D20="","",D20)))) -> 73.751844 | G20: oscilación más rápida que el registro → media recortada de 4 h
A21: 46277.062 | B21: 107.1883 | C21: 1 | E21: =IF(OR(C21=9,B21=""),"",B21-$C$3) -> 108.5083 | F21: =IF(C21=9,"",IF(C21=0,E21,IF(C21=1,IF(COUNT(E13:E29)=0,"",TRIMMEAN(E13:E29,0.5)),IF(D21="","",D21)))) -> 79.855367 | G21: oscilación más rápida que el registro → media recortada de 4 h
A22: 46277.073 | B22: 43.0372 | C22: 1 | E22: =IF(OR(C22=9,B22=""),"",B22-$C$3) -> 44.3572 | F22: =IF(C22=9,"",IF(C22=0,E22,IF(C22=1,IF(COUNT(E14:E30)=0,"",TRIMMEAN(E14:E30,0.5)),IF(D22="","",D22)))) -> 79.855367 | G22: oscilación más rápida que el registro → media recortada de 4 h
A23: 46277.083 | B23: 93.6856 | C23: 1 | E23: =IF(OR(C23=9,B23=""),"",B23-$C$3) -> 95.0056 | F23: =IF(C23=9,"",IF(C23=0,E23,IF(C23=1,IF(COUNT(E15:E31)=0,"",TRIMMEAN(E15:E31,0.5)),IF(D23="","",D23)))) -> 74.629433 | G23: oscilación más rápida que el registro → media recortada de 4 h
A24: 46277.094 | B24: 52.9593 | C24: 1 | E24: =IF(OR(C24=9,B24=""),"",B24-$C$3) -> 54.2793 | F24: =IF(C24=9,"",IF(C24=0,E24,IF(C24=1,IF(COUNT(E16:E32)=0,"",TRIMMEAN(E16:E32,0.5)),IF(D24="","",D24)))) -> 68.525911 | G24: oscilación más rápida que el registro → media recortada de 4 h
A25: 46277.104 | B25: 39.9004 | C25: 1 | E25: =IF(OR(C25=9,B25=""),"",B25-$C$3) -> 41.2204 | F25: =IF(C25=9,"",IF(C25=0,E25,IF(C25=1,IF(COUNT(E17:E33)=0,"",TRIMMEAN(E17:E33,0.5)),IF(D25="","",D25)))) -> 72.025233 | G25: oscilación más rápida que el registro → media recortada de 4 h
A26: 46277.115 | B26: 87.7179 | C26: 1 | E26: =IF(OR(C26=9,B26=""),"",B26-$C$3) -> 89.0379 | F26: =IF(C26=9,"",IF(C26=0,E26,IF(C26=1,IF(COUNT(E18:E34)=0,"",TRIMMEAN(E18:E34,0.5)),IF(D26="","",D26)))) -> 72.083611 | G26: oscilación más rápida que el registro → media recortada de 4 h
... A398: 46280.99 | B398: 40.0007 | C398: 1 | E398: =IF(OR(C398=9,B398=""),"",B398-$C$3) -> 41.3207 | F398: =IF(C398=9,"",IF(C398=0,E398,IF(C398=1,IF(COUNT(E390:E406)=0,"",TRIMMEAN(E390:E406,0.5)),IF(D398="","",D398)))) -> 66.165444 | G398: oscilación más rápida que el registro → media recortada de 4 h
A399: 46281 | B399: 50.2707 | C399: 1 | E399: =IF(OR(C399=9,B399=""),"",B399-$C$3) -> 51.5907 | F399: =IF(C399=9,"",IF(C399=0,E399,IF(C399=1,IF(COUNT(E391:E406)=0,"",TRIMMEAN(E391:E406,0.5)),IF(D399="","",D399)))) -> 68.045 | G399: fuera de la ventana: solo para la media móvil del borde
A400: 46281.01 | B400: 50.0416 | C400: 1 | E400: =IF(OR(C400=9,B400=""),"",B400-$C$3) -> 51.3616 | F400: =IF(C400=9,"",IF(C400=0,E400,IF(C400=1,IF(COUNT(E392:E406)=0,"",TRIMMEAN(E392:E406,0.5)),IF(D400="","",D400)))) -> 71.541956 | G400: fuera de la ventana: solo para la media móvil del borde
A401: 46281.021 | B401: 97.2606 | C401: 1 | E401: =IF(OR(C401=9,B401=""),"",B401-$C$3) -> 98.5806 | F401: =IF(C401=9,"",IF(C401=0,E401,IF(C401=1,IF(COUNT(E393:E406)=0,"",TRIMMEAN(E393:E406,0.5)),IF(D401="","",D401)))) -> 68.045 | G401: fuera de la ventana: solo para la media móvil del borde
A402: 46281.031 | B402: 75.052 | C402: 1 | E402: =IF(OR(C402=9,B402=""),"",B402-$C$3) -> 76.372 | F402: =IF(C402=9,"",IF(C402=0,E402,IF(C402=1,IF(COUNT(E394:E406)=0,"",TRIMMEAN(E394:E406,0.5)),IF(D402="","",D402)))) -> 70.363557 | G402: fuera de la ventana: solo para la media móvil del borde
A403: 46281.042 | B403: 68.9175 | C403: 1 | E403: =IF(OR(C403=9,B403=""),"",B403-$C$3) -> 70.2375 | F403: =IF(C403=9,"",IF(C403=0,E403,IF(C403=1,IF(COUNT(E395:E406)=0,"",TRIMMEAN(E395:E406,0.5)),IF(D403="","",D403)))) -> 73.53055 | G403: fuera de la ventana: solo para la media móvil del borde
A404: 46281.052 | B404: 66.3204 | C404: 1 | E404: =IF(OR(C404=9,B404=""),"",B404-$C$3) -> 67.6404 | F404: =IF(C404=9,"",IF(C404=0,E404,IF(C404=1,IF(COUNT(E396:E406)=0,"",TRIMMEAN(E396:E406,0.5)),IF(D404="","",D404)))) -> 77.242986 | G404: fuera de la ventana: solo para la media móvil del borde
A405: 46281.062 | B405: 117.4577 | C405: 1 | E405: =IF(OR(C405=9,B405=""),"",B405-$C$3) -> 118.7777 | F405: =IF(C405=9,"",IF(C405=0,E405,IF(C405=1,IF(COUNT(E397:E406)=0,"",TRIMMEAN(E397:E406,0.5)),IF(D405="","",D405)))) -> 77.323133 | G405: fuera de la ventana: solo para la media móvil del borde
A406: 46281.073 | B406: 98.1976 | C406: 1 | E406: =IF(OR(C406=9,B406=""),"",B406-$C$3) -> 99.5176 | F406: =IF(C406=9,"",IF(C406=0,E406,IF(C406=1,IF(COUNT(E398:E406)=0,"",TRIMMEAN(E398:E406,0.5)),IF(D406="","",D406)))) -> 72.88424 | G406: fuera de la ventana: solo para la media móvil del borde

Sheet L1
A1: L1 · Presión (m) · VN3948124
A2: Válido (suavizado)
A3: Offset | C3: 0
A4: Ventana (lecturas a cada lado) | C4: 4
A6: Fecha y hora | B6: Dato inicial (m) | C6: Marca | D6: Reemplazo | E6: Corregido (m) | F6: Dato depurado (m) | G6: Motivo
A7: 46276.917 | B7: 98.7776 | C7: 0 | E7: =IF(OR(C7=9,B7=""),"",B7-$C$3) -> 98.7776 | F7: =IF(C7=9,"",IF(C7=0,E7,IF(C7=1,IF(COUNT(E7:E11)=0,"",TRIMMEAN(E7:E11,0.5)),IF(D7="","",D7)))) -> 98.7776 | G7: fuera de la ventana: solo para la media móvil del borde
A8: 46276.927 | B8: 101.0263 | C8: 0 | E8: =IF(OR(C8=9,B8=""),"",B8-$C$3) -> 101.0263 | F8: =IF(C8=9,"",IF(C8=0,E8,IF(C8=1,IF(COUNT(E7:E12)=0,"",TRIMMEAN(E7:E12,0.5)),IF(D8="","",D8)))) -> 101.0263 | G8: fuera de la ventana: solo para la media móvil del borde
A9: 46276.938 | B9: 100.5606 | C9: 0 | E9: =IF(OR(C9=9,B9=""),"",B9-$C$3) -> 100.5606 | F9: =IF(C9=9,"",IF(C9=0,E9,IF(C9=1,IF(COUNT(E7:E13)=0,"",TRIMMEAN(E7:E13,0.5)),IF(D9="","",D9)))) -> 100.5606 | G9: fuera de la ventana: solo para la media móvil del borde
A10: 46276.948 | B10: 101.0164 | C10: 0 | E10: =IF(OR(C10=9,B10=""),"",B10-$C$3) -> 101.0164 | F10: =IF(C10=9,"",IF(C10=0,E10,IF(C10=1,IF(COUNT(E7:E14)=0,"",TRIMMEAN(E7:E14,0.5)),IF(D10="","",D10)))) -> 101.0164 | G10: fuera de la ventana: solo para la media móvil del borde
A11: 46276.958 | B11: 92.0092 | C11: 0 | E11: =IF(OR(C11=9,B11=""),"",B11-$C$3) -> 92.0092 | F11: =IF(C11=9,"",IF(C11=0,E11,IF(C11=1,IF(COUNT(E7:E15)=0,"",TRIMMEAN(E7:E15,0.5)),IF(D11="","",D11)))) -> 92.0092 | G11: fuera de la ventana: solo para la media móvil del borde
A12: 46276.969 | B12: 63.9716 | C12: 0 | E12: =IF(OR(C12=9,B12=""),"",B12-$C$3) -> 63.9716 | F12: =IF(C12=9,"",IF(C12=0,E12,IF(C12=1,IF(COUNT(E8:E16)=0,"",TRIMMEAN(E8:E16,0.5)),IF(D12="","",D12)))) -> 63.9716 | G12: fuera de la ventana: solo para la media móvil del borde
A13: 46276.979 | B13: 65.0661 | C13: 0 | E13: =IF(OR(C13=9,B13=""),"",B13-$C$3) -> 65.0661 | F13: =IF(C13=9,"",IF(C13=0,E13,IF(C13=1,IF(COUNT(E9:E17)=0,"",TRIMMEAN(E9:E17,0.5)),IF(D13="","",D13)))) -> 65.0661 | G13: fuera de la ventana: solo para la media móvil del borde
A14: 46276.99 | B14: 58.4981 | C14: 0 | E14: =IF(OR(C14=9,B14=""),"",B14-$C$3) -> 58.4981 | F14: =IF(C14=9,"",IF(C14=0,E14,IF(C14=1,IF(COUNT(E10:E18)=0,"",TRIMMEAN(E10:E18,0.5)),IF(D14="","",D14)))) -> 58.4981 | G14: fuera de la ventana: solo para la media móvil del borde
A15: 46277 | B15: 55.3766 | C15: 1 | E15: =IF(OR(C15=9,B15=""),"",B15-$C$3) -> 55.3766 | F15: =IF(C15=9,"",IF(C15=0,E15,IF(C15=1,IF(COUNT(E11:E19)=0,"",TRIMMEAN(E11:E19,0.5)),IF(D15="","",D15)))) -> 61.458 | G15: oscilación más rápida que el registro → media recortada de 2 h
A16: 46277.01 | B16: 61.9907 | C16: 1 | E16: =IF(OR(C16=9,B16=""),"",B16-$C$3) -> 61.9907 | F16: =IF(C16=9,"",IF(C16=0,E16,IF(C16=1,IF(COUNT(E12:E20)=0,"",TRIMMEAN(E12:E20,0.5)),IF(D16="","",D16)))) -> 61.458 | G16: oscilación más rápida que el registro → media recortada de 2 h
A17: 46277.021 | B17: 62.9955 | C17: 1 | E17: =IF(OR(C17=9,B17=""),"",B17-$C$3) -> 62.9955 | F17: =IF(C17=9,"",IF(C17=0,E17,IF(C17=1,IF(COUNT(E13:E21)=0,"",TRIMMEAN(E13:E21,0.5)),IF(D17="","",D17)))) -> 60.36006 | G17: oscilación más rápida que el registro → media recortada de 2 h
A18: 46277.031 | B18: 58.4819 | C18: 1 | E18: =IF(OR(C18=9,B18=""),"",B18-$C$3) -> 58.4819 | F18: =IF(C18=9,"",IF(C18=0,E18,IF(C18=1,IF(COUNT(E14:E22)=0,"",TRIMMEAN(E14:E22,0.5)),IF(D18="","",D18)))) -> 60.36006 | G18: oscilación más rápida que el registro → media recortada de 2 h
A19: 46277.042 | B19: 59.8341 | C19: 1 | E19: =IF(OR(C19=9,B19=""),"",B19-$C$3) -> 59.8341 | F19: =IF(C19=9,"",IF(C19=0,E19,IF(C19=1,IF(COUNT(E15:E23)=0,"",TRIMMEAN(E15:E23,0.5)),IF(D19="","",D19)))) -> 60.79212 | G19: oscilación más rápida que el registro → media recortada de 2 h
A20: 46277.052 | B20: 65.1607 | C20: 1 | E20: =IF(OR(C20=9,B20=""),"",B20-$C$3) -> 65.1607 | F20: =IF(C20=9,"",IF(C20=0,E20,IF(C20=1,IF(COUNT(E16:E24)=0,"",TRIMMEAN(E16:E24,0.5)),IF(D20="","",D20)))) -> 61.21322 | G20: oscilación más rápida que el registro → media recortada de 2 h
A21: 46277.062 | B21: 55.5173 | C21: 1 | E21: =IF(OR(C21=9,B21=""),"",B21-$C$3) -> 55.5173 | F21: =IF(C21=9,"",IF(C21=0,E21,IF(C21=1,IF(COUNT(E17:E25)=0,"",TRIMMEAN(E17:E25,0.5)),IF(D21="","",D21)))) -> 61.84722 | G21: oscilación más rápida que el registro → media recortada de 2 h
A22: 46277.073 | B22: 65.4446 | C22: 1 | E22: =IF(OR(C22=9,B22=""),"",B22-$C$3) -> 65.4446 | F22: =IF(C22=9,"",IF(C22=0,E22,IF(C22=1,IF(COUNT(E18:E26)=0,"",TRIMMEAN(E18:E26,0.5)),IF(D22="","",D22)))) -> 61.6221 | G22: oscilación más rápida que el registro → media recortada de 2 h
... A402: 46281.031 | B402: 60.7107 | C402: 0 | E402: =IF(OR(C402=9,B402=""),"",B402-$C$3) -> 60.7107 | F402: =IF(C402=9,"",IF(C402=0,E402,IF(C402=1,IF(COUNT(E398:E406)=0,"",TRIMMEAN(E398:E406,0.5)),IF(D402="","",D402)))) -> 60.7107 | G402: fuera de la ventana: solo para la media móvil del borde
A403: 46281.042 | B403: 60.0906 | C403: 0 | E403: =IF(OR(C403=9,B403=""),"",B403-$C$3) -> 60.0906 | F403: =IF(C403=9,"",IF(C403=0,E403,IF(C403=1,IF(COUNT(E399:E406)=0,"",TRIMMEAN(E399:E406,0.5)),IF(D403="","",D403)))) -> 60.0906 | G403: fuera de la ventana: solo para la media móvil del borde
A404: 46281.052 | B404: 59.2564 | C404: 0 | E404: =IF(OR(C404=9,B404=""),"",B404-$C$3) -> 59.2564 | F404: =IF(C404=9,"",IF(C404=0,E404,IF(C404=1,IF(COUNT(E400:E406)=0,"",TRIMMEAN(E400:E406,0.5)),IF(D404="","",D404)))) -> 59.2564 | G404: fuera de la ventana: solo para la media móvil del borde
A405: 46281.062 | B405: 64.5182 | C405: 0 | E405: =IF(OR(C405=9,B405=""),"",B405-$C$3) -> 64.5182 | F405: =IF(C405=9,"",IF(C405=0,E405,IF(C405=1,IF(COUNT(E401:E406)=0,"",TRIMMEAN(E401:E406,0.5)),IF(D405="","",D405)))) -> 64.5182 | G405: fuera de la ventana: solo para la media móvil del borde
A406: 46281.073 | B406: 63.4275 | C406: 0 | E406: =IF(OR(C406=9,B406=""),"",B406-$C$3) -> 63.4275 | F406: =IF(C406=9,"",IF(C406=0,E406,IF(C406=1,IF(COUNT(E402:E406)=0,"",TRIMMEAN(E402:E406,0.5)),IF(D406="","",D406)))) -> 63.4275 | G406: fuera de la ventana: solo para la media móvil del borde

Sheet L2
A1: L2 · Presión (m) · 3949579
A2: Válido (suavizado)
A3: Offset | C3: 0
A4: Ventana (lecturas a cada lado) | C4: 4
A6: Fecha y hora | B6: Dato inicial (m) | C6: Marca | D6: Reemplazo | E6: Corregido (m) | F6: Dato depurado (m) | G6: Motivo
A7: 46276.917 | B7: 67.5848 | C7: 0 | E7: =IF(OR(C7=9,B7=""),"",B7-$C$3) -> 67.5848 | F7: =IF(C7=9,"",IF(C7=0,E7,IF(C7=1,IF(COUNT(E7:E11)=0,"",TRIMMEAN(E7:E11,0.5)),IF(D7="","",D7)))) -> 67.5848 | G7: fuera de la ventana: solo para la media móvil del borde
A8: 46276.927 | B8: 67.8026 | C8: 0 | E8: =IF(OR(C8=9,B8=""),"",B8-$C$3) -> 67.8026 | F8: =IF(C8=9,"",IF(C8=0,E8,IF(C8=1,IF(COUNT(E7:E12)=0,"",TRIMMEAN(E7:E12,0.5)),IF(D8="","",D8)))) -> 67.8026 | G8: fuera de la ventana: solo para la media móvil del borde
A9: 46276.938 | B9: 67.7966 | C9: 0 | E9: =IF(OR(C9=9,B9=""),"",B9-$C$3) -> 67.7966 | F9: =IF(C9=9,"",IF(C9=0,E9,IF(C9=1,IF(COUNT(E7:E13)=0,"",TRIMMEAN(E7:E13,0.5)),IF(D9="","",D9)))) -> 67.7966 | G9: fuera de la ventana: solo para la media móvil del borde
A10: 46276.948 | B10: 67.6636 | C10: 0 | E10: =IF(OR(C10=9,B10=""),"",B10-$C$3) -> 67.6636 | F10: =IF(C10=9,"",IF(C10=0,E10,IF(C10=1,IF(COUNT(E7:E14)=0,"",TRIMMEAN(E7:E14,0.5)),IF(D10="","",D10)))) -> 67.6636 | G10: fuera de la ventana: solo para la media móvil del borde
A11: 46276.958 | B11: 67.1423 | C11: 0 | E11: =IF(OR(C11=9,B11=""),"",B11-$C$3) -> 67.1423 | F11: =IF(C11=9,"",IF(C11=0,E11,IF(C11=1,IF(COUNT(E7:E15)=0,"",TRIMMEAN(E7:E15,0.5)),IF(D11="","",D11)))) -> 67.1423 | G11: fuera de la ventana: solo para la media móvil del borde
A12: 46276.969 | B12: 69.47 | C12: 0 | E12: =IF(OR(C12=9,B12=""),"",B12-$C$3) -> 69.47 | F12: =IF(C12=9,"",IF(C12=0,E12,IF(C12=1,IF(COUNT(E8:E16)=0,"",TRIMMEAN(E8:E16,0.5)),IF(D12="","",D12)))) -> 69.47 | G12: fuera de la ventana: solo para la media móvil del borde
A13: 46276.979 | B13: 53.9445 | C13: 2 | D13: 70.6579 | E13: =IF(OR(C13=9,B13=""),"",B13-$C$3) -> 53.9445 | F13: =IF(C13=9,"",IF(C13=0,E13,IF(C13=1,IF(COUNT(E9:E17)=0,"",TRIMMEAN(E9:E17,0.5)),IF(D13="","",D13)))) -> 70.6579 | G13: fuera de la ventana: solo para la media móvil del borde
A14: 46276.99 | B14: 71.8457 | C14: 0 | E14: =IF(OR(C14=9,B14=""),"",B14-$C$3) -> 71.8457 | F14: =IF(C14=9,"",IF(C14=0,E14,IF(C14=1,IF(COUNT(E10:E18)=0,"",TRIMMEAN(E10:E18,0.5)),IF(D14="","",D14)))) -> 71.8457 | G14: fuera de la ventana: solo para la media móvil del borde
A15: 46277 | B15: 79.8902 | C15: 1 | E15: =IF(OR(C15=9,B15=""),"",B15-$C$3) -> 79.8902 | F15: =IF(C15=9,"",IF(C15=0,E15,IF(C15=1,IF(COUNT(E11:E19)=0,"",TRIMMEAN(E11:E19,0.5)),IF(D15="","",D15)))) -> 69.22574 | G15: oscilación más rápida que el registro → media recortada de 2 h
A16: 46277.01 | B16: 67.0141 | C16: 1 | E16: =IF(OR(C16=9,B16=""),"",B16-$C$3) -> 67.0141 | F16: =IF(C16=9,"",IF(C16=0,E16,IF(C16=1,IF(COUNT(E12:E20)=0,"",TRIMMEAN(E12:E20,0.5)),IF(D16="","",D16)))) -> 69.2001 | G16: oscilación más rápida que el registro → media recortada de 2 h
A17: 46277.021 | B17: 68.1552 | C17: 1 | E17: =IF(OR(C17=9,B17=""),"",B17-$C$3) -> 68.1552 | F17: =IF(C17=9,"",IF(C17=0,E17,IF(C17=1,IF(COUNT(E13:E21)=0,"",TRIMMEAN(E13:E21,0.5)),IF(D17="","",D17)))) -> 69.67524 | G17: oscilación más rápida que el registro → media recortada de 2 h
A18: 46277.031 | B18: 70.3703 | C18: 1 | E18: =IF(OR(C18=9,B18=""),"",B18-$C$3) -> 70.3703 | F18: =IF(C18=9,"",IF(C18=0,E18,IF(C18=1,IF(COUNT(E14:E22)=0,"",TRIMMEAN(E14:E22,0.5)),IF(D18="","",D18)))) -> 69.67524 | G18: oscilación más rápida que el registro → media recortada de 2 h
A19: 46277.042 | B19: 70.9909 | C19: 1 | E19: =IF(OR(C19=9,B19=""),"",B19-$C$3) -> 70.9909 | F19: =IF(C19=9,"",IF(C19=0,E19,IF(C19=1,IF(COUNT(E15:E23)=0,"",TRIMMEAN(E15:E23,0.5)),IF(D19="","",D19)))) -> 69.36514 | G19: oscilación más rápida que el registro → media recortada de 2 h
A20: 46277.052 | B20: 55.2422 | C20: 1 | E20: =IF(OR(C20=9,B20=""),"",B20-$C$3) -> 55.2422 | F20: =IF(C20=9,"",IF(C20=0,E20,IF(C20=1,IF(COUNT(E16:E24)=0,"",TRIMMEAN(E16:E24,0.5)),IF(D20="","",D20)))) -> 68.80942 | G20: oscilación más rápida que el registro → media recortada de 2 h
A21: 46277.062 | B21: 79.2835 | C21: 1 | E21: =IF(OR(C21=9,B21=""),"",B21-$C$3) -> 79.2835 | F21: =IF(C21=9,"",IF(C21=0,E21,IF(C21=1,IF(COUNT(E17:E25)=0,"",TRIMMEAN(E17:E25,0.5)),IF(D21="","",D21)))) -> 66.54198 | G21: oscilación más rápida que el registro → media recortada de 2 h
A22: 46277.073 | B22: 54.3062 | C22: 1 | E22: =IF(OR(C22=9,B22=""),"",B22-$C$3) -> 54.3062 | F22: =IF(C22=9,"",IF(C22=0,E22,IF(C22=1,IF(COUNT(E18:E26)=0,"",TRIMMEAN(E18:E26,0.5)),IF(D22="","",D22)))) -> 66.42006 | G22: oscilación más rápida que el registro → media recortada de 2 h
A23: 46277.083 | B23: 70.2952 | C23: 1 | E23: =IF(OR(C23=9,B23=""),"",B23-$C$3) -> 70.2952 | F23: =IF(C23=9,"",IF(C23=0,E23,IF(C23=1,IF(COUNT(E19:E27)=0,"",TRIMMEAN(E19:E27,0.5)),IF(D23="","",D23)))) -> 66.54418 | G23: oscilación más rápida que el registro → media recortada de 2 h
A24: 46277.094 | B24: 68.2123 | C24: 1 | E24: =IF(OR(C24=9,B24=""),"",B24-$C$3) -> 68.2123 | F24: =IF(C24=9,"",IF(C24=0,E24,IF(C24=1,IF(COUNT(E20:E28)=0,"",TRIMMEAN(E20:E28,0.5)),IF(D24="","",D24)))) -> 67.00996 | G24: oscilación más rápida que el registro → media recortada de 2 h
A25: 46277.104 | B25: 55.6769 | C25: 1 | E25: =IF(OR(C25=9,B25=""),"",B25-$C$3) -> 55.6769 | F25: =IF(C25=9,"",IF(C25=0,E25,IF(C25=1,IF(COUNT(E21:E29)=0,"",TRIMMEAN(E21:E29,0.5)),IF(D25="","",D25)))) -> 70.7408 | G25: oscilación más rápida que el registro → media recortada de 2 h
... A402: 46281.031 | B402: 71.0275 | C402: 1 | E402: =IF(OR(C402=9,B402=""),"",B402-$C$3) -> 71.0275 | F402: =IF(C402=9,"",IF(C402=0,E402,IF(C402=1,IF(COUNT(E398:E406)=0,"",TRIMMEAN(E398:E406,0.5)),IF(D402="","",D402)))) -> 67.30428 | G402: fuera de la ventana: solo para la media móvil del borde
A403: 46281.042 | B403: 71.8175 | C403: 1 | E403: =IF(OR(C403=9,B403=""),"",B403-$C$3) -> 71.8175 | F403: =IF(C403=9,"",IF(C403=0,E403,IF(C403=1,IF(COUNT(E399:E406)=0,"",TRIMMEAN(E399:E406,0.5)),IF(D403="","",D403)))) -> 67.3795 | G403: fuera de la ventana: solo para la media móvil del borde
A404: 46281.052 | B404: 73.9762 | C404: 1 | E404: =IF(OR(C404=9,B404=""),"",B404-$C$3) -> 73.9762 | F404: =IF(C404=9,"",IF(C404=0,E404,IF(C404=1,IF(COUNT(E400:E406)=0,"",TRIMMEAN(E400:E406,0.5)),IF(D404="","",D404)))) -> 67.87044 | G404: fuera de la ventana: solo para la media móvil del borde
A405: 46281.062 | B405: 65.5275 | C405: 1 | E405: =IF(OR(C405=9,B405=""),"",B405-$C$3) -> 65.5275 | F405: =IF(C405=9,"",IF(C405=0,E405,IF(C405=1,IF(COUNT(E401:E406)=0,"",TRIMMEAN(E401:E406,0.5)),IF(D405="","",D405)))) -> 66.344 | G405: fuera de la ventana: solo para la media móvil del borde
A406: 46281.073 | B406: 57.0035 | C406: 1 | E406: =IF(OR(C406=9,B406=""),"",B406-$C$3) -> 57.0035 | F406: =IF(C406=9,"",IF(C406=0,E406,IF(C406=1,IF(COUNT(E402:E406)=0,"",TRIMMEAN(E402:E406,0.5)),IF(D406="","",D406)))) -> 69.4575 | G406: fuera de la ventana: solo para la media móvil del borde

Sheet L3
A1: L3 · Presión (m) · 3949333_n2a_1
A2: Válido (suavizado)
A3: Offset | C3: 0
A4: Ventana (lecturas a cada lado) | C4: 4
A6: Fecha y hora | B6: Dato inicial (m) | C6: Marca | D6: Reemplazo | E6: Corregido (m) | F6: Dato depurado (m) | G6: Motivo
A7: 46276.917 | B7: 58.5006 | C7: 0 | E7: =IF(OR(C7=9,B7=""),"",B7-$C$3) -> 58.5006 | F7: =IF(C7=9,"",IF(C7=0,E7,IF(C7=1,IF(COUNT(E7:E11)=0,"",TRIMMEAN(E7:E11,0.5)),IF(D7="","",D7)))) -> 58.5006 | G7: fuera de la ventana: solo para la media móvil del borde
A8: 46276.927 | B8: 58.8766 | C8: 0 | E8: =IF(OR(C8=9,B8=""),"",B8-$C$3) -> 58.8766 | F8: =IF(C8=9,"",IF(C8=0,E8,IF(C8=1,IF(COUNT(E7:E12)=0,"",TRIMMEAN(E7:E12,0.5)),IF(D8="","",D8)))) -> 58.8766 | G8: fuera de la ventana: solo para la media móvil del borde
A9: 46276.938 | B9: 58.8903 | C9: 0 | E9: =IF(OR(C9=9,B9=""),"",B9-$C$3) -> 58.8903 | F9: =IF(C9=9,"",IF(C9=0,E9,IF(C9=1,IF(COUNT(E7:E13)=0,"",TRIMMEAN(E7:E13,0.5)),IF(D9="","",D9)))) -> 58.8903 | G9: fuera de la ventana: solo para la media móvil del borde
A10: 46276.948 | B10: 58.7372 | C10: 0 | E10: =IF(OR(C10=9,B10=""),"",B10-$C$3) -> 58.7372 | F10: =IF(C10=9,"",IF(C10=0,E10,IF(C10=1,IF(COUNT(E7:E14)=0,"",TRIMMEAN(E7:E14,0.5)),IF(D10="","",D10)))) -> 58.7372 | G10: fuera de la ventana: solo para la media móvil del borde
A11: 46276.958 | B11: 58.4769 | C11: 0 | E11: =IF(OR(C11=9,B11=""),"",B11-$C$3) -> 58.4769 | F11: =IF(C11=9,"",IF(C11=0,E11,IF(C11=1,IF(COUNT(E7:E15)=0,"",TRIMMEAN(E7:E15,0.5)),IF(D11="","",D11)))) -> 58.4769 | G11: fuera de la ventana: solo para la media móvil del borde
A12: 46276.969 | B12: 59.2128 | C12: 0 | E12: =IF(OR(C12=9,B12=""),"",B12-$C$3) -> 59.2128 | F12: =IF(C12=9,"",IF(C12=0,E12,IF(C12=1,IF(COUNT(E8:E16)=0,"",TRIMMEAN(E8:E16,0.5)),IF(D12="","",D12)))) -> 59.2128 | G12: fuera de la ventana: solo para la media móvil del borde
A13: 46276.979 | B13: 49.7686 | C13: 2 | D13: 58.6911 | E13: =IF(OR(C13=9,B13=""),"",B13-$C$3) -> 49.7686 | F13: =IF(C13=9,"",IF(C13=0,E13,IF(C13=1,IF(COUNT(E9:E17)=0,"",TRIMMEAN(E9:E17,0.5)),IF(D13="","",D13)))) -> 58.6911 | G13: fuera de la ventana: solo para la media móvil del borde
A14: 46276.99 | B14: 58.1694 | C14: 0 | E14: =IF(OR(C14=9,B14=""),"",B14-$C$3) -> 58.1694 | F14: =IF(C14=9,"",IF(C14=0,E14,IF(C14=1,IF(COUNT(E10:E18)=0,"",TRIMMEAN(E10:E18,0.5)),IF(D14="","",D14)))) -> 58.1694 | G14: fuera de la ventana: solo para la media móvil del borde
A15: 46277 | B15: 63.613 | C15: 1 | E15: =IF(OR(C15=9,B15=""),"",B15-$C$3) -> 63.613 | F15: =IF(C15=9,"",IF(C15=0,E15,IF(C15=1,IF(COUNT(E11:E19)=0,"",TRIMMEAN(E11:E19,0.5)),IF(D15="","",D15)))) -> 59.25414 | G15: oscilación más rápida que el registro → media recortada de 2 h
A16: 46277.01 | B16: 60.6534 | C16: 1 | E16: =IF(OR(C16=9,B16=""),"",B16-$C$3) -> 60.6534 | F16: =IF(C16=9,"",IF(C16=0,E16,IF(C16=1,IF(COUNT(E12:E20)=0,"",TRIMMEAN(E12:E20,0.5)),IF(D16="","",D16)))) -> 59.1909 | G16: oscilación más rápida que el registro → media recortada de 2 h
A17: 46277.021 | B17: 60.7418 | C17: 1 | E17: =IF(OR(C17=9,B17=""),"",B17-$C$3) -> 60.7418 | F17: =IF(C17=9,"",IF(C17=0,E17,IF(C17=1,IF(COUNT(E13:E21)=0,"",TRIMMEAN(E13:E21,0.5)),IF(D17="","",D17)))) -> 59.4967 | G17: oscilación más rápida que el registro → media recortada de 2 h
A18: 46277.031 | B18: 59.7582 | C18: 1 | E18: =IF(OR(C18=9,B18=""),"",B18-$C$3) -> 59.7582 | F18: =IF(C18=9,"",IF(C18=0,E18,IF(C18=1,IF(COUNT(E14:E22)=0,"",TRIMMEAN(E14:E22,0.5)),IF(D18="","",D18)))) -> 59.4967 | G18: oscilación más rápida que el registro → media recortada de 2 h
A19: 46277.042 | B19: 58.1607 | C19: 1 | E19: =IF(OR(C19=9,B19=""),"",B19-$C$3) -> 58.1607 | F19: =IF(C19=9,"",IF(C19=0,E19,IF(C19=1,IF(COUNT(E15:E23)=0,"",TRIMMEAN(E15:E23,0.5)),IF(D19="","",D19)))) -> 59.3164 | G19: oscilación más rápida que el registro → media recortada de 2 h
A20: 46277.052 | B20: 56.2357 | C20: 1 | E20: =IF(OR(C20=9,B20=""),"",B20-$C$3) -> 56.2357 | F20: =IF(C20=9,"",IF(C20=0,E20,IF(C20=1,IF(COUNT(E16:E24)=0,"",TRIMMEAN(E16:E24,0.5)),IF(D20="","",D20)))) -> 59.3164 | G20: oscilación más rápida que el registro → media recortada de 2 h
A21: 46277.062 | B21: 64.8569 | C21: 1 | E21: =IF(OR(C21=9,B21=""),"",B21-$C$3) -> 64.8569 | F21: =IF(C21=9,"",IF(C21=0,E21,IF(C21=1,IF(COUNT(E17:E25)=0,"",TRIMMEAN(E17:E25,0.5)),IF(D21="","",D21)))) -> 58.43286 | G21: oscilación más rápida que el registro → media recortada de 2 h
A22: 46277.073 | B22: 53.5537 | C22: 1 | E22: =IF(OR(C22=9,B22=""),"",B22-$C$3) -> 53.5537 | F22: =IF(C22=9,"",IF(C22=0,E22,IF(C22=1,IF(COUNT(E18:E26)=0,"",TRIMMEAN(E18:E26,0.5)),IF(D22="","",D22)))) -> 58.17636 | G22: oscilación más rápida que el registro → media recortada de 2 h
A23: 46277.083 | B23: 57.2679 | C23: 1 | E23: =IF(OR(C23=9,B23=""),"",B23-$C$3) -> 57.2679 | F23: =IF(C23=9,"",IF(C23=0,E23,IF(C23=1,IF(COUNT(E19:E27)=0,"",TRIMMEAN(E19:E27,0.5)),IF(D23="","",D23)))) -> 58.38902 | G23: oscilación más rápida que el registro → media recortada de 2 h
A24: 46277.094 | B24: 61.3544 | C24: 1 | E24: =IF(OR(C24=9,B24=""),"",B24-$C$3) -> 61.3544 | F24: =IF(C24=9,"",IF(C24=0,E24,IF(C24=1,IF(COUNT(E20:E28)=0,"",TRIMMEAN(E20:E28,0.5)),IF(D24="","",D24)))) -> 59.02776 | G24: oscilación más rápida que el registro → media recortada de 2 h
A25: 46277.104 | B25: 48.1001 | C25: 1 | E25: =IF(OR(C25=9,B25=""),"",B25-$C$3) -> 48.1001 | F25: =IF(C25=9,"",IF(C25=0,E25,IF(C25=1,IF(COUNT(E21:E29)=0,"",TRIMMEAN(E21:E29,0.5)),IF(D25="","",D25)))) -> 60.45666 | G25: oscilación más rápida que el registro → media recortada de 2 h
... A402: 46281.031 | B402: 57.9004 | C402: 1 | E402: =IF(OR(C402=9,B402=""),"",B402-$C$3) -> 57.9004 | F402: =IF(C402=9,"",IF(C402=0,E402,IF(C402=1,IF(COUNT(E398:E406)=0,"",TRIMMEAN(E398:E406,0.5)),IF(D402="","",D402)))) -> 59.44936 | G402: fuera de la ventana: solo para la media móvil del borde
A403: 46281.042 | B403: 59.6025 | C403: 1 | E403: =IF(OR(C403=9,B403=""),"",B403-$C$3) -> 59.6025 | F403: =IF(C403=9,"",IF(C403=0,E403,IF(C403=1,IF(COUNT(E399:E406)=0,"",TRIMMEAN(E399:E406,0.5)),IF(D403="","",D403)))) -> 59.489525 | G403: fuera de la ventana: solo para la media móvil del borde
A404: 46281.052 | B404: 60.5862 | C404: 1 | E404: =IF(OR(C404=9,B404=""),"",B404-$C$3) -> 60.5862 | F404: =IF(C404=9,"",IF(C404=0,E404,IF(C404=1,IF(COUNT(E400:E406)=0,"",TRIMMEAN(E400:E406,0.5)),IF(D404="","",D404)))) -> 57.31922 | G404: fuera de la ventana: solo para la media móvil del borde
A405: 46281.062 | B405: 59.869 | C405: 1 | E405: =IF(OR(C405=9,B405=""),"",B405-$C$3) -> 59.869 | F405: =IF(C405=9,"",IF(C405=0,E405,IF(C405=1,IF(COUNT(E401:E406)=0,"",TRIMMEAN(E401:E406,0.5)),IF(D405="","",D405)))) -> 56.502475 | G405: fuera de la ventana: solo para la media móvil del borde
A406: 46281.073 | B406: 46.9982 | C406: 1 | E406: =IF(OR(C406=9,B406=""),"",B406-$C$3) -> 46.9982 | F406: =IF(C406=9,"",IF(C406=0,E406,IF(C406=1,IF(COUNT(E402:E406)=0,"",TRIMMEAN(E402:E406,0.5)),IF(D406="","",D406)))) -> 59.123967 | G406: fuera de la ventana: solo para la media móvil del borde

Sheet Q1
A1: Q1 · Caudal (L/s) · 3950155
A2: Válido
A3: Offset | C3: 0
A4: Ventana (lecturas a cada lado) | C4: 4
A6: Fecha y hora | B6: Dato inicial (L/s) | C6: Marca | D6: Reemplazo | E6: Corregido (L/s) | F6: Dato depurado (L/s) | G6: Motivo
A7: 46276.917 | B7: 13 | C7: 0 | E7: =IF(OR(C7=9,B7=""),"",B7-$C$3) -> 13 | F7: =IF(C7=9,"",IF(C7=0,E7,IF(C7=1,IF(COUNT(E7:E11)=0,"",TRIMMEAN(E7:E11,0.5)),IF(D7="","",D7)))) -> 13 | G7: fuera de la ventana: solo para la media móvil del borde
A8: 46276.927 | B8: 12.5556 | C8: 0 | E8: =IF(OR(C8=9,B8=""),"",B8-$C$3) -> 12.5556 | F8: =IF(C8=9,"",IF(C8=0,E8,IF(C8=1,IF(COUNT(E7:E12)=0,"",TRIMMEAN(E7:E12,0.5)),IF(D8="","",D8)))) -> 12.5556 | G8: fuera de la ventana: solo para la media móvil del borde
A9: 46276.938 | B9: 12.4444 | C9: 0 | E9: =IF(OR(C9=9,B9=""),"",B9-$C$3) -> 12.4444 | F9: =IF(C9=9,"",IF(C9=0,E9,IF(C9=1,IF(COUNT(E7:E13)=0,"",TRIMMEAN(E7:E13,0.5)),IF(D9="","",D9)))) -> 12.4444 | G9: fuera de la ventana: solo para la media móvil del borde
A10: 46276.948 | B10: 12.3333 | C10: 0 | E10: =IF(OR(C10=9,B10=""),"",B10-$C$3) -> 12.3333 | F10: =IF(C10=9,"",IF(C10=0,E10,IF(C10=1,IF(COUNT(E7:E14)=0,"",TRIMMEAN(E7:E14,0.5)),IF(D10="","",D10)))) -> 12.3333 | G10: fuera de la ventana: solo para la media móvil del borde
A11: 46276.958 | B11: 13.2222 | C11: 0 | E11: =IF(OR(C11=9,B11=""),"",B11-$C$3) -> 13.2222 | F11: =IF(C11=9,"",IF(C11=0,E11,IF(C11=1,IF(COUNT(E7:E15)=0,"",TRIMMEAN(E7:E15,0.5)),IF(D11="","",D11)))) -> 13.2222 | G11: fuera de la ventana: solo para la media móvil del borde
A12: 46276.969 | B12: 12.2222 | C12: 0 | E12: =IF(OR(C12=9,B12=""),"",B12-$C$3) -> 12.2222 | F12: =IF(C12=9,"",IF(C12=0,E12,IF(C12=1,IF(COUNT(E8:E16)=0,"",TRIMMEAN(E8:E16,0.5)),IF(D12="","",D12)))) -> 12.2222 | G12: fuera de la ventana: solo para la media móvil del borde
A13: 46276.979 | B13: 11.7778 | C13: 0 | E13: =IF(OR(C13=9,B13=""),"",B13-$C$3) -> 11.7778 | F13: =IF(C13=9,"",IF(C13=0,E13,IF(C13=1,IF(COUNT(E9:E17)=0,"",TRIMMEAN(E9:E17,0.5)),IF(D13="","",D13)))) -> 11.7778 | G13: fuera de la ventana: solo para la media móvil del borde
A14: 46276.99 | B14: 11.5556 | C14: 0 | E14: =IF(OR(C14=9,B14=""),"",B14-$C$3) -> 11.5556 | F14: =IF(C14=9,"",IF(C14=0,E14,IF(C14=1,IF(COUNT(E10:E18)=0,"",TRIMMEAN(E10:E18,0.5)),IF(D14="","",D14)))) -> 11.5556 | G14: fuera de la ventana: solo para la media móvil del borde
A15: 46277 | B15: 11.7778 | C15: 0 | E15: =IF(OR(C15=9,B15=""),"",B15-$C$3) -> 11.7778 | F15: =IF(C15=9,"",IF(C15=0,E15,IF(C15=1,IF(COUNT(E11:E19)=0,"",TRIMMEAN(E11:E19,0.5)),IF(D15="","",D15)))) -> 11.7778
A16: 46277.01 | B16: 11 | C16: 0 | E16: =IF(OR(C16=9,B16=""),"",B16-$C$3) -> 11 | F16: =IF(C16=9,"",IF(C16=0,E16,IF(C16=1,IF(COUNT(E12:E20)=0,"",TRIMMEAN(E12:E20,0.5)),IF(D16="","",D16)))) -> 11
A17: 46277.021 | B17: 10.6667 | C17: 0 | E17: =IF(OR(C17=9,B17=""),"",B17-$C$3) -> 10.6667 | F17: =IF(C17=9,"",IF(C17=0,E17,IF(C17=1,IF(COUNT(E13:E21)=0,"",TRIMMEAN(E13:E21,0.5)),IF(D17="","",D17)))) -> 10.6667
A18: 46277.031 | B18: 10.3333 | C18: 0 | E18: =IF(OR(C18=9,B18=""),"",B18-$C$3) -> 10.3333 | F18: =IF(C18=9,"",IF(C18=0,E18,IF(C18=1,IF(COUNT(E14:E22)=0,"",TRIMMEAN(E14:E22,0.5)),IF(D18="","",D18)))) -> 10.3333
A19: 46277.042 | B19: 10.5556 | C19: 0 | E19: =IF(OR(C19=9,B19=""),"",B19-$C$3) -> 10.5556 | F19: =IF(C19=9,"",IF(C19=0,E19,IF(C19=1,IF(COUNT(E15:E23)=0,"",TRIMMEAN(E15:E23,0.5)),IF(D19="","",D19)))) -> 10.5556
A20: 46277.052 | B20: 10.5556 | C20: 0 | E20: =IF(OR(C20=9,B20=""),"",B20-$C$3) -> 10.5556 | F20: =IF(C20=9,"",IF(C20=0,E20,IF(C20=1,IF(COUNT(E16:E24)=0,"",TRIMMEAN(E16:E24,0.5)),IF(D20="","",D20)))) -> 10.5556
A21: 46277.062 | B21: 10.5556 | C21: 0 | E21: =IF(OR(C21=9,B21=""),"",B21-$C$3) -> 10.5556 | F21: =IF(C21=9,"",IF(C21=0,E21,IF(C21=1,IF(COUNT(E17:E25)=0,"",TRIMMEAN(E17:E25,0.5)),IF(D21="","",D21)))) -> 10.5556
A22: 46277.073 | B22: 10.4444 | C22: 0 | E22: =IF(OR(C22=9,B22=""),"",B22-$C$3) -> 10.4444 | F22: =IF(C22=9,"",IF(C22=0,E22,IF(C22=1,IF(COUNT(E18:E26)=0,"",TRIMMEAN(E18:E26,0.5)),IF(D22="","",D22)))) -> 10.4444
A23: 46277.083 | B23: 10.5556 | C23: 0 | E23: =IF(OR(C23=9,B23=""),"",B23-$C$3) -> 10.5556 | F23: =IF(C23=9,"",IF(C23=0,E23,IF(C23=1,IF(COUNT(E19:E27)=0,"",TRIMMEAN(E19:E27,0.5)),IF(D23="","",D23)))) -> 10.5556
A24: 46277.094 | B24: 10.3333 | C24: 0 | E24: =IF(OR(C24=9,B24=""),"",B24-$C$3) -> 10.3333 | F24: =IF(C24=9,"",IF(C24=0,E24,IF(C24=1,IF(COUNT(E20:E28)=0,"",TRIMMEAN(E20:E28,0.5)),IF(D24="","",D24)))) -> 10.3333
A25: 46277.104 | B25: 10.5556 | C25: 0 | E25: =IF(OR(C25=9,B25=""),"",B25-$C$3) -> 10.5556 | F25: =IF(C25=9,"",IF(C25=0,E25,IF(C25=1,IF(COUNT(E21:E29)=0,"",TRIMMEAN(E21:E29,0.5)),IF(D25="","",D25)))) -> 10.5556
A26: 46277.115 | B26: 10.3333 | C26: 0 | E26: =IF(OR(C26=9,B26=""),"",B26-$C$3) -> 10.3333 | F26: =IF(C26=9,"",IF(C26=0,E26,IF(C26=1,IF(COUNT(E22:E30)=0,"",TRIMMEAN(E22:E30,0.5)),IF(D26="","",D26)))) -> 10.3333
... A246: 46279.406 | B246: 17.3333 | C246: 0 | E246: =IF(OR(C246=9,B246=""),"",B246-$C$3) -> 17.3333 | F246: =IF(C246=9,"",IF(C246=0,E246,IF(C246=1,IF(COUNT(E242:E250)=0,"",TRIMMEAN(E242:E250,0.5)),IF(D246="","",D246)))) -> 17.3333
A247: 46279.417 | B247: 20.2222 | C247: 2 | D247: 17.9444 | E247: =IF(OR(C247=9,B247=""),"",B247-$C$3) -> 20.2222 | F247: =IF(C247=9,"",IF(C247=0,E247,IF(C247=1,IF(COUNT(E243:E251)=0,"",TRIMMEAN(E243:E251,0.5)),IF(D247="","",D247)))) -> 17.9444 | G247: pico aislado
A248: 46279.427 | B248: 18.5556 | C248: 0 | E248: =IF(OR(C248=9,B248=""),"",B248-$C$3) -> 18.5556 | F248: =IF(C248=9,"",IF(C248=0,E248,IF(C248=1,IF(COUNT(E244:E252)=0,"",TRIMMEAN(E244:E252,0.5)),IF(D248="","",D248)))) -> 18.5556
A249: 46279.438 | B249: 19.1111 | C249: 0 | E249: =IF(OR(C249=9,B249=""),"",B249-$C$3) -> 19.1111 | F249: =IF(C249=9,"",IF(C249=0,E249,IF(C249=1,IF(COUNT(E245:E253)=0,"",TRIMMEAN(E245:E253,0.5)),IF(D249="","",D249)))) -> 19.1111
A250: 46279.448 | B250: 17.5556 | C250: 0 | E250: =IF(OR(C250=9,B250=""),"",B250-$C$3) -> 17.5556 | F250: =IF(C250=9,"",IF(C250=0,E250,IF(C250=1,IF(COUNT(E246:E254)=0,"",TRIMMEAN(E246:E254,0.5)),IF(D250="","",D250)))) -> 17.5556
A251: 46279.458 | B251: 17.8889 | C251: 0 | E251: =IF(OR(C251=9,B251=""),"",B251-$C$3) -> 17.8889 | F251: =IF(C251=9,"",IF(C251=0,E251,IF(C251=1,IF(COUNT(E247:E255)=0,"",TRIMMEAN(E247:E255,0.5)),IF(D251="","",D251)))) -> 17.8889
A252: 46279.469 | B252: 17.3333 | C252: 0 | E252: =IF(OR(C252=9,B252=""),"",B252-$C$3) -> 17.3333 | F252: =IF(C252=9,"",IF(C252=0,E252,IF(C252=1,IF(COUNT(E248:E256)=0,"",TRIMMEAN(E248:E256,0.5)),IF(D252="","",D252)))) -> 17.3333
A253: 46279.479 | B253: 18.2222 | C253: 0 | E253: =IF(OR(C253=9,B253=""),"",B253-$C$3) -> 18.2222 | F253: =IF(C253=9,"",IF(C253=0,E253,IF(C253=1,IF(COUNT(E249:E257)=0,"",TRIMMEAN(E249:E257,0.5)),IF(D253="","",D253)))) -> 18.2222
A254: 46279.49 | B254: 18.7778 | C254: 0 | E254: =IF(OR(C254=9,B254=""),"",B254-$C$3) -> 18.7778 | F254: =IF(C254=9,"",IF(C254=0,E254,IF(C254=1,IF(COUNT(E250:E258)=0,"",TRIMMEAN(E250:E258,0.5)),IF(D254="","",D254)))) -> 18.7778
A255: 46279.5 | B255: 16.7778 | C255: 0 | E255: =IF(OR(C255=9,B255=""),"",B255-$C$3) -> 16.7778 | F255: =IF(C255=9,"",IF(C255=0,E255,IF(C255=1,IF(COUNT(E251:E259)=0,"",TRIMMEAN(E251:E259,0.5)),IF(D255="","",D255)))) -> 16.7778
A256: 46279.51 | B256: 16.8889 | C256: 0 | E256: =IF(OR(C256=9,B256=""),"",B256-$C$3) -> 16.8889 | F256: =IF(C256=9,"",IF(C256=0,E256,IF(C256=1,IF(COUNT(E252:E260)=0,"",TRIMMEAN(E252:E260,0.5)),IF(D256="","",D256)))) -> 16.8889
A257: 46279.521 | B257: 16.1111 | C257: 0 | E257: =IF(OR(C257=9,B257=""),"",B257-$C$3) -> 16.1111 | F257: =IF(C257=9,"",IF(C257=0,E257,IF(C257=1,IF(COUNT(E253:E261)=0,"",TRIMMEAN(E253:E261,0.5)),IF(D257="","",D257)))) -> 16.1111
A258: 46279.531 | B258: 16.4444 | C258: 0 | E258: =IF(OR(C258=9,B258=""),"",B258-$C$3) -> 16.4444 | F258: =IF(C258=9,"",IF(C258=0,E258,IF(C258=1,IF(COUNT(E254:E262)=0,"",TRIMMEAN(E254:E262,0.5)),IF(D258="","",D258)))) -> 16.4444
A259: 46279.542 | B259: 15.8889 | C259: 0 | E259: =IF(OR(C259=9,B259=""),"",B259-$C$3) -> 15.8889 | F259: =IF(C259=9,"",IF(C259=0,E259,IF(C259=1,IF(COUNT(E255:E263)=0,"",TRIMMEAN(E255:E263,0.5)),IF(D259="","",D259)))) -> 15.8889
... A398: 46280.99 | B398: 12.5556 | C398: 0 | E398: =IF(OR(C398=9,B398=""),"",B398-$C$3) -> 12.5556 | F398: =IF(C398=9,"",IF(C398=0,E398,IF(C398=1,IF(COUNT(E394:E402)=0,"",TRIMMEAN(E394:E402,0.5)),IF(D398="","",D398)))) -> 12.5556
A399: 46281 | B399: 11.8889 | C399: 0 | E399: =IF(OR(C399=9,B399=""),"",B399-$C$3) -> 11.8889 | F399: =IF(C399=9,"",IF(C399=0,E399,IF(C399=1,IF(COUNT(E395:E403)=0,"",TRIMMEAN(E395:E403,0.5)),IF(D399="","",D399)))) -> 11.8889 | G399: fuera de la ventana: solo para la media móvil del borde
A400: 46281.01 | B400: 10.1111 | C400: 0 | E400: =IF(OR(C400=9,B400=""),"",B400-$C$3) -> 10.1111 | F400: =IF(C400=9,"",IF(C400=0,E400,IF(C400=1,IF(COUNT(E396:E404)=0,"",TRIMMEAN(E396:E404,0.5)),IF(D400="","",D400)))) -> 10.1111 | G400: fuera de la ventana: solo para la media móvil del borde
A401: 46281.021 | B401: 10.4444 | C401: 0 | E401: =IF(OR(C401=9,B401=""),"",B401-$C$3) -> 10.4444 | F401: =IF(C401=9,"",IF(C401=0,E401,IF(C401=1,IF(COUNT(E397:E405)=0,"",TRIMMEAN(E397:E405,0.5)),IF(D401="","",D401)))) -> 10.4444 | G401: fuera de la ventana: solo para la media móvil del borde
A402: 46281.031 | B402: 10.1111 | C402: 0 | E402: =IF(OR(C402=9,B402=""),"",B402-$C$3) -> 10.1111 | F402: =IF(C402=9,"",IF(C402=0,E402,IF(C402=1,IF(COUNT(E398:E406)=0,"",TRIMMEAN(E398:E406,0.5)),IF(D402="","",D402)))) -> 10.1111 | G402: fuera de la ventana: solo para la media móvil del borde
A403: 46281.042 | B403: 9.8889 | C403: 0 | E403: =IF(OR(C403=9,B403=""),"",B403-$C$3) -> 9.8889 | F403: =IF(C403=9,"",IF(C403=0,E403,IF(C403=1,IF(COUNT(E399:E406)=0,"",TRIMMEAN(E399:E406,0.5)),IF(D403="","",D403)))) -> 9.8889 | G403: fuera de la ventana: solo para la media móvil del borde
A404: 46281.052 | B404: 10 | C404: 0 | E404: =IF(OR(C404=9,B404=""),"",B404-$C$3) -> 10 | F404: =IF(C404=9,"",IF(C404=0,E404,IF(C404=1,IF(COUNT(E400:E406)=0,"",TRIMMEAN(E400:E406,0.5)),IF(D404="","",D404)))) -> 10 | G404: fuera de la ventana: solo para la media móvil del borde
A405: 46281.062 | B405: 9.5556 | C405: 0 | E405: =IF(OR(C405=9,B405=""),"",B405-$C$3) -> 9.5556 | F405: =IF(C405=9,"",IF(C405=0,E405,IF(C405=1,IF(COUNT(E401:E406)=0,"",TRIMMEAN(E401:E406,0.5)),IF(D405="","",D405)))) -> 9.5556 | G405: fuera de la ventana: solo para la media móvil del borde
A406: 46281.073 | B406: 9.8889 | C406: 0 | E406: =IF(OR(C406=9,B406=""),"",B406-$C$3) -> 9.8889 | F406: =IF(C406=9,"",IF(C406=0,E406,IF(C406=1,IF(COUNT(E402:E406)=0,"",TRIMMEAN(E402:E406,0.5)),IF(D406="","",D406)))) -> 9.8889 | G406: fuera de la ventana: solo para la media móvil del borde

Sheet Q2
A1: Q2 · Caudal (L/s) · 3950006
A2: Válido
A3: Offset | C3: 0
A4: Ventana (lecturas a cada lado) | C4: 4
A6: Fecha y hora | B6: Dato inicial (L/s) | C6: Marca | D6: Reemplazo | E6: Corregido (L/s) | F6: Dato depurado (L/s) | G6: Motivo
A7: 46276.917 | B7: 3.2052 | C7: 0 | E7: =IF(OR(C7=9,B7=""),"",B7-$C$3) -> 3.2052 | F7: =IF(C7=9,"",IF(C7=0,E7,IF(C7=1,IF(COUNT(E7:E11)=0,"",TRIMMEAN(E7:E11,0.5)),IF(D7="","",D7)))) -> 3.2052 | G7: fuera de la ventana: solo para la media móvil del borde
A8: 46276.927 | B8: 3.3081 | C8: 0 | E8: =IF(OR(C8=9,B8=""),"",B8-$C$3) -> 3.3081 | F8: =IF(C8=9,"",IF(C8=0,E8,IF(C8=1,IF(COUNT(E7:E12)=0,"",TRIMMEAN(E7:E12,0.5)),IF(D8="","",D8)))) -> 3.3081 | G8: fuera de la ventana: solo para la media móvil del borde
A9: 46276.938 | B9: 3.0836 | C9: 0 | E9: =IF(OR(C9=9,B9=""),"",B9-$C$3) -> 3.0836 | F9: =IF(C9=9,"",IF(C9=0,E9,IF(C9=1,IF(COUNT(E7:E13)=0,"",TRIMMEAN(E7:E13,0.5)),IF(D9="","",D9)))) -> 3.0836 | G9: fuera de la ventana: solo para la media móvil del borde
A10: 46276.948 | B10: 3.1086 | C10: 0 | E10: =IF(OR(C10=9,B10=""),"",B10-$C$3) -> 3.1086 | F10: =IF(C10=9,"",IF(C10=0,E10,IF(C10=1,IF(COUNT(E7:E14)=0,"",TRIMMEAN(E7:E14,0.5)),IF(D10="","",D10)))) -> 3.1086 | G10: fuera de la ventana: solo para la media móvil del borde
A11: 46276.958 | B11: 3.1168 | C11: 0 | E11: =IF(OR(C11=9,B11=""),"",B11-$C$3) -> 3.1168 | F11: =IF(C11=9,"",IF(C11=0,E11,IF(C11=1,IF(COUNT(E7:E15)=0,"",TRIMMEAN(E7:E15,0.5)),IF(D11="","",D11)))) -> 3.1168 | G11: fuera de la ventana: solo para la media móvil del borde
A12: 46276.969 | B12: 3.4216 | C12: 0 | E12: =IF(OR(C12=9,B12=""),"",B12-$C$3) -> 3.4216 | F12: =IF(C12=9,"",IF(C12=0,E12,IF(C12=1,IF(COUNT(E8:E16)=0,"",TRIMMEAN(E8:E16,0.5)),IF(D12="","",D12)))) -> 3.4216 | G12: fuera de la ventana: solo para la media móvil del borde
A13: 46276.979 | B13: 2.303 | C13: 0 | E13: =IF(OR(C13=9,B13=""),"",B13-$C$3) -> 2.303 | F13: =IF(C13=9,"",IF(C13=0,E13,IF(C13=1,IF(COUNT(E9:E17)=0,"",TRIMMEAN(E9:E17,0.5)),IF(D13="","",D13)))) -> 2.303 | G13: fuera de la ventana: solo para la media móvil del borde
A14: 46276.99 | B14: 3.2829 | C14: 0 | E14: =IF(OR(C14=9,B14=""),"",B14-$C$3) -> 3.2829 | F14: =IF(C14=9,"",IF(C14=0,E14,IF(C14=1,IF(COUNT(E10:E18)=0,"",TRIMMEAN(E10:E18,0.5)),IF(D14="","",D14)))) -> 3.2829 | G14: fuera de la ventana: solo para la media móvil del borde
A15: 46277 | B15: 2.9264 | C15: 0 | E15: =IF(OR(C15=9,B15=""),"",B15-$C$3) -> 2.9264 | F15: =IF(C15=9,"",IF(C15=0,E15,IF(C15=1,IF(COUNT(E11:E19)=0,"",TRIMMEAN(E11:E19,0.5)),IF(D15="","",D15)))) -> 2.9264
A16: 46277.01 | B16: 2.5034 | C16: 0 | E16: =IF(OR(C16=9,B16=""),"",B16-$C$3) -> 2.5034 | F16: =IF(C16=9,"",IF(C16=0,E16,IF(C16=1,IF(COUNT(E12:E20)=0,"",TRIMMEAN(E12:E20,0.5)),IF(D16="","",D16)))) -> 2.5034
A17: 46277.021 | B17: 2.7505 | C17: 0 | E17: =IF(OR(C17=9,B17=""),"",B17-$C$3) -> 2.7505 | F17: =IF(C17=9,"",IF(C17=0,E17,IF(C17=1,IF(COUNT(E13:E21)=0,"",TRIMMEAN(E13:E21,0.5)),IF(D17="","",D17)))) -> 2.7505
A18: 46277.031 | B18: 2.9712 | C18: 0 | E18: =IF(OR(C18=9,B18=""),"",B18-$C$3) -> 2.9712 | F18: =IF(C18=9,"",IF(C18=0,E18,IF(C18=1,IF(COUNT(E14:E22)=0,"",TRIMMEAN(E14:E22,0.5)),IF(D18="","",D18)))) -> 2.9712
A19: 46277.042 | B19: 2.8581 | C19: 0 | E19: =IF(OR(C19=9,B19=""),"",B19-$C$3) -> 2.8581 | F19: =IF(C19=9,"",IF(C19=0,E19,IF(C19=1,IF(COUNT(E15:E23)=0,"",TRIMMEAN(E15:E23,0.5)),IF(D19="","",D19)))) -> 2.8581
A20: 46277.052 | B20: 3.0728 | C20: 0 | E20: =IF(OR(C20=9,B20=""),"",B20-$C$3) -> 3.0728 | F20: =IF(C20=9,"",IF(C20=0,E20,IF(C20=1,IF(COUNT(E16:E24)=0,"",TRIMMEAN(E16:E24,0.5)),IF(D20="","",D20)))) -> 3.0728
A21: 46277.062 | B21: 2.046 | C21: 0 | E21: =IF(OR(C21=9,B21=""),"",B21-$C$3) -> 2.046 | F21: =IF(C21=9,"",IF(C21=0,E21,IF(C21=1,IF(COUNT(E17:E25)=0,"",TRIMMEAN(E17:E25,0.5)),IF(D21="","",D21)))) -> 2.046
A22: 46277.073 | B22: 2.9902 | C22: 0 | E22: =IF(OR(C22=9,B22=""),"",B22-$C$3) -> 2.9902 | F22: =IF(C22=9,"",IF(C22=0,E22,IF(C22=1,IF(COUNT(E18:E26)=0,"",TRIMMEAN(E18:E26,0.5)),IF(D22="","",D22)))) -> 2.9902
A23: 46277.083 | B23: 2.7464 | C23: 0 | E23: =IF(OR(C23=9,B23=""),"",B23-$C$3) -> 2.7464 | F23: =IF(C23=9,"",IF(C23=0,E23,IF(C23=1,IF(COUNT(E19:E27)=0,"",TRIMMEAN(E19:E27,0.5)),IF(D23="","",D23)))) -> 2.7464
A24: 46277.094 | B24: 2.9129 | C24: 0 | E24: =IF(OR(C24=9,B24=""),"",B24-$C$3) -> 2.9129 | F24: =IF(C24=9,"",IF(C24=0,E24,IF(C24=1,IF(COUNT(E20:E28)=0,"",TRIMMEAN(E20:E28,0.5)),IF(D24="","",D24)))) -> 2.9129
A25: 46277.104 | B25: 2.9837 | C25: 0 | E25: =IF(OR(C25=9,B25=""),"",B25-$C$3) -> 2.9837 | F25: =IF(C25=9,"",IF(C25=0,E25,IF(C25=1,IF(COUNT(E21:E29)=0,"",TRIMMEAN(E21:E29,0.5)),IF(D25="","",D25)))) -> 2.9837
A26: 46277.115 | B26: 3.0348 | C26: 0 | E26: =IF(OR(C26=9,B26=""),"",B26-$C$3) -> 3.0348 | F26: =IF(C26=9,"",IF(C26=0,E26,IF(C26=1,IF(COUNT(E22:E30)=0,"",TRIMMEAN(E22:E30,0.5)),IF(D26="","",D26)))) -> 3.0348
... A145: 46278.354 | B145: 3.9952 | C145: 0 | E145: =IF(OR(C145=9,B145=""),"",B145-$C$3) -> 3.9952 | F145: =IF(C145=9,"",IF(C145=0,E145,IF(C145=1,IF(COUNT(E141:E149)=0,"",TRIMMEAN(E141:E149,0.5)),IF(D145="","",D145)))) -> 3.9952
A146: 46278.365 | B146: 8.3144 | C146: 2 | D146: 4.2885 | E146: =IF(OR(C146=9,B146=""),"",B146-$C$3) -> 8.3144 | F146: =IF(C146=9,"",IF(C146=0,E146,IF(C146=1,IF(COUNT(E142:E150)=0,"",TRIMMEAN(E142:E150,0.5)),IF(D146="","",D146)))) -> 4.2885 | G146: pico aislado
A147: 46278.375 | B147: 4.5818 | C147: 0 | E147: =IF(OR(C147=9,B147=""),"",B147-$C$3) -> 4.5818 | F147: =IF(C147=9,"",IF(C147=0,E147,IF(C147=1,IF(COUNT(E143:E151)=0,"",TRIMMEAN(E143:E151,0.5)),IF(D147="","",D147)))) -> 4.5818
A148: 46278.385 | B148: 6.0021 | C148: 0 | E148: =IF(OR(C148=9,B148=""),"",B148-$C$3) -> 6.0021 | F148: =IF(C148=9,"",IF(C148=0,E148,IF(C148=1,IF(COUNT(E144:E152)=0,"",TRIMMEAN(E144:E152,0.5)),IF(D148="","",D148)))) -> 6.0021
A149: 46278.396 | B149: 4.0868 | C149: 0 | E149: =IF(OR(C149=9,B149=""),"",B149-$C$3) -> 4.0868 | F149: =IF(C149=9,"",IF(C149=0,E149,IF(C149=1,IF(COUNT(E145:E153)=0,"",TRIMMEAN(E145:E153,0.5)),IF(D149="","",D149)))) -> 4.0868
A150: 46278.406 | B150: 5.7199 | C150: 0 | E150: =IF(OR(C150=9,B150=""),"",B150-$C$3) -> 5.7199 | F150: =IF(C150=9,"",IF(C150=0,E150,IF(C150=1,IF(COUNT(E146:E154)=0,"",TRIMMEAN(E146:E154,0.5)),IF(D150="","",D150)))) -> 5.7199
A151: 46278.417 | B151: 5.5404 | C151: 0 | E151: =IF(OR(C151=9,B151=""),"",B151-$C$3) -> 5.5404 | F151: =IF(C151=9,"",IF(C151=0,E151,IF(C151=1,IF(COUNT(E147:E155)=0,"",TRIMMEAN(E147:E155,0.5)),IF(D151="","",D151)))) -> 5.5404
A152: 46278.427 | B152: 6.5379 | C152: 0 | E152: =IF(OR(C152=9,B152=""),"",B152-$C$3) -> 6.5379 | F152: =IF(C152=9,"",IF(C152=0,E152,IF(C152=1,IF(COUNT(E148:E156)=0,"",TRIMMEAN(E148:E156,0.5)),IF(D152="","",D152)))) -> 6.5379
A153: 46278.438 | B153: 5.8672 | C153: 0 | E153: =IF(OR(C153=9,B153=""),"",B153-$C$3) -> 5.8672 | F153: =IF(C153=9,"",IF(C153=0,E153,IF(C153=1,IF(COUNT(E149:E157)=0,"",TRIMMEAN(E149:E157,0.5)),IF(D153="","",D153)))) -> 5.8672
A154: 46278.448 | B154: 6.09 | C154: 0 | E154: =IF(OR(C154=9,B154=""),"",B154-$C$3) -> 6.09 | F154: =IF(C154=9,"",IF(C154=0,E154,IF(C154=1,IF(COUNT(E150:E158)=0,"",TRIMMEAN(E150:E158,0.5)),IF(D154="","",D154)))) -> 6.09
A155: 46278.458 | B155: 5.4447 | C155: 0 | E155: =IF(OR(C155=9,B155=""),"",B155-$C$3) -> 5.4447 | F155: =IF(C155=9,"",IF(C155=0,E155,IF(C155=1,IF(COUNT(E151:E159)=0,"",TRIMMEAN(E151:E159,0.5)),IF(D155="","",D155)))) -> 5.4447
A156: 46278.469 | B156: 5.2057 | C156: 0 | E156: =IF(OR(C156=9,B156=""),"",B156-$C$3) -> 5.2057 | F156: =IF(C156=9,"",IF(C156=0,E156,IF(C156=1,IF(COUNT(E152:E160)=0,"",TRIMMEAN(E152:E160,0.5)),IF(D156="","",D156)))) -> 5.2057
A157: 46278.479 | B157: 5.0909 | C157: 0 | E157: =IF(OR(C157=9,B157=""),"",B157-$C$3) -> 5.0909 | F157: =IF(C157=9,"",IF(C157=0,E157,IF(C157=1,IF(COUNT(E153:E161)=0,"",TRIMMEAN(E153:E161,0.5)),IF(D157="","",D157)))) -> 5.0909
A158: 46278.49 | B158: 5.3614 | C158: 0 | E158: =IF(OR(C158=9,B158=""),"",B158-$C$3) -> 5.3614 | F158: =IF(C158=9,"",IF(C158=0,E158,IF(C158=1,IF(COUNT(E154:E162)=0,"",TRIMMEAN(E154:E162,0.5)),IF(D158="","",D158)))) -> 5.3614
... A238: 46279.323 | B238: 6.3244 | C238: 0 | E238: =IF(OR(C238=9,B238=""),"",B238-$C$3) -> 6.3244 | F238: =IF(C238=9,"",IF(C238=0,E238,IF(C238=1,IF(COUNT(E234:E242)=0,"",TRIMMEAN(E234:E242,0.5)),IF(D238="","",D238)))) -> 6.3244
A239: 46279.333 | B239: 8.4105 | C239: 2 | D239: 6.0183 | E239: =IF(OR(C239=9,B239=""),"",B239-$C$3) -> 8.4105 | F239: =IF(C239=9,"",IF(C239=0,E239,IF(C239=1,IF(COUNT(E235:E243)=0,"",TRIMMEAN(E235:E243,0.5)),IF(D239="","",D239)))) -> 6.0183 | G239: pico aislado
A240: 46279.344 | B240: 5.7122 | C240: 0 | E240: =IF(OR(C240=9,B240=""),"",B240-$C$3) -> 5.7122 | F240: =IF(C240=9,"",IF(C240=0,E240,IF(C240=1,IF(COUNT(E236:E244)=0,"",TRIMMEAN(E236:E244,0.5)),IF(D240="","",D240)))) -> 5.7122
A241: 46279.354 | B241: 8.6549 | C241: 2 | D241: 5.6388 | E241: =IF(OR(C241=9,B241=""),"",B241-$C$3) -> 8.6549 | F241: =IF(C241=9,"",IF(C241=0,E241,IF(C241=1,IF(COUNT(E237:E245)=0,"",TRIMMEAN(E237:E245,0.5)),IF(D241="","",D241)))) -> 5.6388 | G241: pico aislado
A242: 46279.365 | B242: 5.5653 | C242: 0 | E242: =IF(OR(C242=9,B242=""),"",B242-$C$3) -> 5.5653 | F242: =IF(C242=9,"",IF(C242=0,E242,IF(C242=1,IF(COUNT(E238:E246)=0,"",TRIMMEAN(E238:E246,0.5)),IF(D242="","",D242)))) -> 5.5653
A243: 46279.375 | B243: 7.1835 | C243: 0 | E243: =IF(OR(C243=9,B243=""),"",B243-$C$3) -> 7.1835 | F243: =IF(C243=9,"",IF(C243=0,E243,IF(C243=1,IF(COUNT(E239:E247)=0,"",TRIMMEAN(E239:E247,0.5)),IF(D243="","",D243)))) -> 7.1835
A244: 46279.385 | B244: 6.141 | C244: 0 | E244: =IF(OR(C244=9,B244=""),"",B244-$C$3) -> 6.141 | F244: =IF(C244=9,"",IF(C244=0,E244,IF(C244=1,IF(COUNT(E240:E248)=0,"",TRIMMEAN(E240:E248,0.5)),IF(D244="","",D244)))) -> 6.141
A245: 46279.396 | B245: 6.3746 | C245: 0 | E245: =IF(OR(C245=9,B245=""),"",B245-$C$3) -> 6.3746 | F245: =IF(C245=9,"",IF(C245=0,E245,IF(C245=1,IF(COUNT(E241:E249)=0,"",TRIMMEAN(E241:E249,0.5)),IF(D245="","",D245)))) -> 6.3746
A246: 46279.406 | B246: 6.8467 | C246: 0 | E246: =IF(OR(C246=9,B246=""),"",B246-$C$3) -> 6.8467 | F246: =IF(C246=9,"",IF(C246=0,E246,IF(C246=1,IF(COUNT(E242:E250)=0,"",TRIMMEAN(E242:E250,0.5)),IF(D246="","",D246)))) -> 6.8467
A247: 46279.417 | B247: 6.9482 | C247: 0 | E247: =IF(OR(C247=9,B247=""),"",B247-$C$3) -> 6.9482 | F247: =IF(C247=9,"",IF(C247=0,E247,IF(C247=1,IF(COUNT(E243:E251)=0,"",TRIMMEAN(E243:E251,0.5)),IF(D247="","",D247)))) -> 6.9482
A248: 46279.427 | B248: 6.9191 | C248: 0 | E248: =IF(OR(C248=9,B248=""),"",B248-$C$3) -> 6.9191 | F248: =IF(C248=9,"",IF(C248=0,E248,IF(C248=1,IF(COUNT(E244:E252)=0,"",TRIMMEAN(E244:E252,0.5)),IF(D248="","",D248)))) -> 6.9191
A249: 46279.438 | B249: 9.1521 | C249: 2 | D249: 6.6432 | E249: =IF(OR(C249=9,B249=""),"",B249-$C$3) -> 9.1521 | F249: =IF(C249=9,"",IF(C249=0,E249,IF(C249=1,IF(COUNT(E245:E253)=0,"",TRIMMEAN(E245:E253,0.5)),IF(D249="","",D249)))) -> 6.6432 | G249: pico aislado
A250: 46279.448 | B250: 6.3674 | C250: 0 | E250: =IF(OR(C250=9,B250=""),"",B250-$C$3) -> 6.3674 | F250: =IF(C250=9,"",IF(C250=0,E250,IF(C250=1,IF(COUNT(E246:E254)=0,"",TRIMMEAN(E246:E254,0.5)),IF(D250="","",D250)))) -> 6.3674
A251: 46279.458 | B251: 9.3152 | C251: 2 | D251: 6.7699 | E251: =IF(OR(C251=9,B251=""),"",B251-$C$3) -> 9.3152 | F251: =IF(C251=9,"",IF(C251=0,E251,IF(C251=1,IF(COUNT(E247:E255)=0,"",TRIMMEAN(E247:E255,0.5)),IF(D251="","",D251)))) -> 6.7699 | G251: pico aislado
A252: 46279.469 | B252: 7.1723 | C252: 0 | E252: =IF(OR(C252=9,B252=""),"",B252-$C$3) -> 7.1723 | F252: =IF(C252=9,"",IF(C252=0,E252,IF(C252=1,IF(COUNT(E248:E256)=0,"",TRIMMEAN(E248:E256,0.5)),IF(D252="","",D252)))) -> 7.1723
A253: 46279.479 | B253: 6.7634 | C253: 0 | E253: =IF(OR(C253=9,B253=""),"",B253-$C$3) -> 6.7634 | F253: =IF(C253=9,"",IF(C253=0,E253,IF(C253=1,IF(COUNT(E249:E257)=0,"",TRIMMEAN(E249:E257,0.5)),IF(D253="","",D253)))) -> 6.7634
A254: 46279.49 | B254: 5.8898 | C254: 0 | E254: =IF(OR(C254=9,B254=""),"",B254-$C$3) -> 5.8898 | F254: =IF(C254=9,"",IF(C254=0,E254,IF(C254=1,IF(COUNT(E250:E258)=0,"",TRIMMEAN(E250:E258,0.5)),IF(D254="","",D254)))) -> 5.8898
A255: 46279.5 | B255: 5.7822 | C255: 0 | E255: =IF(OR(C255=9,B255=""),"",B255-$C$3) -> 5.7822 | F255: =IF(C255=9,"",IF(C255=0,E255,IF(C255=1,IF(COUNT(E251:E259)=0,"",TRIMMEAN(E251:E259,0.5)),IF(D255="","",D255)))) -> 5.7822
A256: 46279.51 | B256: 5.5052 | C256: 0 | E256: =IF(OR(C256=9,B256=""),"",B256-$C$3) -> 5.5052 | F256: =IF(C256=9,"",IF(C256=0,E256,IF(C256=1,IF(COUNT(E252:E260)=0,"",TRIMMEAN(E252:E260,0.5)),IF(D256="","",D256)))) -> 5.5052
A257: 46279.521 | B257: 6.5645 | C257: 0 | E257: =IF(OR(C257=9,B257=""),"",B257-$C$3) -> 6.5645 | F257: =IF(C257=9,"",IF(C257=0,E257,IF(C257=1,IF(COUNT(E253:E261)=0,"",TRIMMEAN(E253:E261,0.5)),IF(D257="","",D257)))) -> 6.5645
A258: 46279.531 | B258: 6.4055 | C258: 0 | E258: =IF(OR(C258=9,B258=""),"",B258-$C$3) -> 6.4055 | F258: =IF(C258=9,"",IF(C258=0,E258,IF(C258=1,IF(COUNT(E254:E262)=0,"",TRIMMEAN(E254:E262,0.5)),IF(D258="","",D258)))) -> 6.4055
A259: 46279.542 | B259: 6.5197 | C259: 0 | E259: =IF(OR(C259=9,B259=""),"",B259-$C$3) -> 6.5197 | F259: =IF(C259=9,"",IF(C259=0,E259,IF(C259=1,IF(COUNT(E255:E263)=0,"",TRIMMEAN(E255:E263,0.5)),IF(D259="","",D259)))) -> 6.5197
A260: 46279.552 | B260: 6.0466 | C260: 0 | E260: =IF(OR(C260=9,B260=""),"",B260-$C$3) -> 6.0466 | F260: =IF(C260=9,"",IF(C260=0,E260,IF(C260=1,IF(COUNT(E256:E264)=0,"",TRIMMEAN(E256:E264,0.5)),IF(D260="","",D260)))) -> 6.0466
A261: 46279.562 | B261: 6.8901 | C261: 0 | E261: =IF(OR(C261=9,B261=""),"",B261-$C$3) -> 6.8901 | F261: =IF(C261=9,"",IF(C261=0,E261,IF(C261=1,IF(COUNT(E257:E265)=0,"",TRIMMEAN(E257:E265,0.5)),IF(D261="","",D261)))) -> 6.8901
A262: 46279.573 | B262: 6.3601 | C262: 0 | E262: =IF(OR(C262=9,B262=""),"",B262-$C$3) -> 6.3601 | F262: =IF(C262=9,"",IF(C262=0,E262,IF(C262=1,IF(COUNT(E258:E266)=0,"",TRIMMEAN(E258:E266,0.5)),IF(D262="","",D262)))) -> 6.3601
A263: 46279.583 | B263: 6.012 | C263: 0 | E263: =IF(OR(C263=9,B263=""),"",B263-$C$3) -> 6.012 | F263: =IF(C263=9,"",IF(C263=0,E263,IF(C263=1,IF(COUNT(E259:E267)=0,"",TRIMMEAN(E259:E267,0.5)),IF(D263="","",D263)))) -> 6.012
A264: 46279.594 | B264: 8.05 | C264: 2 | D264: 5.9153 | E264: =IF(OR(C264=9,B264=""),"",B264-$C$3) -> 8.05 | F264: =IF(C264=9,"",IF(C264=0,E264,IF(C264=1,IF(COUNT(E260:E268)=0,"",TRIMMEAN(E260:E268,0.5)),IF(D264="","",D264)))) -> 5.9153 | G264: pico aislado
A265: 46279.604 | B265: 5.8186 | C265: 0 | E265: =IF(OR(C265=9,B265=""),"",B265-$C$3) -> 5.8186 | F265: =IF(C265=9,"",IF(C265=0,E265,IF(C265=1,IF(COUNT(E261:E269)=0,"",TRIMMEAN(E261:E269,0.5)),IF(D265="","",D265)))) -> 5.8186
A266: 46279.615 | B266: 5.578 | C266: 0 | E266: =IF(OR(C266=9,B266=""),"",B266-$C$3) -> 5.578 | F266: =IF(C266=9,"",IF(C266=0,E266,IF(C266=1,IF(COUNT(E262:E270)=0,"",TRIMMEAN(E262:E270,0.5)),IF(D266="","",D266)))) -> 5.578
A267: 46279.625 | B267: 5.5142 | C267: 0 | E267: =IF(OR(C267=9,B267=""),"",B267-$C$3) -> 5.5142 | F267: =IF(C267=9,"",IF(C267=0,E267,IF(C267=1,IF(COUNT(E263:E271)=0,"",TRIMMEAN(E263:E271,0.5)),IF(D267="","",D267)))) -> 5.5142
A268: 46279.635 | B268: 4.6427 | C268: 0 | E268: =IF(OR(C268=9,B268=""),"",B268-$C$3) -> 4.6427 | F268: =IF(C268=9,"",IF(C268=0,E268,IF(C268=1,IF(COUNT(E264:E272)=0,"",TRIMMEAN(E264:E272,0.5)),IF(D268="","",D268)))) -> 4.6427
A269: 46279.646 | B269: 6.0735 | C269: 0 | E269: =IF(OR(C269=9,B269=""),"",B269-$C$3) -> 6.0735 | F269: =IF(C269=9,"",IF(C269=0,E269,IF(C269=1,IF(COUNT(E265:E273)=0,"",TRIMMEAN(E265:E273,0.5)),IF(D269="","",D269)))) -> 6.0735
A270: 46279.656 | B270: 5.872 | C270: 0 | E270: =IF(OR(C270=9,B270=""),"",B270-$C$3) -> 5.872 | F270: =IF(C270=9,"",IF(C270=0,E270,IF(C270=1,IF(COUNT(E266:E274)=0,"",TRIMMEAN(E266:E274,0.5)),IF(D270="","",D270)))) -> 5.872
A271: 46279.667 | B271: 5.1089 | C271: 0 | E271: =IF(OR(C271=9,B271=""),"",B271-$C$3) -> 5.1089 | F271: =IF(C271=9,"",IF(C271=0,E271,IF(C271=1,IF(COUNT(E267:E275)=0,"",TRIMMEAN(E267:E275,0.5)),IF(D271="","",D271)))) -> 5.1089
A272: 46279.677 | B272: 6.0431 | C272: 0 | E272: =IF(OR(C272=9,B272=""),"",B272-$C$3) -> 6.0431 | F272: =IF(C272=9,"",IF(C272=0,E272,IF(C272=1,IF(COUNT(E268:E276)=0,"",TRIMMEAN(E268:E276,0.5)),IF(D272="","",D272)))) -> 6.0431
A273: 46279.688 | B273: 5.4859 | C273: 0 | E273: =IF(OR(C273=9,B273=""),"",B273-$C$3) -> 5.4859 | F273: =IF(C273=9,"",IF(C273=0,E273,IF(C273=1,IF(COUNT(E269:E277)=0,"",TRIMMEAN(E269:E277,0.5)),IF(D273="","",D273)))) -> 5.4859
A274: 46279.698 | B274: 5.0108 | C274: 0 | E274: =IF(OR(C274=9,B274=""),"",B274-$C$3) -> 5.0108 | F274: =IF(C274=9,"",IF(C274=0,E274,IF(C274=1,IF(COUNT(E270:E278)=0,"",TRIMMEAN(E270:E278,0.5)),IF(D274="","",D274)))) -> 5.0108
A275: 46279.708 | B275: 4.4452 | C275: 0 | E275: =IF(OR(C275=9,B275=""),"",B275-$C$3) -> 4.4452 | F275: =IF(C275=9,"",IF(C275=0,E275,IF(C275=1,IF(COUNT(E271:E279)=0,"",TRIMMEAN(E271:E279,0.5)),IF(D275="","",D275)))) -> 4.4452
A276: 46279.719 | B276: 4.3286 | C276: 0 | E276: =IF(OR(C276=9,B276=""),"",B276-$C$3) -> 4.3286 | F276: =IF(C276=9,"",IF(C276=0,E276,IF(C276=1,IF(COUNT(E272:E280)=0,"",TRIMMEAN(E272:E280,0.5)),IF(D276="","",D276)))) -> 4.3286
... A347: 46280.458 | B347: 6.1166 | C347: 0 | E347: =IF(OR(C347=9,B347=""),"",B347-$C$3) -> 6.1166 | F347: =IF(C347=9,"",IF(C347=0,E347,IF(C347=1,IF(COUNT(E343:E351)=0,"",TRIMMEAN(E343:E351,0.5)),IF(D347="","",D347)))) -> 6.1166
A348: 46280.469 | B348: 10.0065 | C348: 2 | D348: 6.3073 | E348: =IF(OR(C348=9,B348=""),"",B348-$C$3) -> 10.0065 | F348: =IF(C348=9,"",IF(C348=0,E348,IF(C348=1,IF(COUNT(E344:E352)=0,"",TRIMMEAN(E344:E352,0.5)),IF(D348="","",D348)))) -> 6.3073 | G348: pico aislado
A349: 46280.479 | B349: 6.498 | C349: 0 | E349: =IF(OR(C349=9,B349=""),"",B349-$C$3) -> 6.498 | F349: =IF(C349=9,"",IF(C349=0,E349,IF(C349=1,IF(COUNT(E345:E353)=0,"",TRIMMEAN(E345:E353,0.5)),IF(D349="","",D349)))) -> 6.498
A350: 46280.49 | B350: 5.9689 | C350: 0 | E350: =IF(OR(C350=9,B350=""),"",B350-$C$3) -> 5.9689 | F350: =IF(C350=9,"",IF(C350=0,E350,IF(C350=1,IF(COUNT(E346:E354)=0,"",TRIMMEAN(E346:E354,0.5)),IF(D350="","",D350)))) -> 5.9689
A351: 46280.5 | B351: 5.2655 | C351: 0 | E351: =IF(OR(C351=9,B351=""),"",B351-$C$3) -> 5.2655 | F351: =IF(C351=9,"",IF(C351=0,E351,IF(C351=1,IF(COUNT(E347:E355)=0,"",TRIMMEAN(E347:E355,0.5)),IF(D351="","",D351)))) -> 5.2655
A352: 46280.51 | B352: 5.2945 | C352: 0 | E352: =IF(OR(C352=9,B352=""),"",B352-$C$3) -> 5.2945 | F352: =IF(C352=9,"",IF(C352=0,E352,IF(C352=1,IF(COUNT(E348:E356)=0,"",TRIMMEAN(E348:E356,0.5)),IF(D352="","",D352)))) -> 5.2945
A353: 46280.521 | B353: 5.7927 | C353: 0 | E353: =IF(OR(C353=9,B353=""),"",B353-$C$3) -> 5.7927 | F353: =IF(C353=9,"",IF(C353=0,E353,IF(C353=1,IF(COUNT(E349:E357)=0,"",TRIMMEAN(E349:E357,0.5)),IF(D353="","",D353)))) -> 5.7927
A354: 46280.531 | B354: 6.3025 | C354: 0 | E354: =IF(OR(C354=9,B354=""),"",B354-$C$3) -> 6.3025 | F354: =IF(C354=9,"",IF(C354=0,E354,IF(C354=1,IF(COUNT(E350:E358)=0,"",TRIMMEAN(E350:E358,0.5)),IF(D354="","",D354)))) -> 6.3025
A355: 46280.542 | B355: 6.5531 | C355: 0 | E355: =IF(OR(C355=9,B355=""),"",B355-$C$3) -> 6.5531 | F355: =IF(C355=9,"",IF(C355=0,E355,IF(C355=1,IF(COUNT(E351:E359)=0,"",TRIMMEAN(E351:E359,0.5)),IF(D355="","",D355)))) -> 6.5531
A356: 46280.552 | B356: 5.1977 | C356: 0 | E356: =IF(OR(C356=9,B356=""),"",B356-$C$3) -> 5.1977 | F356: =IF(C356=9,"",IF(C356=0,E356,IF(C356=1,IF(COUNT(E352:E360)=0,"",TRIMMEAN(E352:E360,0.5)),IF(D356="","",D356)))) -> 5.1977
A357: 46280.562 | B357: 5.4138 | C357: 0 | E357: =IF(OR(C357=9,B357=""),"",B357-$C$3) -> 5.4138 | F357: =IF(C357=9,"",IF(C357=0,E357,IF(C357=1,IF(COUNT(E353:E361)=0,"",TRIMMEAN(E353:E361,0.5)),IF(D357="","",D357)))) -> 5.4138
A358: 46280.573 | B358: 6.7581 | C358: 0 | E358: =IF(OR(C358=9,B358=""),"",B358-$C$3) -> 6.7581 | F358: =IF(C358=9,"",IF(C358=0,E358,IF(C358=1,IF(COUNT(E354:E362)=0,"",TRIMMEAN(E354:E362,0.5)),IF(D358="","",D358)))) -> 6.7581
A359: 46280.583 | B359: 4.6127 | C359: 0 | E359: =IF(OR(C359=9,B359=""),"",B359-$C$3) -> 4.6127 | F359: =IF(C359=9,"",IF(C359=0,E359,IF(C359=1,IF(COUNT(E355:E363)=0,"",TRIMMEAN(E355:E363,0.5)),IF(D359="","",D359)))) -> 4.6127
A360: 46280.594 | B360: 4.9502 | C360: 0 | E360: =IF(OR(C360=9,B360=""),"",B360-$C$3) -> 4.9502 | F360: =IF(C360=9,"",IF(C360=0,E360,IF(C360=1,IF(COUNT(E356:E364)=0,"",TRIMMEAN(E356:E364,0.5)),IF(D360="","",D360)))) -> 4.9502
... A398: 46280.99 | B398: 3.7198 | C398: 0 | E398: =IF(OR(C398=9,B398=""),"",B398-$C$3) -> 3.7198 | F398: =IF(C398=9,"",IF(C398=0,E398,IF(C398=1,IF(COUNT(E394:E402)=0,"",TRIMMEAN(E394:E402,0.5)),IF(D398="","",D398)))) -> 3.7198
A399: 46281 | B399: 5.0436 | C399: 0 | E399: =IF(OR(C399=9,B399=""),"",B399-$C$3) -> 5.0436 | F399: =IF(C399=9,"",IF(C399=0,E399,IF(C399=1,IF(COUNT(E395:E403)=0,"",TRIMMEAN(E395:E403,0.5)),IF(D399="","",D399)))) -> 5.0436 | G399: fuera de la ventana: solo para la media móvil del borde
A400: 46281.01 | B400: 4.2002 | C400: 0 | E400: =IF(OR(C400=9,B400=""),"",B400-$C$3) -> 4.2002 | F400: =IF(C400=9,"",IF(C400=0,E400,IF(C400=1,IF(COUNT(E396:E404)=0,"",TRIMMEAN(E396:E404,0.5)),IF(D400="","",D400)))) -> 4.2002 | G400: fuera de la ventana: solo para la media móvil del borde
A401: 46281.021 | B401: 5.0387 | C401: 0 | E401: =IF(OR(C401=9,B401=""),"",B401-$C$3) -> 5.0387 | F401: =IF(C401=9,"",IF(C401=0,E401,IF(C401=1,IF(COUNT(E397:E405)=0,"",TRIMMEAN(E397:E405,0.5)),IF(D401="","",D401)))) -> 5.0387 | G401: fuera de la ventana: solo para la media móvil del borde
A402: 46281.031 | B402: 3.1798 | C402: 0 | E402: =IF(OR(C402=9,B402=""),"",B402-$C$3) -> 3.1798 | F402: =IF(C402=9,"",IF(C402=0,E402,IF(C402=1,IF(COUNT(E398:E406)=0,"",TRIMMEAN(E398:E406,0.5)),IF(D402="","",D402)))) -> 3.1798 | G402: fuera de la ventana: solo para la media móvil del borde
A403: 46281.042 | B403: 3.1613 | C403: 0 | E403: =IF(OR(C403=9,B403=""),"",B403-$C$3) -> 3.1613 | F403: =IF(C403=9,"",IF(C403=0,E403,IF(C403=1,IF(COUNT(E399:E406)=0,"",TRIMMEAN(E399:E406,0.5)),IF(D403="","",D403)))) -> 3.1613 | G403: fuera de la ventana: solo para la media móvil del borde
A404: 46281.052 | B404: 3.2913 | C404: 0 | E404: =IF(OR(C404=9,B404=""),"",B404-$C$3) -> 3.2913 | F404: =IF(C404=9,"",IF(C404=0,E404,IF(C404=1,IF(COUNT(E400:E406)=0,"",TRIMMEAN(E400:E406,0.5)),IF(D404="","",D404)))) -> 3.2913 | G404: fuera de la ventana: solo para la media móvil del borde
A405: 46281.062 | B405: 4.7128 | C405: 0 | E405: =IF(OR(C405=9,B405=""),"",B405-$C$3) -> 4.7128 | F405: =IF(C405=9,"",IF(C405=0,E405,IF(C405=1,IF(COUNT(E401:E406)=0,"",TRIMMEAN(E401:E406,0.5)),IF(D405="","",D405)))) -> 4.7128 | G405: fuera de la ventana: solo para la media móvil del borde
...

Sheet Q3
A1: Q3 · Caudal (L/s) · 3949916
A2: Válido
A3: Offset | C3: 0
A4: Ventana (lecturas a cada lado) | C4: 4
A6: Fecha y hora | B6: Dato inicial (L/s) | C6: Marca | D6: Reemplazo | E6: Corregido (L/s) | F6: Dato depurado (L/s) | G6: Motivo
A7: 46276.917 | B7: 1.989 | C7: 0 | E7: =IF(OR(C7=9,B7=""),"",B7-$C$3) -> 1.989 | F7: =IF(C7=9,"",IF(C7=0,E7,IF(C7=1,IF(COUNT(E7:E11)=0,"",TRIMMEAN(E7:E11,0.5)),IF(D7="","",D7)))) -> 1.989 | G7: fuera de la ventana: solo para la media móvil del borde
A8: 46276.927 | B8: 2.093 | C8: 0 | E8: =IF(OR(C8=9,B8=""),"",B8-$C$3) -> 2.093 | F8: =IF(C8=9,"",IF(C8=0,E8,IF(C8=1,IF(COUNT(E7:E12)=0,"",TRIMMEAN(E7:E12,0.5)),IF(D8="","",D8)))) -> 2.093 | G8: fuera de la ventana: solo para la media móvil del borde
A9: 46276.938 | B9: 2.4619 | C9: 0 | E9: =IF(OR(C9=9,B9=""),"",B9-$C$3) -> 2.4619 | F9: =IF(C9=9,"",IF(C9=0,E9,IF(C9=1,IF(COUNT(E7:E13)=0,"",TRIMMEAN(E7:E13,0.5)),IF(D9="","",D9)))) -> 2.4619 | G9: fuera de la ventana: solo para la media móvil del borde
A10: 46276.948 | B10: 1.7561 | C10: 0 | E10: =IF(OR(C10=9,B10=""),"",B10-$C$3) -> 1.7561 | F10: =IF(C10=9,"",IF(C10=0,E10,IF(C10=1,IF(COUNT(E7:E14)=0,"",TRIMMEAN(E7:E14,0.5)),IF(D10="","",D10)))) -> 1.7561 | G10: fuera de la ventana: solo para la media móvil del borde
A11: 46276.958 | B11: 1.8961 | C11: 0 | E11: =IF(OR(C11=9,B11=""),"",B11-$C$3) -> 1.8961 | F11: =IF(C11=9,"",IF(C11=0,E11,IF(C11=1,IF(COUNT(E7:E15)=0,"",TRIMMEAN(E7:E15,0.5)),IF(D11="","",D11)))) -> 1.8961 | G11: fuera de la ventana: solo para la media móvil del borde
A12: 46276.969 | B12: 2.0782 | C12: 0 | E12: =IF(OR(C12=9,B12=""),"",B12-$C$3) -> 2.0782 | F12: =IF(C12=9,"",IF(C12=0,E12,IF(C12=1,IF(COUNT(E8:E16)=0,"",TRIMMEAN(E8:E16,0.5)),IF(D12="","",D12)))) -> 2.0782 | G12: fuera de la ventana: solo para la media móvil del borde
A13: 46276.979 | B13: 1.6258 | C13: 0 | E13: =IF(OR(C13=9,B13=""),"",B13-$C$3) -> 1.6258 | F13: =IF(C13=9,"",IF(C13=0,E13,IF(C13=1,IF(COUNT(E9:E17)=0,"",TRIMMEAN(E9:E17,0.5)),IF(D13="","",D13)))) -> 1.6258 | G13: fuera de la ventana: solo para la media móvil del borde
A14: 46276.99 | B14: 2.2223 | C14: 0 | E14: =IF(OR(C14=9,B14=""),"",B14-$C$3) -> 2.2223 | F14: =IF(C14=9,"",IF(C14=0,E14,IF(C14=1,IF(COUNT(E10:E18)=0,"",TRIMMEAN(E10:E18,0.5)),IF(D14="","",D14)))) -> 2.2223 | G14: fuera de la ventana: solo para la media móvil del borde
A15: 46277 | B15: 1.5963 | C15: 0 | E15: =IF(OR(C15=9,B15=""),"",B15-$C$3) -> 1.5963 | F15: =IF(C15=9,"",IF(C15=0,E15,IF(C15=1,IF(COUNT(E11:E19)=0,"",TRIMMEAN(E11:E19,0.5)),IF(D15="","",D15)))) -> 1.5963
A16: 46277.01 | B16: 1.705 | C16: 0 | E16: =IF(OR(C16=9,B16=""),"",B16-$C$3) -> 1.705 | F16: =IF(C16=9,"",IF(C16=0,E16,IF(C16=1,IF(COUNT(E12:E20)=0,"",TRIMMEAN(E12:E20,0.5)),IF(D16="","",D16)))) -> 1.705
A17: 46277.021 | B17: 1.547 | C17: 0 | E17: =IF(OR(C17=9,B17=""),"",B17-$C$3) -> 1.547 | F17: =IF(C17=9,"",IF(C17=0,E17,IF(C17=1,IF(COUNT(E13:E21)=0,"",TRIMMEAN(E13:E21,0.5)),IF(D17="","",D17)))) -> 1.547
A18: 46277.031 | B18: 1.6494 | C18: 0 | E18: =IF(OR(C18=9,B18=""),"",B18-$C$3) -> 1.6494 | F18: =IF(C18=9,"",IF(C18=0,E18,IF(C18=1,IF(COUNT(E14:E22)=0,"",TRIMMEAN(E14:E22,0.5)),IF(D18="","",D18)))) -> 1.6494
A19: 46277.042 | B19: 1.5319 | C19: 0 | E19: =IF(OR(C19=9,B19=""),"",B19-$C$3) -> 1.5319 | F19: =IF(C19=9,"",IF(C19=0,E19,IF(C19=1,IF(COUNT(E15:E23)=0,"",TRIMMEAN(E15:E23,0.5)),IF(D19="","",D19)))) -> 1.5319
A20: 46277.052 | B20: 1.6329 | C20: 0 | E20: =IF(OR(C20=9,B20=""),"",B20-$C$3) -> 1.6329 | F20: =IF(C20=9,"",IF(C20=0,E20,IF(C20=1,IF(COUNT(E16:E24)=0,"",TRIMMEAN(E16:E24,0.5)),IF(D20="","",D20)))) -> 1.6329
A21: 46277.062 | B21: 1.4636 | C21: 0 | E21: =IF(OR(C21=9,B21=""),"",B21-$C$3) -> 1.4636 | F21: =IF(C21=9,"",IF(C21=0,E21,IF(C21=1,IF(COUNT(E17:E25)=0,"",TRIMMEAN(E17:E25,0.5)),IF(D21="","",D21)))) -> 1.4636
A22: 46277.073 | B22: 1.5386 | C22: 0 | E22: =IF(OR(C22=9,B22=""),"",B22-$C$3) -> 1.5386 | F22: =IF(C22=9,"",IF(C22=0,E22,IF(C22=1,IF(COUNT(E18:E26)=0,"",TRIMMEAN(E18:E26,0.5)),IF(D22="","",D22)))) -> 1.5386
A23: 46277.083 | B23: 1.6495 | C23: 0 | E23: =IF(OR(C23=9,B23=""),"",B23-$C$3) -> 1.6495 | F23: =IF(C23=9,"",IF(C23=0,E23,IF(C23=1,IF(COUNT(E19:E27)=0,"",TRIMMEAN(E19:E27,0.5)),IF(D23="","",D23)))) -> 1.6495
A24: 46277.094 | B24: 1.5991 | C24: 0 | E24: =IF(OR(C24=9,B24=""),"",B24-$C$3) -> 1.5991 | F24: =IF(C24=9,"",IF(C24=0,E24,IF(C24=1,IF(COUNT(E20:E28)=0,"",TRIMMEAN(E20:E28,0.5)),IF(D24="","",D24)))) -> 1.5991
A25: 46277.104 | B25: 1.4943 | C25: 0 | E25: =IF(OR(C25=9,B25=""),"",B25-$C$3) -> 1.4943 | F25: =IF(C25=9,"",IF(C25=0,E25,IF(C25=1,IF(COUNT(E21:E29)=0,"",TRIMMEAN(E21:E29,0.5)),IF(D25="","",D25)))) -> 1.4943
A26: 46277.115 | B26: 1.4591 | C26: 0 | E26: =IF(OR(C26=9,B26=""),"",B26-$C$3) -> 1.4591 | F26: =IF(C26=9,"",IF(C26=0,E26,IF(C26=1,IF(COUNT(E22:E30)=0,"",TRIMMEAN(E22:E30,0.5)),IF(D26="","",D26)))) -> 1.4591
... A398: 46280.99 | B398: 1.4581 | C398: 0 | E398: =IF(OR(C398=9,B398=""),"",B398-$C$3) -> 1.4581 | F398: =IF(C398=9,"",IF(C398=0,E398,IF(C398=1,IF(COUNT(E394:E402)=0,"",TRIMMEAN(E394:E402,0.5)),IF(D398="","",D398)))) -> 1.4581
A399: 46281 | B399: 1.5838 | C399: 0 | E399: =IF(OR(C399=9,B399=""),"",B399-$C$3) -> 1.5838 | F399: =IF(C399=9,"",IF(C399=0,E399,IF(C399=1,IF(COUNT(E395:E403)=0,"",TRIMMEAN(E395:E403,0.5)),IF(D399="","",D399)))) -> 1.5838 | G399: fuera de la ventana: solo para la media móvil del borde
A400: 46281.01 | B400: 1.4589 | C400: 0 | E400: =IF(OR(C400=9,B400=""),"",B400-$C$3) -> 1.4589 | F400: =IF(C400=9,"",IF(C400=0,E400,IF(C400=1,IF(COUNT(E396:E404)=0,"",TRIMMEAN(E396:E404,0.5)),IF(D400="","",D400)))) -> 1.4589 | G400: fuera de la ventana: solo para la media móvil del borde
A401: 46281.021 | B401: 1.4548 | C401: 0 | E401: =IF(OR(C401=9,B401=""),"",B401-$C$3) -> 1.4548 | F401: =IF(C401=9,"",IF(C401=0,E401,IF(C401=1,IF(COUNT(E397:E405)=0,"",TRIMMEAN(E397:E405,0.5)),IF(D401="","",D401)))) -> 1.4548 | G401: fuera de la ventana: solo para la media móvil del borde
A402: 46281.031 | B402: 1.8716 | C402: 0 | E402: =IF(OR(C402=9,B402=""),"",B402-$C$3) -> 1.8716 | F402: =IF(C402=9,"",IF(C402=0,E402,IF(C402=1,IF(COUNT(E398:E406)=0,"",TRIMMEAN(E398:E406,0.5)),IF(D402="","",D402)))) -> 1.8716 | G402: fuera de la ventana: solo para la media móvil del borde
A403: 46281.042 | B403: 1.5586 | C403: 0 | E403: =IF(OR(C403=9,B403=""),"",B403-$C$3) -> 1.5586 | F403: =IF(C403=9,"",IF(C403=0,E403,IF(C403=1,IF(COUNT(E399:E406)=0,"",TRIMMEAN(E399:E406,0.5)),IF(D403="","",D403)))) -> 1.5586 | G403: fuera de la ventana: solo para la media móvil del borde
A404: 46281.052 | B404: 1.5097 | C404: 0 | E404: =IF(OR(C404=9,B404=""),"",B404-$C$3) -> 1.5097 | F404: =IF(C404=9,"",IF(C404=0,E404,IF(C404=1,IF(COUNT(E400:E406)=0,"",TRIMMEAN(E400:E406,0.5)),IF(D404="","",D404)))) -> 1.5097 | G404: fuera de la ventana: solo para la media móvil del borde
A405: 46281.062 | B405: 1.4669 | C405: 0 | E405: =IF(OR(C405=9,B405=""),"",B405-$C$3) -> 1.4669 | F405: =IF(C405=9,"",IF(C405=0,E405,IF(C405=1,IF(COUNT(E401:E406)=0,"",TRIMMEAN(E401:E406,0.5)),IF(D405="","",D405)))) -> 1.4669 | G405: fuera de la ventana: solo para la media móvil del borde
A406: 46281.073 | B406: 1.9779 | C406: 0 | E406: =IF(OR(C406=9,B406=""),"",B406-$C$3) -> 1.9779 | F406: =IF(C406=9,"",IF(C406=0,E406,IF(C406=1,IF(COUNT(E402:E406)=0,"",TRIMMEAN(E402:E406,0.5)),IF(D406="","",D406)))) -> 1.9779 | G406: fuera de la ventana: solo para la media móvil del borde

Sheet Q4
A1: Q4 · Caudal (L/s) · 3926415
A2: Válido
A3: Offset | C3: 0
A4: Ventana (lecturas a cada lado) | C4: 4
A6: Fecha y hora | B6: Dato inicial (L/s) | C6: Marca | D6: Reemplazo | E6: Corregido (L/s) | F6: Dato depurado (L/s) | G6: Motivo
A7: 46276.917 | B7: 0 | C7: 0 | E7: =IF(OR(C7=9,B7=""),"",B7-$C$3) -> 0 | F7: =IF(C7=9,"",IF(C7=0,E7,IF(C7=1,IF(COUNT(E7:E11)=0,"",TRIMMEAN(E7:E11,0.5)),IF(D7="","",D7)))) -> 0 | G7: fuera de la ventana: solo para la media móvil del borde
A8: 46276.927 | B8: 0 | C8: 0 | E8: =IF(OR(C8=9,B8=""),"",B8-$C$3) -> 0 | F8: =IF(C8=9,"",IF(C8=0,E8,IF(C8=1,IF(COUNT(E7:E12)=0,"",TRIMMEAN(E7:E12,0.5)),IF(D8="","",D8)))) -> 0 | G8: fuera de la ventana: solo para la media móvil del borde
A9: 46276.938 | B9: 0 | C9: 0 | E9: =IF(OR(C9=9,B9=""),"",B9-$C$3) -> 0 | F9: =IF(C9=9,"",IF(C9=0,E9,IF(C9=1,IF(COUNT(E7:E13)=0,"",TRIMMEAN(E7:E13,0.5)),IF(D9="","",D9)))) -> 0 | G9: fuera de la ventana: solo para la media móvil del borde
A10: 46276.948 | B10: 1.5099 | C10: 0 | E10: =IF(OR(C10=9,B10=""),"",B10-$C$3) -> 1.5099 | F10: =IF(C10=9,"",IF(C10=0,E10,IF(C10=1,IF(COUNT(E7:E14)=0,"",TRIMMEAN(E7:E14,0.5)),IF(D10="","",D10)))) -> 1.5099 | G10: fuera de la ventana: solo para la media móvil del borde
A11: 46276.958 | B11: 2.3668 | C11: 0 | E11: =IF(OR(C11=9,B11=""),"",B11-$C$3) -> 2.3668 | F11: =IF(C11=9,"",IF(C11=0,E11,IF(C11=1,IF(COUNT(E7:E15)=0,"",TRIMMEAN(E7:E15,0.5)),IF(D11="","",D11)))) -> 2.3668 | G11: fuera de la ventana: solo para la media móvil del borde
A12: 46276.969 | B12: 2.0135 | C12: 0 | E12: =IF(OR(C12=9,B12=""),"",B12-$C$3) -> 2.0135 | F12: =IF(C12=9,"",IF(C12=0,E12,IF(C12=1,IF(COUNT(E8:E16)=0,"",TRIMMEAN(E8:E16,0.5)),IF(D12="","",D12)))) -> 2.0135 | G12: fuera de la ventana: solo para la media móvil del borde
A13: 46276.979 | B13: 1.9836 | C13: 0 | E13: =IF(OR(C13=9,B13=""),"",B13-$C$3) -> 1.9836 | F13: =IF(C13=9,"",IF(C13=0,E13,IF(C13=1,IF(COUNT(E9:E17)=0,"",TRIMMEAN(E9:E17,0.5)),IF(D13="","",D13)))) -> 1.9836 | G13: fuera de la ventana: solo para la media móvil del borde
A14: 46276.99 | B14: 2.0934 | C14: 0 | E14: =IF(OR(C14=9,B14=""),"",B14-$C$3) -> 2.0934 | F14: =IF(C14=9,"",IF(C14=0,E14,IF(C14=1,IF(COUNT(E10:E18)=0,"",TRIMMEAN(E10:E18,0.5)),IF(D14="","",D14)))) -> 2.0934 | G14: fuera de la ventana: solo para la media móvil del borde
A15: 46277 | B15: 2.1637 | C15: 0 | E15: =IF(OR(C15=9,B15=""),"",B15-$C$3) -> 2.1637 | F15: =IF(C15=9,"",IF(C15=0,E15,IF(C15=1,IF(COUNT(E11:E19)=0,"",TRIMMEAN(E11:E19,0.5)),IF(D15="","",D15)))) -> 2.1637
A16: 46277.01 | B16: 2.0671 | C16: 0 | E16: =IF(OR(C16=9,B16=""),"",B16-$C$3) -> 2.0671 | F16: =IF(C16=9,"",IF(C16=0,E16,IF(C16=1,IF(COUNT(E12:E20)=0,"",TRIMMEAN(E12:E20,0.5)),IF(D16="","",D16)))) -> 2.0671
A17: 46277.021 | B17: 2.0711 | C17: 0 | E17: =IF(OR(C17=9,B17=""),"",B17-$C$3) -> 2.0711 | F17: =IF(C17=9,"",IF(C17=0,E17,IF(C17=1,IF(COUNT(E13:E21)=0,"",TRIMMEAN(E13:E21,0.5)),IF(D17="","",D17)))) -> 2.0711
A18: 46277.031 | B18: 2.0164 | C18: 0 | E18: =IF(OR(C18=9,B18=""),"",B18-$C$3) -> 2.0164 | F18: =IF(C18=9,"",IF(C18=0,E18,IF(C18=1,IF(COUNT(E14:E22)=0,"",TRIMMEAN(E14:E22,0.5)),IF(D18="","",D18)))) -> 2.0164
A19: 46277.042 | B19: 2.0115 | C19: 0 | E19: =IF(OR(C19=9,B19=""),"",B19-$C$3) -> 2.0115 | F19: =IF(C19=9,"",IF(C19=0,E19,IF(C19=1,IF(COUNT(E15:E23)=0,"",TRIMMEAN(E15:E23,0.5)),IF(D19="","",D19)))) -> 2.0115
A20: 46277.052 | B20: 2.0801 | C20: 0 | E20: =IF(OR(C20=9,B20=""),"",B20-$C$3) -> 2.0801 | F20: =IF(C20=9,"",IF(C20=0,E20,IF(C20=1,IF(COUNT(E16:E24)=0,"",TRIMMEAN(E16:E24,0.5)),IF(D20="","",D20)))) -> 2.0801
A21: 46277.062 | B21: 2.0192 | C21: 0 | E21: =IF(OR(C21=9,B21=""),"",B21-$C$3) -> 2.0192 | F21: =IF(C21=9,"",IF(C21=0,E21,IF(C21=1,IF(COUNT(E17:E25)=0,"",TRIMMEAN(E17:E25,0.5)),IF(D21="","",D21)))) -> 2.0192
A22: 46277.073 | B22: 2.0385 | C22: 0 | E22: =IF(OR(C22=9,B22=""),"",B22-$C$3) -> 2.0385 | F22: =IF(C22=9,"",IF(C22=0,E22,IF(C22=1,IF(COUNT(E18:E26)=0,"",TRIMMEAN(E18:E26,0.5)),IF(D22="","",D22)))) -> 2.0385
A23: 46277.083 | B23: 2.0936 | C23: 0 | E23: =IF(OR(C23=9,B23=""),"",B23-$C$3) -> 2.0936 | F23: =IF(C23=9,"",IF(C23=0,E23,IF(C23=1,IF(COUNT(E19:E27)=0,"",TRIMMEAN(E19:E27,0.5)),IF(D23="","",D23)))) -> 2.0936
A24: 46277.094 | B24: 1.9709 | C24: 0 | E24: =IF(OR(C24=9,B24=""),"",B24-$C$3) -> 1.9709 | F24: =IF(C24=9,"",IF(C24=0,E24,IF(C24=1,IF(COUNT(E20:E28)=0,"",TRIMMEAN(E20:E28,0.5)),IF(D24="","",D24)))) -> 1.9709
A25: 46277.104 | B25: 1.9292 | C25: 0 | E25: =IF(OR(C25=9,B25=""),"",B25-$C$3) -> 1.9292 | F25: =IF(C25=9,"",IF(C25=0,E25,IF(C25=1,IF(COUNT(E21:E29)=0,"",TRIMMEAN(E21:E29,0.5)),IF(D25="","",D25)))) -> 1.9292
A26: 46277.115 | B26: 2.0352 | C26: 0 | E26: =IF(OR(C26=9,B26=""),"",B26-$C$3) -> 2.0352 | F26: =IF(C26=9,"",IF(C26=0,E26,IF(C26=1,IF(COUNT(E22:E30)=0,"",TRIMMEAN(E22:E30,0.5)),IF(D26="","",D26)))) -> 2.0352
... A398: 46280.99 | B398: 1.9877 | C398: 0 | E398: =IF(OR(C398=9,B398=""),"",B398-$C$3) -> 1.9877 | F398: =IF(C398=9,"",IF(C398=0,E398,IF(C398=1,IF(COUNT(E394:E402)=0,"",TRIMMEAN(E394:E402,0.5)),IF(D398="","",D398)))) -> 1.9877
A399: 46281 | B399: 0.8358 | C399: 0 | E399: =IF(OR(C399=9,B399=""),"",B399-$C$3) -> 0.8358 | F399: =IF(C399=9,"",IF(C399=0,E399,IF(C399=1,IF(COUNT(E395:E403)=0,"",TRIMMEAN(E395:E403,0.5)),IF(D399="","",D399)))) -> 0.8358 | G399: fuera de la ventana: solo para la media móvil del borde
A400: 46281.01 | B400: 0 | C400: 0 | E400: =IF(OR(C400=9,B400=""),"",B400-$C$3) -> 0 | F400: =IF(C400=9,"",IF(C400=0,E400,IF(C400=1,IF(COUNT(E396:E404)=0,"",TRIMMEAN(E396:E404,0.5)),IF(D400="","",D400)))) -> 0 | G400: fuera de la ventana: solo para la media móvil del borde
A401: 46281.021 | B401: 0 | C401: 0 | E401: =IF(OR(C401=9,B401=""),"",B401-$C$3) -> 0 | F401: =IF(C401=9,"",IF(C401=0,E401,IF(C401=1,IF(COUNT(E397:E405)=0,"",TRIMMEAN(E397:E405,0.5)),IF(D401="","",D401)))) -> 0 | G401: fuera de la ventana: solo para la media móvil del borde
A402: 46281.031 | B402: 0 | C402: 0 | E402: =IF(OR(C402=9,B402=""),"",B402-$C$3) -> 0 | F402: =IF(C402=9,"",IF(C402=0,E402,IF(C402=1,IF(COUNT(E398:E406)=0,"",TRIMMEAN(E398:E406,0.5)),IF(D402="","",D402)))) -> 0 | G402: fuera de la ventana: solo para la media móvil del borde
A403: 46281.042 | B403: 0 | C403: 0 | E403: =IF(OR(C403=9,B403=""),"",B403-$C$3) -> 0 | F403: =IF(C403=9,"",IF(C403=0,E403,IF(C403=1,IF(COUNT(E399:E406)=0,"",TRIMMEAN(E399:E406,0.5)),IF(D403="","",D403)))) -> 0 | G403: fuera de la ventana: solo para la media móvil del borde
A404: 46281.052 | B404: 0 | C404: 0 | E404: =IF(OR(C404=9,B404=""),"",B404-$C$3) -> 0 | F404: =IF(C404=9,"",IF(C404=0,E404,IF(C404=1,IF(COUNT(E400:E406)=0,"",TRIMMEAN(E400:E406,0.5)),IF(D404="","",D404)))) -> 0 | G404: fuera de la ventana: solo para la media móvil del borde
A405: 46281.062 | B405: 0 | C405: 0 | E405: =IF(OR(C405=9,B405=""),"",B405-$C$3) -> 0 | F405: =IF(C405=9,"",IF(C405=0,E405,IF(C405=1,IF(COUNT(E401:E406)=0,"",TRIMMEAN(E401:E406,0.5)),IF(D405="","",D405)))) -> 0 | G405: fuera de la ventana: solo para la media móvil del borde
A406: 46281.073 | B406: 0 | C406: 0 | E406: =IF(OR(C406=9,B406=""),"",B406-$C$3) -> 0 | F406: =IF(C406=9,"",IF(C406=0,E406,IF(C406=1,IF(COUNT(E402:E406)=0,"",TRIMMEAN(E402:E406,0.5)),IF(D406="","",D406)))) -> 0 | G406: fuera de la ventana: solo para la media móvil del borde

Sheet N_Meneses
A1: N_Meneses · Nivel (m) · 3949680
A2: Usar solo la media horaria (tolerancia mayor)
A3: Offset | C3: 0
A4: Ventana (lecturas a cada lado) | C4: 8
A6: Fecha y hora | B6: Dato inicial (m) | C6: Marca | D6: Reemplazo | E6: Corregido (m) | F6: Dato depurado (m) | G6: Motivo
A7: 46276.917 | B7: 1.9263 | C7: 1 | E7: =IF(OR(C7=9,B7=""),"",B7-$C$3) -> 1.9263 | F7: =IF(C7=9,"",IF(C7=0,E7,IF(C7=1,IF(COUNT(E7:E15)=0,"",TRIMMEAN(E7:E15,0.5)),IF(D7="","",D7)))) -> 2.4826 | G7: fuera de la ventana: solo para la media móvil del borde
A8: 46276.927 | B8: 2.5112 | C8: 1 | E8: =IF(OR(C8=9,B8=""),"",B8-$C$3) -> 2.5112 | F8: =IF(C8=9,"",IF(C8=0,E8,IF(C8=1,IF(COUNT(E7:E16)=0,"",TRIMMEAN(E7:E16,0.5)),IF(D8="","",D8)))) -> 2.4765 | G8: fuera de la ventana: solo para la media móvil del borde
A9: 46276.938 | B9: 2.4551 | C9: 1 | E9: =IF(OR(C9=9,B9=""),"",B9-$C$3) -> 2.4551 | F9: =IF(C9=9,"",IF(C9=0,E9,IF(C9=1,IF(COUNT(E7:E17)=0,"",TRIMMEAN(E7:E17,0.5)),IF(D9="","",D9)))) -> 2.5023429 | G9: fuera de la ventana: solo para la media móvil del borde
A10: 46276.948 | B10: 2.446 | C10: 1 | E10: =IF(OR(C10=9,B10=""),"",B10-$C$3) -> 2.446 | F10: =IF(C10=9,"",IF(C10=0,E10,IF(C10=1,IF(COUNT(E7:E18)=0,"",TRIMMEAN(E7:E18,0.5)),IF(D10="","",D10)))) -> 2.5117333 | G10: fuera de la ventana: solo para la media móvil del borde
A11: 46276.958 | B11: 2.4647 | C11: 1 | E11: =IF(OR(C11=9,B11=""),"",B11-$C$3) -> 2.4647 | F11: =IF(C11=9,"",IF(C11=0,E11,IF(C11=1,IF(COUNT(E7:E19)=0,"",TRIMMEAN(E7:E19,0.5)),IF(D11="","",D11)))) -> 2.5023429 | G11: fuera de la ventana: solo para la media móvil del borde
A12: 46276.969 | B12: 2.4925 | C12: 1 | E12: =IF(OR(C12=9,B12=""),"",B12-$C$3) -> 2.4925 | F12: =IF(C12=9,"",IF(C12=0,E12,IF(C12=1,IF(COUNT(E7:E20)=0,"",TRIMMEAN(E7:E20,0.5)),IF(D12="","",D12)))) -> 2.5337875 | G12: fuera de la ventana: solo para la media móvil del borde
A13: 46276.979 | B13: 2.4895 | C13: 1 | E13: =IF(OR(C13=9,B13=""),"",B13-$C$3) -> 2.4895 | F13: =IF(C13=9,"",IF(C13=0,E13,IF(C13=1,IF(COUNT(E7:E21)=0,"",TRIMMEAN(E7:E21,0.5)),IF(D13="","",D13)))) -> 2.5139889 | G13: fuera de la ventana: solo para la media móvil del borde
A14: 46276.99 | B14: 2.6574 | C14: 1 | E14: =IF(OR(C14=9,B14=""),"",B14-$C$3) -> 2.6574 | F14: =IF(C14=9,"",IF(C14=0,E14,IF(C14=1,IF(COUNT(E7:E22)=0,"",TRIMMEAN(E7:E22,0.5)),IF(D14="","",D14)))) -> 2.5337875 | G14: fuera de la ventana: solo para la media móvil del borde
A15: 46277 | B15: 2.9844 | C15: 1 | E15: =IF(OR(C15=9,B15=""),"",B15-$C$3) -> 2.9844 | F15: =IF(C15=9,"",IF(C15=0,E15,IF(C15=1,IF(COUNT(E7:E23)=0,"",TRIMMEAN(E7:E23,0.5)),IF(D15="","",D15)))) -> 2.5188222 | G15: oscilación más rápida que el registro → media recortada de 4 h
A16: 46277.01 | B16: 2.0323 | C16: 1 | E16: =IF(OR(C16=9,B16=""),"",B16-$C$3) -> 2.0323 | F16: =IF(C16=9,"",IF(C16=0,E16,IF(C16=1,IF(COUNT(E8:E24)=0,"",TRIMMEAN(E8:E24,0.5)),IF(D16="","",D16)))) -> 2.5357778 | G16: oscilación más rápida que el registro → media recortada de 4 h
A17: 46277.021 | B17: 2.7539 | C17: 1 | E17: =IF(OR(C17=9,B17=""),"",B17-$C$3) -> 2.7539 | F17: =IF(C17=9,"",IF(C17=0,E17,IF(C17=1,IF(COUNT(E9:E25)=0,"",TRIMMEAN(E9:E25,0.5)),IF(D17="","",D17)))) -> 2.5834778 | G17: oscilación más rápida que el registro → media recortada de 4 h
A18: 46277.031 | B18: 2.9871 | C18: 1 | E18: =IF(OR(C18=9,B18=""),"",B18-$C$3) -> 2.9871 | F18: =IF(C18=9,"",IF(C18=0,E18,IF(C18=1,IF(COUNT(E10:E26)=0,"",TRIMMEAN(E10:E26,0.5)),IF(D18="","",D18)))) -> 2.6046 | G18: oscilación más rápida que el registro → media recortada de 4 h
A19: 46277.042 | B19: 2.0911 | C19: 1 | E19: =IF(OR(C19=9,B19=""),"",B19-$C$3) -> 2.0911 | F19: =IF(C19=9,"",IF(C19=0,E19,IF(C19=1,IF(COUNT(E11:E27)=0,"",TRIMMEAN(E11:E27,0.5)),IF(D19="","",D19)))) -> 2.6121889 | G19: oscilación más rápida que el registro → media recortada de 4 h
A20: 46277.052 | B20: 2.9596 | C20: 1 | E20: =IF(OR(C20=9,B20=""),"",B20-$C$3) -> 2.9596 | F20: =IF(C20=9,"",IF(C20=0,E20,IF(C20=1,IF(COUNT(E12:E28)=0,"",TRIMMEAN(E12:E28,0.5)),IF(D20="","",D20)))) -> 2.6398333 | G20: oscilación más rápida que el registro → media recortada de 4 h
A21: 46277.062 | B21: 2.3556 | C21: 1 | E21: =IF(OR(C21=9,B21=""),"",B21-$C$3) -> 2.3556 | F21: =IF(C21=9,"",IF(C21=0,E21,IF(C21=1,IF(COUNT(E13:E29)=0,"",TRIMMEAN(E13:E29,0.5)),IF(D21="","",D21)))) -> 2.6294556 | G21: oscilación más rápida que el registro → media recortada de 4 h
A22: 46277.073 | B22: 3.0058 | C22: 1 | E22: =IF(OR(C22=9,B22=""),"",B22-$C$3) -> 3.0058 | F22: =IF(C22=9,"",IF(C22=0,E22,IF(C22=1,IF(COUNT(E14:E30)=0,"",TRIMMEAN(E14:E30,0.5)),IF(D22="","",D22)))) -> 2.6470889 | G22: oscilación más rápida que el registro → media recortada de 4 h
A23: 46277.083 | B23: 2.3991 | C23: 1 | E23: =IF(OR(C23=9,B23=""),"",B23-$C$3) -> 2.3991 | F23: =IF(C23=9,"",IF(C23=0,E23,IF(C23=1,IF(COUNT(E15:E31)=0,"",TRIMMEAN(E15:E31,0.5)),IF(D23="","",D23)))) -> 2.6806667 | G23: oscilación más rápida que el registro → media recortada de 4 h
A24: 46277.094 | B24: 2.5517 | C24: 1 | E24: =IF(OR(C24=9,B24=""),"",B24-$C$3) -> 2.5517 | F24: =IF(C24=9,"",IF(C24=0,E24,IF(C24=1,IF(COUNT(E16:E32)=0,"",TRIMMEAN(E16:E32,0.5)),IF(D24="","",D24)))) -> 2.6135556 | G24: oscilación más rápida que el registro → media recortada de 4 h
A25: 46277.104 | B25: 2.9405 | C25: 1 | E25: =IF(OR(C25=9,B25=""),"",B25-$C$3) -> 2.9405 | F25: =IF(C25=9,"",IF(C25=0,E25,IF(C25=1,IF(COUNT(E17:E33)=0,"",TRIMMEAN(E17:E33,0.5)),IF(D25="","",D25)))) -> 2.6806667 | G25: oscilación más rápida que el registro → media recortada de 4 h
A26: 46277.115 | B26: 2.6452 | C26: 1 | E26: =IF(OR(C26=9,B26=""),"",B26-$C$3) -> 2.6452 | F26: =IF(C26=9,"",IF(C26=0,E26,IF(C26=1,IF(COUNT(E18:E34)=0,"",TRIMMEAN(E18:E34,0.5)),IF(D26="","",D26)))) -> 2.7055556 | G26: oscilación más rápida que el registro → media recortada de 4 h
... A398: 46280.99 | B398: 2.7478 | C398: 1 | E398: =IF(OR(C398=9,B398=""),"",B398-$C$3) -> 2.7478 | F398: =IF(C398=9,"",IF(C398=0,E398,IF(C398=1,IF(COUNT(E390:E406)=0,"",TRIMMEAN(E390:E406,0.5)),IF(D398="","",D398)))) -> 2.5202556 | G398: oscilación más rápida que el registro → media recortada de 4 h
A399: 46281 | B399: 1.6212 | C399: 1 | E399: =IF(OR(C399=9,B399=""),"",B399-$C$3) -> 1.6212 | F399: =IF(C399=9,"",IF(C399=0,E399,IF(C399=1,IF(COUNT(E391:E406)=0,"",TRIMMEAN(E391:E406,0.5)),IF(D399="","",D399)))) -> 2.5451375 | G399: fuera de la ventana: solo para la media móvil del borde
A400: 46281.01 | B400: 2.8909 | C400: 1 | E400: =IF(OR(C400=9,B400=""),"",B400-$C$3) -> 2.8909 | F400: =IF(C400=9,"",IF(C400=0,E400,IF(C400=1,IF(COUNT(E392:E406)=0,"",TRIMMEAN(E392:E406,0.5)),IF(D400="","",D400)))) -> 2.5489667 | G400: fuera de la ventana: solo para la media móvil del borde
A401: 46281.021 | B401: 2.7386 | C401: 1 | E401: =IF(OR(C401=9,B401=""),"",B401-$C$3) -> 2.7386 | F401: =IF(C401=9,"",IF(C401=0,E401,IF(C401=1,IF(COUNT(E393:E406)=0,"",TRIMMEAN(E393:E406,0.5)),IF(D401="","",D401)))) -> 2.5774375 | G401: fuera de la ventana: solo para la media móvil del borde
A402: 46281.031 | B402: 2.3212 | C402: 1 | E402: =IF(OR(C402=9,B402=""),"",B402-$C$3) -> 2.3212 | F402: =IF(C402=9,"",IF(C402=0,E402,IF(C402=1,IF(COUNT(E394:E406)=0,"",TRIMMEAN(E394:E406,0.5)),IF(D402="","",D402)))) -> 2.6122429 | G402: fuera de la ventana: solo para la media móvil del borde
A403: 46281.042 | B403: 3.0187 | C403: 1 | E403: =IF(OR(C403=9,B403=""),"",B403-$C$3) -> 3.0187 | F403: =IF(C403=9,"",IF(C403=0,E403,IF(C403=1,IF(COUNT(E395:E406)=0,"",TRIMMEAN(E395:E406,0.5)),IF(D403="","",D403)))) -> 2.6549667 | G403: fuera de la ventana: solo para la media móvil del borde
A404: 46281.052 | B404: 2.3559 | C404: 1 | E404: =IF(OR(C404=9,B404=""),"",B404-$C$3) -> 2.3559 | F404: =IF(C404=9,"",IF(C404=0,E404,IF(C404=1,IF(COUNT(E396:E406)=0,"",TRIMMEAN(E396:E406,0.5)),IF(D404="","",D404)))) -> 2.6589 | G404: fuera de la ventana: solo para la media móvil del borde
A405: 46281.062 | B405: 2.9997 | C405: 1 | E405: =IF(OR(C405=9,B405=""),"",B405-$C$3) -> 2.9997 | F405: =IF(C405=9,"",IF(C405=0,E405,IF(C405=1,IF(COUNT(E397:E406)=0,"",TRIMMEAN(E397:E406,0.5)),IF(D405="","",D405)))) -> 2.697 | G405: fuera de la ventana: solo para la media móvil del borde
A406: 46281.073 | B406: 2.583 | C406: 1 | E406: =IF(OR(C406=9,B406=""),"",B406-$C$3) -> 2.583 | F406: =IF(C406=9,"",IF(C406=0,E406,IF(C406=1,IF(COUNT(E398:E406)=0,"",TRIMMEAN(E398:E406,0.5)),IF(D406="","",D406)))) -> 2.66324 | G406: fuera de la ventana: solo para la media móvil del borde

Sheet N_Durazno
A1: N_Durazno · Nivel (m) · 3949679
A2: No usar como meta
A3: Offset | C3: 0
A4: Ventana (lecturas a cada lado) | C4: 4
A6: Fecha y hora | B6: Dato inicial (m) | C6: Marca | D6: Reemplazo | E6: Corregido (m) | F6: Dato depurado (m) | G6: Motivo
A7: 46276.917 | B7: -1.8018 | C7: 4 | D7: 2.2485 | E7: =IF(OR(C7=9,B7=""),"",B7-$C$3) -> -1.8018 | F7: =IF(C7=9,"",IF(C7=0,E7,IF(C7=1,IF(COUNT(E7:E11)=0,"",TRIMMEAN(E7:E11,0.5)),IF(D7="","",D7)))) -> 2.2485 | G7: fuera de la ventana: solo para la media móvil del borde
A8: 46276.927 | B8: -1.7863 | C8: 4 | D8: 2.2398 | E8: =IF(OR(C8=9,B8=""),"",B8-$C$3) -> -1.7863 | F8: =IF(C8=9,"",IF(C8=0,E8,IF(C8=1,IF(COUNT(E7:E12)=0,"",TRIMMEAN(E7:E12,0.5)),IF(D8="","",D8)))) -> 2.2398 | G8: fuera de la ventana: solo para la media móvil del borde
A9: 46276.938 | B9: -1.8018 | C9: 4 | D9: 2.2058 | E9: =IF(OR(C9=9,B9=""),"",B9-$C$3) -> -1.8018 | F9: =IF(C9=9,"",IF(C9=0,E9,IF(C9=1,IF(COUNT(E7:E13)=0,"",TRIMMEAN(E7:E13,0.5)),IF(D9="","",D9)))) -> 2.2058 | G9: fuera de la ventana: solo para la media móvil del borde
A10: 46276.948 | B10: -1.8018 | C10: 4 | D10: 2.2029 | E10: =IF(OR(C10=9,B10=""),"",B10-$C$3) -> -1.8018 | F10: =IF(C10=9,"",IF(C10=0,E10,IF(C10=1,IF(COUNT(E7:E14)=0,"",TRIMMEAN(E7:E14,0.5)),IF(D10="","",D10)))) -> 2.2029 | G10: fuera de la ventana: solo para la media móvil del borde
A11: 46276.958 | B11: -1.8018 | C11: 4 | D11: 2.1938 | E11: =IF(OR(C11=9,B11=""),"",B11-$C$3) -> -1.8018 | F11: =IF(C11=9,"",IF(C11=0,E11,IF(C11=1,IF(COUNT(E7:E15)=0,"",TRIMMEAN(E7:E15,0.5)),IF(D11="","",D11)))) -> 2.1938 | G11: fuera de la ventana: solo para la media móvil del borde
A12: 46276.969 | B12: -1.8018 | C12: 4 | D12: 2.1906 | E12: =IF(OR(C12=9,B12=""),"",B12-$C$3) -> -1.8018 | F12: =IF(C12=9,"",IF(C12=0,E12,IF(C12=1,IF(COUNT(E8:E16)=0,"",TRIMMEAN(E8:E16,0.5)),IF(D12="","",D12)))) -> 2.1906 | G12: fuera de la ventana: solo para la media móvil del borde
A13: 46276.979 | B13: -1.7987 | C13: 4 | D13: 2.1591 | E13: =IF(OR(C13=9,B13=""),"",B13-$C$3) -> -1.7987 | F13: =IF(C13=9,"",IF(C13=0,E13,IF(C13=1,IF(COUNT(E9:E17)=0,"",TRIMMEAN(E9:E17,0.5)),IF(D13="","",D13)))) -> 2.1591 | G13: fuera de la ventana: solo para la media móvil del borde
A14: 46276.99 | B14: -1.7987 | C14: 4 | D14: 2.1449 | E14: =IF(OR(C14=9,B14=""),"",B14-$C$3) -> -1.7987 | F14: =IF(C14=9,"",IF(C14=0,E14,IF(C14=1,IF(COUNT(E10:E18)=0,"",TRIMMEAN(E10:E18,0.5)),IF(D14="","",D14)))) -> 2.1449 | G14: fuera de la ventana: solo para la media móvil del borde
A15: 46277 | B15: -1.8018 | C15: 4 | D15: 2.1417 | E15: =IF(OR(C15=9,B15=""),"",B15-$C$3) -> -1.8018 | F15: =IF(C15=9,"",IF(C15=0,E15,IF(C15=1,IF(COUNT(E11:E19)=0,"",TRIMMEAN(E11:E19,0.5)),IF(D15="","",D15)))) -> 2.1417 | G15: nivel reconstruido con el balance de caudales (forma; nivel medio del modelo)
A16: 46277.01 | B16: -1.7956 | C16: 4 | D16: 2.1156 | E16: =IF(OR(C16=9,B16=""),"",B16-$C$3) -> -1.7956 | F16: =IF(C16=9,"",IF(C16=0,E16,IF(C16=1,IF(COUNT(E12:E20)=0,"",TRIMMEAN(E12:E20,0.5)),IF(D16="","",D16)))) -> 2.1156 | G16: nivel reconstruido con el balance de caudales (forma; nivel medio del modelo)
A17: 46277.021 | B17: -1.7894 | C17: 4 | D17: 2.1069 | E17: =IF(OR(C17=9,B17=""),"",B17-$C$3) -> -1.7894 | F17: =IF(C17=9,"",IF(C17=0,E17,IF(C17=1,IF(COUNT(E13:E21)=0,"",TRIMMEAN(E13:E21,0.5)),IF(D17="","",D17)))) -> 2.1069 | G17: nivel reconstruido con el balance de caudales (forma; nivel medio del modelo)
A18: 46277.031 | B18: -1.7987 | C18: 4 | D18: 2.1029 | E18: =IF(OR(C18=9,B18=""),"",B18-$C$3) -> -1.7987 | F18: =IF(C18=9,"",IF(C18=0,E18,IF(C18=1,IF(COUNT(E14:E22)=0,"",TRIMMEAN(E14:E22,0.5)),IF(D18="","",D18)))) -> 2.1029 | G18: nivel reconstruido con el balance de caudales (forma; nivel medio del modelo)
A19: 46277.042 | B19: -1.7925 | C19: 4 | D19: 2.0993 | E19: =IF(OR(C19=9,B19=""),"",B19-$C$3) -> -1.7925 | F19: =IF(C19=9,"",IF(C19=0,E19,IF(C19=1,IF(COUNT(E15:E23)=0,"",TRIMMEAN(E15:E23,0.5)),IF(D19="","",D19)))) -> 2.0993 | G19: nivel reconstruido con el balance de caudales (forma; nivel medio del modelo)
A20: 46277.052 | B20: -1.7894 | C20: 4 | D20: 2.1009 | E20: =IF(OR(C20=9,B20=""),"",B20-$C$3) -> -1.7894 | F20: =IF(C20=9,"",IF(C20=0,E20,IF(C20=1,IF(COUNT(E16:E24)=0,"",TRIMMEAN(E16:E24,0.5)),IF(D20="","",D20)))) -> 2.1009 | G20: nivel reconstruido con el balance de caudales (forma; nivel medio del modelo)
A21: 46277.062 | B21: -1.7987 | C21: 4 | D21: 2.0669 | E21: =IF(OR(C21=9,B21=""),"",B21-$C$3) -> -1.7987 | F21: =IF(C21=9,"",IF(C21=0,E21,IF(C21=1,IF(COUNT(E17:E25)=0,"",TRIMMEAN(E17:E25,0.5)),IF(D21="","",D21)))) -> 2.0669 | G21: nivel reconstruido con el balance de caudales (forma; nivel medio del modelo)
A22: 46277.073 | B22: -1.7956 | C22: 4 | D22: 2.07 | E22: =IF(OR(C22=9,B22=""),"",B22-$C$3) -> -1.7956 | F22: =IF(C22=9,"",IF(C22=0,E22,IF(C22=1,IF(COUNT(E18:E26)=0,"",TRIMMEAN(E18:E26,0.5)),IF(D22="","",D22)))) -> 2.07 | G22: nivel reconstruido con el balance de caudales (forma; nivel medio del modelo)
... A402: 46281.031 | B402: -1.7956 | C402: 4 | D402: 1.732 | E402: =IF(OR(C402=9,B402=""),"",B402-$C$3) -> -1.7956 | F402: =IF(C402=9,"",IF(C402=0,E402,IF(C402=1,IF(COUNT(E398:E406)=0,"",TRIMMEAN(E398:E406,0.5)),IF(D402="","",D402)))) -> 1.732 | G402: fuera de la ventana: solo para la media móvil del borde
A403: 46281.042 | B403: -1.7987 | C403: 4 | D403: 1.731 | E403: =IF(OR(C403=9,B403=""),"",B403-$C$3) -> -1.7987 | F403: =IF(C403=9,"",IF(C403=0,E403,IF(C403=1,IF(COUNT(E399:E406)=0,"",TRIMMEAN(E399:E406,0.5)),IF(D403="","",D403)))) -> 1.731 | G403: fuera de la ventana: solo para la media móvil del borde
A404: 46281.052 | B404: -1.7987 | C404: 4 | D404: 1.7432 | E404: =IF(OR(C404=9,B404=""),"",B404-$C$3) -> -1.7987 | F404: =IF(C404=9,"",IF(C404=0,E404,IF(C404=1,IF(COUNT(E400:E406)=0,"",TRIMMEAN(E400:E406,0.5)),IF(D404="","",D404)))) -> 1.7432 | G404: fuera de la ventana: solo para la media móvil del borde
A405: 46281.062 | B405: -1.7831 | C405: 4 | D405: 1.8215 | E405: =IF(OR(C405=9,B405=""),"",B405-$C$3) -> -1.7831 | F405: =IF(C405=9,"",IF(C405=0,E405,IF(C405=1,IF(COUNT(E401:E406)=0,"",TRIMMEAN(E401:E406,0.5)),IF(D405="","",D405)))) -> 1.8215 | G405: fuera de la ventana: solo para la media móvil del borde
A406: 46281.073 | B406: -1.7956 | C406: 4 | D406: 1.8804 | E406: =IF(OR(C406=9,B406=""),"",B406-$C$3) -> -1.7956 | F406: =IF(C406=9,"",IF(C406=0,E406,IF(C406=1,IF(COUNT(E402:E406)=0,"",TRIMMEAN(E402:E406,0.5)),IF(D406="","",D406)))) -> 1.8804 | G406: fuera de la ventana: solo para la media móvil del borde
