Workbook

Sheet Resumen
A1: Datos depurados · ZP_05
A2: Periodo de calibración propuesto: 12/09 00:00 – 16/09 00:00. Dato depurado = fórmula sobre el dato inicial (ver leyenda).
A4: Sensor | B4: Tipo | C4: Unidad | D4: Elemento INP | E4: Offset | F4: Uso recomendado | G4: Hoja
A5: P1 | B5: Presión | C5: m | D5: VN3948790 | E5: =P1!$C$3 -> 0.01 | F5: Usar solo la media horaria (tolerancia mayor) | G5: P1
A6: P2 | B6: Presión | C6: m | D6: VN3942278 | E6: =P2!$C$3 -> -0.27 | F6: Válido | G6: P2
A7: P3 | B7: Presión | C7: m | D7: VN3943135 | E7: =P3!$C$3 -> -0.29 | F7: Válido (suavizado) | G7: P3
A8: P4 | B8: Presión | C8: m | D8: VN3950683 | E8: =P4!$C$3 -> 0.03 | F8: Válido | G8: P4
A9: P5 | B9: Presión | C9: m | D9: VN3948890 | E9: =P5!$C$3 -> 0 | F9: Válido (suavizado) | G9: P5
A10: P6 | B10: Presión | C10: m | D10: VN3582511 | E10: =P6!$C$3 -> -0.24 | F10: Válido | G10: P6
A11: P7 | B11: Presión | C11: m | D11: VN3751475 | E11: =P7!$C$3 -> 0.03 | F11: Revisar antes de usar | G11: P7
A12: P8 | B12: Presión | C12: m | D12: VN3950311 | E12: =P8!$C$3 -> -0.28 | F12: Válido (suavizado) | G12: P8
A13: P9 | B13: Presión | C13: m | D13: VN3948722 | E13: =P9!$C$3 -> -1.3 | F13: Válido | G13: P9
A14: P10 | B14: Presión | C14: m | D14: VN3745765 | E14: =P10!$C$3 -> -1.64 | F14: Válido | G14: P10
A15: P11 | B15: Presión | C15: m | D15: 3949453 | E15: =P11!$C$3 -> -1.32 | F15: Usar solo la media horaria (tolerancia mayor) | G15: P11
A16: L1 | B16: Presión | C16: m | D16: VN3948124 | E16: =L1!$C$3 -> 0 | F16: Válido (suavizado) | G16: L1
A17: L2 | B17: Presión | C17: m | D17: 3949454 | E17: =L2!$C$3 -> 0 | F17: Válido (suavizado) | G17: L2
A18: L3 | B18: Presión | C18: m | D18: 3949333_n2a_1 | E18: =L3!$C$3 -> 0 | F18: Válido (suavizado) | G18: L3
A19: Q1 | B19: Caudal | C19: L/s | D19: 3950155 | E19: =Q1!$C$3 -> 0 | F19: Válido | G19: Q1
A20: Q2 | B20: Caudal | C20: L/s | D20: 3950006 | E20: =Q2!$C$3 -> 0 | F20: Válido | G20: Q2
A21: Q3 | B21: Caudal | C21: L/s | D21: 3949916 | E21: =Q3!$C$3 -> 0 | F21: Válido | G21: Q3
A22: Q4 | B22: Caudal | C22: L/s | D22: 3926415 | E22: =Q4!$C$3 -> 0 | F22: Válido | G22: Q4
A23: N_Meneses | B23: Nivel | C23: m | D23: 3949680 | E23: =N_Meneses!$C$3 -> 0 | F23: Usar solo la media horaria (tolerancia mayor) | G23: N_Meneses
A24: N_Durazno | B24: Nivel | C24: m | D24: 3949679 | E24: =N_Durazno!$C$3 -> 0 | F24: No usar como meta | G24: N_Durazno
A26: Leyenda de la columna «Marca»
A27: 0 | B27: válido | C27: Dato depurado = corregido = dato inicial − offset
A28: 1 | B28: envolvente | C28: Oscilación más rápida que el registro: MEDIA.ACOTADA (TRIMMEAN, 50 %) del dato corregido en la ventana de la hoja (±4 lecturas = 2 h, o ±8 = 4 h)
A29: 2 | B29: interpolado | C29: Pico aislado o hueco ≤ 1 h: interpolación lineal (valor en «Reemplazo»)
A30: 3 | B30: perfil típico | C30: Hueco de 1 a 6 h: perfil diario del propio sensor ajustado a los extremos (valor en «Reemplazo»)
A31: 4 | B31: balance de masa | C31: Nivel de tanque reconstruido con los caudales de entrada y salida (valor en «Reemplazo»)
A32: 9 | B32: excluido | C32: Sin instalar, corte de suministro, sensor fuera del agua: queda vacío
A34: En azul: valores editables (offset, marca y reemplazo). Si cambia una marca o el offset, el dato depurado se recalcula.
A35: Dato inicial: lectura del equipo llevada a la malla común de 15 min (interpolada en la hora real de cada lectura). Presión en m c.a., caudal en L/s, nivel en m.

Sheet P1
A1: P1 · Presión (m) · VN3948790
A2: Usar solo la media horaria (tolerancia mayor)
A3: Offset | C3: 0.01
A4: Ventana (lecturas a cada lado) | C4: 8
A6: Fecha y hora | B6: Dato inicial (m) | C6: Marca | D6: Reemplazo | E6: Corregido (m) | F6: Dato depurado (m) | G6: Motivo
A7: 46273.344 | B7: -0.2801 | C7: 9 | E7: =IF(OR(C7=9,B7=""),"",B7-$C$3) | F7: =IF(C7=9,"",IF(C7=0,E7,IF(C7=1,IF(COUNT(E7:E15)=0,"",TRIMMEAN(E7:E15,0.5)),IF(D7="","",D7)))) | G7: equipo sin instalar
A8: 46273.354 | B8: -0.2895 | C8: 9 | E8: =IF(OR(C8=9,B8=""),"",B8-$C$3) | F8: =IF(C8=9,"",IF(C8=0,E8,IF(C8=1,IF(COUNT(E7:E16)=0,"",TRIMMEAN(E7:E16,0.5)),IF(D8="","",D8)))) | G8: equipo sin instalar
A9: 46273.365 | B9: -0.8403 | C9: 9 | E9: =IF(OR(C9=9,B9=""),"",B9-$C$3) | F9: =IF(C9=9,"",IF(C9=0,E9,IF(C9=1,IF(COUNT(E7:E17)=0,"",TRIMMEAN(E7:E17,0.5)),IF(D9="","",D9)))) | G9: equipo sin instalar
A10: 46273.375 | B10: -0.8683 | C10: 9 | E10: =IF(OR(C10=9,B10=""),"",B10-$C$3) | F10: =IF(C10=9,"",IF(C10=0,E10,IF(C10=1,IF(COUNT(E7:E18)=0,"",TRIMMEAN(E7:E18,0.5)),IF(D10="","",D10)))) | G10: equipo sin instalar
A11: 46273.385 | B11: -0.8683 | C11: 9 | E11: =IF(OR(C11=9,B11=""),"",B11-$C$3) | F11: =IF(C11=9,"",IF(C11=0,E11,IF(C11=1,IF(COUNT(E7:E19)=0,"",TRIMMEAN(E7:E19,0.5)),IF(D11="","",D11)))) | G11: equipo sin instalar
A12: 46273.396 | B12: -0.8683 | C12: 9 | E12: =IF(OR(C12=9,B12=""),"",B12-$C$3) | F12: =IF(C12=9,"",IF(C12=0,E12,IF(C12=1,IF(COUNT(E7:E20)=0,"",TRIMMEAN(E7:E20,0.5)),IF(D12="","",D12)))) | G12: equipo sin instalar
A13: 46273.406 | B13: -0.8776 | C13: 9 | E13: =IF(OR(C13=9,B13=""),"",B13-$C$3) | F13: =IF(C13=9,"",IF(C13=0,E13,IF(C13=1,IF(COUNT(E7:E21)=0,"",TRIMMEAN(E7:E21,0.5)),IF(D13="","",D13)))) | G13: equipo sin instalar
A14: 46273.417 | B14: -0.8403 | C14: 9 | E14: =IF(OR(C14=9,B14=""),"",B14-$C$3) | F14: =IF(C14=9,"",IF(C14=0,E14,IF(C14=1,IF(COUNT(E7:E22)=0,"",TRIMMEAN(E7:E22,0.5)),IF(D14="","",D14)))) | G14: equipo sin instalar
A15: 46273.427 | B15: 70.738 | C15: 9 | E15: =IF(OR(C15=9,B15=""),"",B15-$C$3) | F15: =IF(C15=9,"",IF(C15=0,E15,IF(C15=1,IF(COUNT(E7:E23)=0,"",TRIMMEAN(E7:E23,0.5)),IF(D15="","",D15)))) | G15: equipo sin instalar
A16: 46273.438 | B16: 75.6421 | C16: 1 | E16: =IF(OR(C16=9,B16=""),"",B16-$C$3) -> 75.6321 | F16: =IF(C16=9,"",IF(C16=0,E16,IF(C16=1,IF(COUNT(E8:E24)=0,"",TRIMMEAN(E8:E24,0.5)),IF(D16="","",D16)))) -> 77.25396 | G16: oscilación más rápida que el registro → media recortada de 4 h
A17: 46273.448 | B17: 79.438 | C17: 1 | E17: =IF(OR(C17=9,B17=""),"",B17-$C$3) -> 79.428 | F17: =IF(C17=9,"",IF(C17=0,E17,IF(C17=1,IF(COUNT(E9:E25)=0,"",TRIMMEAN(E9:E25,0.5)),IF(D17="","",D17)))) -> 77.38015 | G17: oscilación más rápida que el registro → media recortada de 4 h
A18: 46273.458 | B18: 84.3403 | C18: 1 | E18: =IF(OR(C18=9,B18=""),"",B18-$C$3) -> 84.3303 | F18: =IF(C18=9,"",IF(C18=0,E18,IF(C18=1,IF(COUNT(E10:E26)=0,"",TRIMMEAN(E10:E26,0.5)),IF(D18="","",D18)))) -> 77.049871 | G18: oscilación más rápida que el registro → media recortada de 4 h
A19: 46273.469 | B19: 78.1651 | C19: 1 | E19: =IF(OR(C19=9,B19=""),"",B19-$C$3) -> 78.1551 | F19: =IF(C19=9,"",IF(C19=0,E19,IF(C19=1,IF(COUNT(E11:E27)=0,"",TRIMMEAN(E11:E27,0.5)),IF(D19="","",D19)))) -> 77.38015 | G19: oscilación más rápida que el registro → media recortada de 4 h
A20: 46273.479 | B20: 75.5161 | C20: 1 | E20: =IF(OR(C20=9,B20=""),"",B20-$C$3) -> 75.5061 | F20: =IF(C20=9,"",IF(C20=0,E20,IF(C20=1,IF(COUNT(E12:E28)=0,"",TRIMMEAN(E12:E28,0.5)),IF(D20="","",D20)))) -> 77.049871 | G20: oscilación más rápida que el registro → media recortada de 4 h
A21: 46273.49 | B21: 77.9318 | C21: 1 | E21: =IF(OR(C21=9,B21=""),"",B21-$C$3) -> 77.9218 | F21: =IF(C21=9,"",IF(C21=0,E21,IF(C21=1,IF(COUNT(E13:E29)=0,"",TRIMMEAN(E13:E29,0.5)),IF(D21="","",D21)))) -> 77.0304 | G21: oscilación más rápida que el registro → media recortada de 4 h
A22: 46273.5 | B22: 75.0782 | C22: 1 | E22: =IF(OR(C22=9,B22=""),"",B22-$C$3) -> 75.0682 | F22: =IF(C22=9,"",IF(C22=0,E22,IF(C22=1,IF(COUNT(E14:E30)=0,"",TRIMMEAN(E14:E30,0.5)),IF(D22="","",D22)))) -> 77.265456 | G22: oscilación más rápida que el registro → media recortada de 4 h
A23: 46273.51 | B23: 72.5383 | C23: 1 | E23: =IF(OR(C23=9,B23=""),"",B23-$C$3) -> 72.5283 | F23: =IF(C23=9,"",IF(C23=0,E23,IF(C23=1,IF(COUNT(E15:E31)=0,"",TRIMMEAN(E15:E31,0.5)),IF(D23="","",D23)))) -> 77.0304 | G23: oscilación más rápida que el registro → media recortada de 4 h
A24: 46273.521 | B24: 79.0647 | C24: 1 | E24: =IF(OR(C24=9,B24=""),"",B24-$C$3) -> 79.0547 | F24: =IF(C24=9,"",IF(C24=0,E24,IF(C24=1,IF(COUNT(E16:E32)=0,"",TRIMMEAN(E16:E32,0.5)),IF(D24="","",D24)))) -> 76.799111 | G24: oscilación más rápida que el registro → media recortada de 4 h
A25: 46273.531 | B25: 78.0211 | C25: 1 | E25: =IF(OR(C25=9,B25=""),"",B25-$C$3) -> 78.0111 | F25: =IF(C25=9,"",IF(C25=0,E25,IF(C25=1,IF(COUNT(E17:E33)=0,"",TRIMMEAN(E17:E33,0.5)),IF(D25="","",D25)))) -> 76.707078 | G25: oscilación más rápida que el registro → media recortada de 4 h
A26: 46273.542 | B26: 74.8138 | C26: 1 | E26: =IF(OR(C26=9,B26=""),"",B26-$C$3) -> 74.8038 | F26: =IF(C26=9,"",IF(C26=0,E26,IF(C26=1,IF(COUNT(E18:E34)=0,"",TRIMMEAN(E18:E34,0.5)),IF(D26="","",D26)))) -> 76.707078 | G26: oscilación más rápida que el registro → media recortada de 4 h
... A165: 46274.99 | B165: 71.162 | C165: 1 | E165: =IF(OR(C165=9,B165=""),"",B165-$C$3) -> 71.152 | F165: =IF(C165=9,"",IF(C165=0,E165,IF(C165=1,IF(COUNT(E157:E173)=0,"",TRIMMEAN(E157:E173,0.5)),IF(D165="","",D165)))) -> 68.436878 | G165: oscilación más rápida que el registro → media recortada de 4 h
A166: 46275 | B166: 68.9711 | C166: 0 | E166: =IF(OR(C166=9,B166=""),"",B166-$C$3) -> 68.9611 | F166: =IF(C166=9,"",IF(C166=0,E166,IF(C166=1,IF(COUNT(E158:E174)=0,"",TRIMMEAN(E158:E174,0.5)),IF(D166="","",D166)))) -> 68.9611
A167: 46275.01 | B167: 64.2183 | C167: 0 | E167: =IF(OR(C167=9,B167=""),"",B167-$C$3) -> 64.2083 | F167: =IF(C167=9,"",IF(C167=0,E167,IF(C167=1,IF(COUNT(E159:E175)=0,"",TRIMMEAN(E159:E175,0.5)),IF(D167="","",D167)))) -> 64.2083
A168: 46275.021 | B168: 67.3441 | C168: 0 | E168: =IF(OR(C168=9,B168=""),"",B168-$C$3) -> 67.3341 | F168: =IF(C168=9,"",IF(C168=0,E168,IF(C168=1,IF(COUNT(E160:E176)=0,"",TRIMMEAN(E160:E176,0.5)),IF(D168="","",D168)))) -> 67.3341
A169: 46275.031 | B169: 68.0919 | C169: 0 | E169: =IF(OR(C169=9,B169=""),"",B169-$C$3) -> 68.0819 | F169: =IF(C169=9,"",IF(C169=0,E169,IF(C169=1,IF(COUNT(E161:E177)=0,"",TRIMMEAN(E161:E177,0.5)),IF(D169="","",D169)))) -> 68.0819
A170: 46275.042 | B170: 66.9788 | C170: 0 | E170: =IF(OR(C170=9,B170=""),"",B170-$C$3) -> 66.9688 | F170: =IF(C170=9,"",IF(C170=0,E170,IF(C170=1,IF(COUNT(E162:E178)=0,"",TRIMMEAN(E162:E178,0.5)),IF(D170="","",D170)))) -> 66.9688
A171: 46275.052 | B171: 67.7529 | C171: 0 | E171: =IF(OR(C171=9,B171=""),"",B171-$C$3) -> 67.7429 | F171: =IF(C171=9,"",IF(C171=0,E171,IF(C171=1,IF(COUNT(E163:E179)=0,"",TRIMMEAN(E163:E179,0.5)),IF(D171="","",D171)))) -> 67.7429
A172: 46275.062 | B172: 67.0722 | C172: 0 | E172: =IF(OR(C172=9,B172=""),"",B172-$C$3) -> 67.0622 | F172: =IF(C172=9,"",IF(C172=0,E172,IF(C172=1,IF(COUNT(E164:E180)=0,"",TRIMMEAN(E164:E180,0.5)),IF(D172="","",D172)))) -> 67.0622
A173: 46275.073 | B173: 67.2954 | C173: 0 | E173: =IF(OR(C173=9,B173=""),"",B173-$C$3) -> 67.2854 | F173: =IF(C173=9,"",IF(C173=0,E173,IF(C173=1,IF(COUNT(E165:E181)=0,"",TRIMMEAN(E165:E181,0.5)),IF(D173="","",D173)))) -> 67.2854
A174: 46275.083 | B174: 67.6367 | C174: 0 | E174: =IF(OR(C174=9,B174=""),"",B174-$C$3) -> 67.6267 | F174: =IF(C174=9,"",IF(C174=0,E174,IF(C174=1,IF(COUNT(E166:E182)=0,"",TRIMMEAN(E166:E182,0.5)),IF(D174="","",D174)))) -> 67.6267
A175: 46275.094 | B175: 68.028 | C175: 0 | E175: =IF(OR(C175=9,B175=""),"",B175-$C$3) -> 68.018 | F175: =IF(C175=9,"",IF(C175=0,E175,IF(C175=1,IF(COUNT(E167:E183)=0,"",TRIMMEAN(E167:E183,0.5)),IF(D175="","",D175)))) -> 68.018
A176: 46275.104 | B176: 68.338 | C176: 0 | E176: =IF(OR(C176=9,B176=""),"",B176-$C$3) -> 68.328 | F176: =IF(C176=9,"",IF(C176=0,E176,IF(C176=1,IF(COUNT(E168:E184)=0,"",TRIMMEAN(E168:E184,0.5)),IF(D176="","",D176)))) -> 68.328
A177: 46275.115 | B177: 68.3104 | C177: 0 | E177: =IF(OR(C177=9,B177=""),"",B177-$C$3) -> 68.3004 | F177: =IF(C177=9,"",IF(C177=0,E177,IF(C177=1,IF(COUNT(E169:E185)=0,"",TRIMMEAN(E169:E185,0.5)),IF(D177="","",D177)))) -> 68.3004
... A212: 46275.479 | B212: 5.6413 | C212: 0 | E212: =IF(OR(C212=9,B212=""),"",B212-$C$3) -> 5.6313 | F212: =IF(C212=9,"",IF(C212=0,E212,IF(C212=1,IF(COUNT(E204:E220)=0,"",TRIMMEAN(E204:E220,0.5)),IF(D212="","",D212)))) -> 5.6313
A213: 46275.49 | B213: 2.6627 | C213: 9 | E213: =IF(OR(C213=9,B213=""),"",B213-$C$3) | F213: =IF(C213=9,"",IF(C213=0,E213,IF(C213=1,IF(COUNT(E205:E221)=0,"",TRIMMEAN(E205:E221,0.5)),IF(D213="","",D213)))) | G213: sin presión (corte o vaciado)
A214: 46275.5 | B214: 1.9185 | C214: 9 | E214: =IF(OR(C214=9,B214=""),"",B214-$C$3) | F214: =IF(C214=9,"",IF(C214=0,E214,IF(C214=1,IF(COUNT(E206:E222)=0,"",TRIMMEAN(E206:E222,0.5)),IF(D214="","",D214)))) | G214: sin presión (corte o vaciado)
A215: 46275.51 | B215: 53.2055 | C215: 0 | E215: =IF(OR(C215=9,B215=""),"",B215-$C$3) -> 53.1955 | F215: =IF(C215=9,"",IF(C215=0,E215,IF(C215=1,IF(COUNT(E207:E223)=0,"",TRIMMEAN(E207:E223,0.5)),IF(D215="","",D215)))) -> 53.1955
A216: 46275.521 | B216: 71.1019 | C216: 0 | E216: =IF(OR(C216=9,B216=""),"",B216-$C$3) -> 71.0919 | F216: =IF(C216=9,"",IF(C216=0,E216,IF(C216=1,IF(COUNT(E208:E224)=0,"",TRIMMEAN(E208:E224,0.5)),IF(D216="","",D216)))) -> 71.0919
A217: 46275.531 | B217: 74.9132 | C217: 0 | E217: =IF(OR(C217=9,B217=""),"",B217-$C$3) -> 74.9032 | F217: =IF(C217=9,"",IF(C217=0,E217,IF(C217=1,IF(COUNT(E209:E225)=0,"",TRIMMEAN(E209:E225,0.5)),IF(D217="","",D217)))) -> 74.9032
A218: 46275.542 | B218: 77.389 | C218: 0 | E218: =IF(OR(C218=9,B218=""),"",B218-$C$3) -> 77.379 | F218: =IF(C218=9,"",IF(C218=0,E218,IF(C218=1,IF(COUNT(E210:E226)=0,"",TRIMMEAN(E210:E226,0.5)),IF(D218="","",D218)))) -> 77.379
A219: 46275.552 | B219: 75.5778 | C219: 0 | E219: =IF(OR(C219=9,B219=""),"",B219-$C$3) -> 75.5678 | F219: =IF(C219=9,"",IF(C219=0,E219,IF(C219=1,IF(COUNT(E211:E227)=0,"",TRIMMEAN(E211:E227,0.5)),IF(D219="","",D219)))) -> 75.5678
A220: 46275.562 | B220: 79.3623 | C220: 0 | E220: =IF(OR(C220=9,B220=""),"",B220-$C$3) -> 79.3523 | F220: =IF(C220=9,"",IF(C220=0,E220,IF(C220=1,IF(COUNT(E212:E228)=0,"",TRIMMEAN(E212:E228,0.5)),IF(D220="","",D220)))) -> 79.3523
A221: 46275.573 | B221: 76.5316 | C221: 0 | E221: =IF(OR(C221=9,B221=""),"",B221-$C$3) -> 76.5216 | F221: =IF(C221=9,"",IF(C221=0,E221,IF(C221=1,IF(COUNT(E213:E229)=0,"",TRIMMEAN(E213:E229,0.5)),IF(D221="","",D221)))) -> 76.5216
A222: 46275.583 | B222: 73.6331 | C222: 0 | E222: =IF(OR(C222=9,B222=""),"",B222-$C$3) -> 73.6231 | F222: =IF(C222=9,"",IF(C222=0,E222,IF(C222=1,IF(COUNT(E214:E230)=0,"",TRIMMEAN(E214:E230,0.5)),IF(D222="","",D222)))) -> 73.6231
A223: 46275.594 | B223: 70.7792 | C223: 0 | E223: =IF(OR(C223=9,B223=""),"",B223-$C$3) -> 70.7692 | F223: =IF(C223=9,"",IF(C223=0,E223,IF(C223=1,IF(COUNT(E215:E231)=0,"",TRIMMEAN(E215:E231,0.5)),IF(D223="","",D223)))) -> 70.7692
A224: 46275.604 | B224: 16.656 | C224: 2 | E224: =IF(OR(C224=9,B224=""),"",B224-$C$3) -> 16.646 | F224: =IF(C224=9,"",IF(C224=0,E224,IF(C224=1,IF(COUNT(E216:E232)=0,"",TRIMMEAN(E216:E232,0.5)),IF(D224="","",D224)))) | G224: pico aislado
A225: 46275.615 | B225: -0.6069 | C225: 9 | E225: =IF(OR(C225=9,B225=""),"",B225-$C$3) | F225: =IF(C225=9,"",IF(C225=0,E225,IF(C225=1,IF(COUNT(E217:E233)=0,"",TRIMMEAN(E217:E233,0.5)),IF(D225="","",D225)))) | G225: sin presión (corte o vaciado)
A226: 46275.625 | B226: 55.6711 | C226: 0 | E226: =IF(OR(C226=9,B226=""),"",B226-$C$3) -> 55.6611 | F226: =IF(C226=9,"",IF(C226=0,E226,IF(C226=1,IF(COUNT(E218:E234)=0,"",TRIMMEAN(E218:E234,0.5)),IF(D226="","",D226)))) -> 55.6611
A227: 46275.635 | B227: 38.5611 | C227: 0 | E227: =IF(OR(C227=9,B227=""),"",B227-$C$3) -> 38.5511 | F227: =IF(C227=9,"",IF(C227=0,E227,IF(C227=1,IF(COUNT(E219:E235)=0,"",TRIMMEAN(E219:E235,0.5)),IF(D227="","",D227)))) -> 38.5511
A228: 46275.646 | B228: 74.0246 | C228: 0 | E228: =IF(OR(C228=9,B228=""),"",B228-$C$3) -> 74.0146 | F228: =IF(C228=9,"",IF(C228=0,E228,IF(C228=1,IF(COUNT(E220:E236)=0,"",TRIMMEAN(E220:E236,0.5)),IF(D228="","",D228)))) -> 74.0146
A229: 46275.656 | B229: 103.1401 | C229: 0 | E229: =IF(OR(C229=9,B229=""),"",B229-$C$3) -> 103.1301 | F229: =IF(C229=9,"",IF(C229=0,E229,IF(C229=1,IF(COUNT(E221:E237)=0,"",TRIMMEAN(E221:E237,0.5)),IF(D229="","",D229)))) -> 103.1301
A230: 46275.667 | B230: 91.2797 | C230: 0 | E230: =IF(OR(C230=9,B230=""),"",B230-$C$3) -> 91.2697 | F230: =IF(C230=9,"",IF(C230=0,E230,IF(C230=1,IF(COUNT(E222:E238)=0,"",TRIMMEAN(E222:E238,0.5)),IF(D230="","",D230)))) -> 91.2697
A231: 46275.677 | B231: 47.1981 | C231: 0 | E231: =IF(OR(C231=9,B231=""),"",B231-$C$3) -> 47.1881 | F231: =IF(C231=9,"",IF(C231=0,E231,IF(C231=1,IF(COUNT(E223:E239)=0,"",TRIMMEAN(E223:E239,0.5)),IF(D231="","",D231)))) -> 47.1881
A232: 46275.688 | B232: 78.5429 | C232: 0 | E232: =IF(OR(C232=9,B232=""),"",B232-$C$3) -> 78.5329 | F232: =IF(C232=9,"",IF(C232=0,E232,IF(C232=1,IF(COUNT(E224:E240)=0,"",TRIMMEAN(E224:E240,0.5)),IF(D232="","",D232)))) -> 78.5329
A233: 46275.698 | B233: 81.6952 | C233: 0 | E233: =IF(OR(C233=9,B233=""),"",B233-$C$3) -> 81.6852 | F233: =IF(C233=9,"",IF(C233=0,E233,IF(C233=1,IF(COUNT(E225:E241)=0,"",TRIMMEAN(E225:E241,0.5)),IF(D233="","",D233)))) -> 81.6852
A234: 46275.708 | B234: 80.4321 | C234: 0 | E234: =IF(OR(C234=9,B234=""),"",B234-$C$3) -> 80.4221 | F234: =IF(C234=9,"",IF(C234=0,E234,IF(C234=1,IF(COUNT(E226:E242)=0,"",TRIMMEAN(E226:E242,0.5)),IF(D234="","",D234)))) -> 80.4221
A235: 46275.719 | B235: 48.058 | C235: 0 | E235: =IF(OR(C235=9,B235=""),"",B235-$C$3) -> 48.048 | F235: =IF(C235=9,"",IF(C235=0,E235,IF(C235=1,IF(COUNT(E227:E243)=0,"",TRIMMEAN(E227:E243,0.5)),IF(D235="","",D235)))) -> 48.048
A236: 46275.729 | B236: 87.8532 | C236: 0 | E236: =IF(OR(C236=9,B236=""),"",B236-$C$3) -> 87.8432 | F236: =IF(C236=9,"",IF(C236=0,E236,IF(C236=1,IF(COUNT(E228:E244)=0,"",TRIMMEAN(E228:E244,0.5)),IF(D236="","",D236)))) -> 87.8432
A237: 46275.74 | B237: 100.6278 | C237: 0 | E237: =IF(OR(C237=9,B237=""),"",B237-$C$3) -> 100.6178 | F237: =IF(C237=9,"",IF(C237=0,E237,IF(C237=1,IF(COUNT(E229:E245)=0,"",TRIMMEAN(E229:E245,0.5)),IF(D237="","",D237)))) -> 100.6178
... A250: 46275.875 | B250: 92.7497 | C250: 0 | E250: =IF(OR(C250=9,B250=""),"",B250-$C$3) -> 92.7397 | F250: =IF(C250=9,"",IF(C250=0,E250,IF(C250=1,IF(COUNT(E242:E258)=0,"",TRIMMEAN(E242:E258,0.5)),IF(D250="","",D250)))) -> 92.7397
A251: 46275.885 | B251: 124.9565 | C251: 2 | D251: 91.5334 | E251: =IF(OR(C251=9,B251=""),"",B251-$C$3) -> 124.9465 | F251: =IF(C251=9,"",IF(C251=0,E251,IF(C251=1,IF(COUNT(E243:E259)=0,"",TRIMMEAN(E243:E259,0.5)),IF(D251="","",D251)))) -> 91.5334 | G251: pico aislado
A252: 46275.896 | B252: 90.3372 | C252: 0 | E252: =IF(OR(C252=9,B252=""),"",B252-$C$3) -> 90.3272 | F252: =IF(C252=9,"",IF(C252=0,E252,IF(C252=1,IF(COUNT(E244:E260)=0,"",TRIMMEAN(E244:E260,0.5)),IF(D252="","",D252)))) -> 90.3272
A253: 46275.906 | B253: 87.1482 | C253: 0 | E253: =IF(OR(C253=9,B253=""),"",B253-$C$3) -> 87.1382 | F253: =IF(C253=9,"",IF(C253=0,E253,IF(C253=1,IF(COUNT(E245:E261)=0,"",TRIMMEAN(E245:E261,0.5)),IF(D253="","",D253)))) -> 87.1382
A254: 46275.917 | B254: 86.1598 | C254: 0 | E254: =IF(OR(C254=9,B254=""),"",B254-$C$3) -> 86.1498 | F254: =IF(C254=9,"",IF(C254=0,E254,IF(C254=1,IF(COUNT(E246:E262)=0,"",TRIMMEAN(E246:E262,0.5)),IF(D254="","",D254)))) -> 86.1498
A255: 46275.927 | B255: 84.5058 | C255: 0 | E255: =IF(OR(C255=9,B255=""),"",B255-$C$3) -> 84.4958 | F255: =IF(C255=9,"",IF(C255=0,E255,IF(C255=1,IF(COUNT(E247:E263)=0,"",TRIMMEAN(E247:E263,0.5)),IF(D255="","",D255)))) -> 84.4958
A256: 46275.938 | B256: 76.0886 | C256: 0 | E256: =IF(OR(C256=9,B256=""),"",B256-$C$3) -> 76.0786 | F256: =IF(C256=9,"",IF(C256=0,E256,IF(C256=1,IF(COUNT(E248:E264)=0,"",TRIMMEAN(E248:E264,0.5)),IF(D256="","",D256)))) -> 76.0786
A257: 46275.948 | B257: 75.2436 | C257: 0 | E257: =IF(OR(C257=9,B257=""),"",B257-$C$3) -> 75.2336 | F257: =IF(C257=9,"",IF(C257=0,E257,IF(C257=1,IF(COUNT(E249:E265)=0,"",TRIMMEAN(E249:E265,0.5)),IF(D257="","",D257)))) -> 75.2336
A258: 46275.958 | B258: 79.2291 | C258: 0 | E258: =IF(OR(C258=9,B258=""),"",B258-$C$3) -> 79.2191 | F258: =IF(C258=9,"",IF(C258=0,E258,IF(C258=1,IF(COUNT(E250:E266)=0,"",TRIMMEAN(E250:E266,0.5)),IF(D258="","",D258)))) -> 79.2191
A259: 46275.969 | B259: 80.1847 | C259: 0 | E259: =IF(OR(C259=9,B259=""),"",B259-$C$3) -> 80.1747 | F259: =IF(C259=9,"",IF(C259=0,E259,IF(C259=1,IF(COUNT(E251:E267)=0,"",TRIMMEAN(E251:E267,0.5)),IF(D259="","",D259)))) -> 80.1747
A260: 46275.979 | B260: 81.0412 | C260: 0 | E260: =IF(OR(C260=9,B260=""),"",B260-$C$3) -> 81.0312 | F260: =IF(C260=9,"",IF(C260=0,E260,IF(C260=1,IF(COUNT(E252:E268)=0,"",TRIMMEAN(E252:E268,0.5)),IF(D260="","",D260)))) -> 81.0312
A261: 46275.99 | B261: 80.3005 | C261: 0 | E261: =IF(OR(C261=9,B261=""),"",B261-$C$3) -> 80.2905 | F261: =IF(C261=9,"",IF(C261=0,E261,IF(C261=1,IF(COUNT(E253:E269)=0,"",TRIMMEAN(E253:E269,0.5)),IF(D261="","",D261)))) -> 80.2905
A262: 46276 | B262: 83.9574 | C262: 1 | E262: =IF(OR(C262=9,B262=""),"",B262-$C$3) -> 83.9474 | F262: =IF(C262=9,"",IF(C262=0,E262,IF(C262=1,IF(COUNT(E254:E270)=0,"",TRIMMEAN(E254:E270,0.5)),IF(D262="","",D262)))) -> 80.694044 | G262: oscilación más rápida que el registro → media recortada de 4 h
A263: 46276.01 | B263: 70.348 | C263: 1 | E263: =IF(OR(C263=9,B263=""),"",B263-$C$3) -> 70.338 | F263: =IF(C263=9,"",IF(C263=0,E263,IF(C263=1,IF(COUNT(E255:E271)=0,"",TRIMMEAN(E255:E271,0.5)),IF(D263="","",D263)))) -> 80.694044 | G263: oscilación más rápida que el registro → media recortada de 4 h
A264: 46276.021 | B264: 79.7729 | C264: 1 | E264: =IF(OR(C264=9,B264=""),"",B264-$C$3) -> 79.7629 | F264: =IF(C264=9,"",IF(C264=0,E264,IF(C264=1,IF(COUNT(E256:E272)=0,"",TRIMMEAN(E256:E272,0.5)),IF(D264="","",D264)))) -> 80.694044 | G264: oscilación más rápida que el registro → media recortada de 4 h
A265: 46276.031 | B265: 82.9257 | C265: 1 | E265: =IF(OR(C265=9,B265=""),"",B265-$C$3) -> 82.9157 | F265: =IF(C265=9,"",IF(C265=0,E265,IF(C265=1,IF(COUNT(E257:E273)=0,"",TRIMMEAN(E257:E273,0.5)),IF(D265="","",D265)))) -> 80.725867 | G265: oscilación más rápida que el registro → media recortada de 4 h
A266: 46276.042 | B266: 81.6533 | C266: 1 | E266: =IF(OR(C266=9,B266=""),"",B266-$C$3) -> 81.6433 | F266: =IF(C266=9,"",IF(C266=0,E266,IF(C266=1,IF(COUNT(E258:E274)=0,"",TRIMMEAN(E258:E274,0.5)),IF(D266="","",D266)))) -> 81.104778 | G266: oscilación más rápida que el registro → media recortada de 4 h
A267: 46276.052 | B267: 77.4108 | C267: 1 | E267: =IF(OR(C267=9,B267=""),"",B267-$C$3) -> 77.4008 | F267: =IF(C267=9,"",IF(C267=0,E267,IF(C267=1,IF(COUNT(E259:E275)=0,"",TRIMMEAN(E259:E275,0.5)),IF(D267="","",D267)))) -> 81.531833 | G267: oscilación más rápida que el registro → media recortada de 4 h
A268: 46276.062 | B268: 81.3381 | C268: 1 | E268: =IF(OR(C268=9,B268=""),"",B268-$C$3) -> 81.3281 | F268: =IF(C268=9,"",IF(C268=0,E268,IF(C268=1,IF(COUNT(E260:E276)=0,"",TRIMMEAN(E260:E276,0.5)),IF(D268="","",D268)))) -> 81.486078 | G268: oscilación más rápida que el registro → media recortada de 4 h
A269: 46276.073 | B269: 82.363 | C269: 1 | E269: =IF(OR(C269=9,B269=""),"",B269-$C$3) -> 82.353 | F269: =IF(C269=9,"",IF(C269=0,E269,IF(C269=1,IF(COUNT(E261:E277)=0,"",TRIMMEAN(E261:E277,0.5)),IF(D269="","",D269)))) -> 81.334478 | G269: oscilación más rápida que el registro → media recortada de 4 h
A270: 46276.083 | B270: 80.4536 | C270: 1 | E270: =IF(OR(C270=9,B270=""),"",B270-$C$3) -> 80.4436 | F270: =IF(C270=9,"",IF(C270=0,E270,IF(C270=1,IF(COUNT(E262:E278)=0,"",TRIMMEAN(E262:E278,0.5)),IF(D270="","",D270)))) -> 81.247256 | G270: oscilación más rápida que el registro → media recortada de 4 h
A271: 46276.094 | B271: 86.7084 | C271: 1 | E271: =IF(OR(C271=9,B271=""),"",B271-$C$3) -> 86.6984 | F271: =IF(C271=9,"",IF(C271=0,E271,IF(C271=1,IF(COUNT(E263:E279)=0,"",TRIMMEAN(E263:E279,0.5)),IF(D271="","",D271)))) -> 81.2185 | G271: oscilación más rápida que el registro → media recortada de 4 h
A272: 46276.104 | B272: 83.6164 | C272: 1 | E272: =IF(OR(C272=9,B272=""),"",B272-$C$3) -> 83.6064 | F272: =IF(C272=9,"",IF(C272=0,E272,IF(C272=1,IF(COUNT(E264:E280)=0,"",TRIMMEAN(E264:E280,0.5)),IF(D272="","",D272)))) -> 81.372967 | G272: oscilación más rápida que el registro → media recortada de 4 h
A273: 46276.115 | B273: 79.5155 | C273: 1 | E273: =IF(OR(C273=9,B273=""),"",B273-$C$3) -> 79.5055 | F273: =IF(C273=9,"",IF(C273=0,E273,IF(C273=1,IF(COUNT(E265:E281)=0,"",TRIMMEAN(E265:E281,0.5)),IF(D273="","",D273)))) -> 81.468467 | G273: oscilación más rápida que el registro → media recortada de 4 h
... A798: 46281.583 | B798: -0.0044 | C798: 9 | E798: =IF(OR(C798=9,B798=""),"",B798-$C$3) | F798: =IF(C798=9,"",IF(C798=0,E798,IF(C798=1,IF(COUNT(E790:E806)=0,"",TRIMMEAN(E790:E806,0.5)),IF(D798="","",D798)))) | G798: equipo sin instalar
A799: 46281.594 | B799: 0.0234 | C799: 9 | E799: =IF(OR(C799=9,B799=""),"",B799-$C$3) | F799: =IF(C799=9,"",IF(C799=0,E799,IF(C799=1,IF(COUNT(E791:E806)=0,"",TRIMMEAN(E791:E806,0.5)),IF(D799="","",D799)))) | G799: equipo sin instalar
A800: 46281.604 | B800: 0.0139 | C800: 9 | E800: =IF(OR(C800=9,B800=""),"",B800-$C$3) | F800: =IF(C800=9,"",IF(C800=0,E800,IF(C800=1,IF(COUNT(E792:E806)=0,"",TRIMMEAN(E792:E806,0.5)),IF(D800="","",D800)))) | G800: equipo sin instalar
A801: 46281.615 | B801: 0.0163 | C801: 9 | E801: =IF(OR(C801=9,B801=""),"",B801-$C$3) | F801: =IF(C801=9,"",IF(C801=0,E801,IF(C801=1,IF(COUNT(E793:E806)=0,"",TRIMMEAN(E793:E806,0.5)),IF(D801="","",D801)))) | G801: equipo sin instalar
A802: 46281.625 | B802: 0.0257 | C802: 9 | E802: =IF(OR(C802=9,B802=""),"",B802-$C$3) | F802: =IF(C802=9,"",IF(C802=0,E802,IF(C802=1,IF(COUNT(E794:E806)=0,"",TRIMMEAN(E794:E806,0.5)),IF(D802="","",D802)))) | G802: equipo sin instalar
A803: 46281.635 | B803: 0.0209 | C803: 9 | E803: =IF(OR(C803=9,B803=""),"",B803-$C$3) | F803: =IF(C803=9,"",IF(C803=0,E803,IF(C803=1,IF(COUNT(E795:E806)=0,"",TRIMMEAN(E795:E806,0.5)),IF(D803="","",D803)))) | G803: equipo sin instalar
A804: 46281.646 | B804: 0.0116 | C804: 9 | E804: =IF(OR(C804=9,B804=""),"",B804-$C$3) | F804: =IF(C804=9,"",IF(C804=0,E804,IF(C804=1,IF(COUNT(E796:E806)=0,"",TRIMMEAN(E796:E806,0.5)),IF(D804="","",D804)))) | G804: equipo sin instalar
A805: 46281.656 | B805: 0.0093 | C805: 9 | E805: =IF(OR(C805=9,B805=""),"",B805-$C$3) | F805: =IF(C805=9,"",IF(C805=0,E805,IF(C805=1,IF(COUNT(E797:E806)=0,"",TRIMMEAN(E797:E806,0.5)),IF(D805="","",D805)))) | G805: equipo sin instalar
A806: 46281.667 | B806: 0.0163 | C806: 9 | E806: =IF(OR(C806=9,B806=""),"",B806-$C$3) | F806: =IF(C806=9,"",IF(C806=0,E806,IF(C806=1,IF(COUNT(E798:E806)=0,"",TRIMMEAN(E798:E806,0.5)),IF(D806="","",D806)))) | G806: equipo sin instalar

Sheet P2
A1: P2 · Presión (m) · VN3942278
A2: Válido
A3: Offset | C3: -0.27
A4: Ventana (lecturas a cada lado) | C4: 4
A6: Fecha y hora | B6: Dato inicial (m) | C6: Marca | D6: Reemplazo | E6: Corregido (m) | F6: Dato depurado (m) | G6: Motivo
A7: 46273.344 | B7: -0.2715 | C7: 9 | E7: =IF(OR(C7=9,B7=""),"",B7-$C$3) | F7: =IF(C7=9,"",IF(C7=0,E7,IF(C7=1,IF(COUNT(E7:E11)=0,"",TRIMMEAN(E7:E11,0.5)),IF(D7="","",D7)))) | G7: equipo sin instalar
A8: 46273.354 | B8: -0.2715 | C8: 9 | E8: =IF(OR(C8=9,B8=""),"",B8-$C$3) | F8: =IF(C8=9,"",IF(C8=0,E8,IF(C8=1,IF(COUNT(E7:E12)=0,"",TRIMMEAN(E7:E12,0.5)),IF(D8="","",D8)))) | G8: equipo sin instalar
A9: 46273.365 | B9: -0.813 | C9: 9 | E9: =IF(OR(C9=9,B9=""),"",B9-$C$3) | F9: =IF(C9=9,"",IF(C9=0,E9,IF(C9=1,IF(COUNT(E7:E13)=0,"",TRIMMEAN(E7:E13,0.5)),IF(D9="","",D9)))) | G9: equipo sin instalar
A10: 46273.375 | B10: -0.841 | C10: 9 | E10: =IF(OR(C10=9,B10=""),"",B10-$C$3) | F10: =IF(C10=9,"",IF(C10=0,E10,IF(C10=1,IF(COUNT(E7:E14)=0,"",TRIMMEAN(E7:E14,0.5)),IF(D10="","",D10)))) | G10: equipo sin instalar
A11: 46273.385 | B11: -0.841 | C11: 9 | E11: =IF(OR(C11=9,B11=""),"",B11-$C$3) | F11: =IF(C11=9,"",IF(C11=0,E11,IF(C11=1,IF(COUNT(E7:E15)=0,"",TRIMMEAN(E7:E15,0.5)),IF(D11="","",D11)))) | G11: equipo sin instalar
A12: 46273.396 | B12: -0.8597 | C12: 9 | E12: =IF(OR(C12=9,B12=""),"",B12-$C$3) | F12: =IF(C12=9,"",IF(C12=0,E12,IF(C12=1,IF(COUNT(E8:E16)=0,"",TRIMMEAN(E8:E16,0.5)),IF(D12="","",D12)))) | G12: equipo sin instalar
A13: 46273.406 | B13: -0.8597 | C13: 9 | E13: =IF(OR(C13=9,B13=""),"",B13-$C$3) | F13: =IF(C13=9,"",IF(C13=0,E13,IF(C13=1,IF(COUNT(E9:E17)=0,"",TRIMMEAN(E9:E17,0.5)),IF(D13="","",D13)))) | G13: equipo sin instalar
A14: 46273.417 | B14: -0.841 | C14: 9 | E14: =IF(OR(C14=9,B14=""),"",B14-$C$3) | F14: =IF(C14=9,"",IF(C14=0,E14,IF(C14=1,IF(COUNT(E10:E18)=0,"",TRIMMEAN(E10:E18,0.5)),IF(D14="","",D14)))) | G14: equipo sin instalar
A15: 46273.427 | B15: -0.5703 | C15: 9 | E15: =IF(OR(C15=9,B15=""),"",B15-$C$3) | F15: =IF(C15=9,"",IF(C15=0,E15,IF(C15=1,IF(COUNT(E11:E19)=0,"",TRIMMEAN(E11:E19,0.5)),IF(D15="","",D15)))) | G15: equipo sin instalar
A16: 46273.438 | B16: -0.3555 | C16: 9 | E16: =IF(OR(C16=9,B16=""),"",B16-$C$3) | F16: =IF(C16=9,"",IF(C16=0,E16,IF(C16=1,IF(COUNT(E12:E20)=0,"",TRIMMEAN(E12:E20,0.5)),IF(D16="","",D16)))) | G16: equipo sin instalar
A17: 46273.448 | B17: -0.2715 | C17: 9 | E17: =IF(OR(C17=9,B17=""),"",B17-$C$3) | F17: =IF(C17=9,"",IF(C17=0,E17,IF(C17=1,IF(COUNT(E13:E21)=0,"",TRIMMEAN(E13:E21,0.5)),IF(D17="","",D17)))) | G17: equipo sin instalar
A18: 46273.458 | B18: -0.2809 | C18: 9 | E18: =IF(OR(C18=9,B18=""),"",B18-$C$3) | F18: =IF(C18=9,"",IF(C18=0,E18,IF(C18=1,IF(COUNT(E14:E22)=0,"",TRIMMEAN(E14:E22,0.5)),IF(D18="","",D18)))) | G18: equipo sin instalar
A19: 46273.469 | B19: -0.2809 | C19: 9 | E19: =IF(OR(C19=9,B19=""),"",B19-$C$3) | F19: =IF(C19=9,"",IF(C19=0,E19,IF(C19=1,IF(COUNT(E15:E23)=0,"",TRIMMEAN(E15:E23,0.5)),IF(D19="","",D19)))) | G19: equipo sin instalar
A20: 46273.479 | B20: -0.2155 | C20: 9 | E20: =IF(OR(C20=9,B20=""),"",B20-$C$3) | F20: =IF(C20=9,"",IF(C20=0,E20,IF(C20=1,IF(COUNT(E16:E24)=0,"",TRIMMEAN(E16:E24,0.5)),IF(D20="","",D20)))) | G20: equipo sin instalar
A21: 46273.49 | B21: 63.6394 | C21: 9 | E21: =IF(OR(C21=9,B21=""),"",B21-$C$3) | F21: =IF(C21=9,"",IF(C21=0,E21,IF(C21=1,IF(COUNT(E17:E25)=0,"",TRIMMEAN(E17:E25,0.5)),IF(D21="","",D21)))) | G21: equipo sin instalar
A22: 46273.5 | B22: 78.8672 | C22: 0 | E22: =IF(OR(C22=9,B22=""),"",B22-$C$3) -> 79.1372 | F22: =IF(C22=9,"",IF(C22=0,E22,IF(C22=1,IF(COUNT(E18:E26)=0,"",TRIMMEAN(E18:E26,0.5)),IF(D22="","",D22)))) -> 79.1372
A23: 46273.51 | B23: 78.8733 | C23: 0 | E23: =IF(OR(C23=9,B23=""),"",B23-$C$3) -> 79.1433 | F23: =IF(C23=9,"",IF(C23=0,E23,IF(C23=1,IF(COUNT(E19:E27)=0,"",TRIMMEAN(E19:E27,0.5)),IF(D23="","",D23)))) -> 79.1433
A24: 46273.521 | B24: 78.5164 | C24: 0 | E24: =IF(OR(C24=9,B24=""),"",B24-$C$3) -> 78.7864 | F24: =IF(C24=9,"",IF(C24=0,E24,IF(C24=1,IF(COUNT(E20:E28)=0,"",TRIMMEAN(E20:E28,0.5)),IF(D24="","",D24)))) -> 78.7864
A25: 46273.531 | B25: 78.2679 | C25: 0 | E25: =IF(OR(C25=9,B25=""),"",B25-$C$3) -> 78.5379 | F25: =IF(C25=9,"",IF(C25=0,E25,IF(C25=1,IF(COUNT(E21:E29)=0,"",TRIMMEAN(E21:E29,0.5)),IF(D25="","",D25)))) -> 78.5379
A26: 46273.542 | B26: 78.6762 | C26: 0 | E26: =IF(OR(C26=9,B26=""),"",B26-$C$3) -> 78.9462 | F26: =IF(C26=9,"",IF(C26=0,E26,IF(C26=1,IF(COUNT(E22:E30)=0,"",TRIMMEAN(E22:E30,0.5)),IF(D26="","",D26)))) -> 78.9462
A27: 46273.552 | B27: 79.5099 | C27: 0 | E27: =IF(OR(C27=9,B27=""),"",B27-$C$3) -> 79.7799 | F27: =IF(C27=9,"",IF(C27=0,E27,IF(C27=1,IF(COUNT(E23:E31)=0,"",TRIMMEAN(E23:E31,0.5)),IF(D27="","",D27)))) -> 79.7799
A28: 46273.562 | B28: 79.0337 | C28: 0 | E28: =IF(OR(C28=9,B28=""),"",B28-$C$3) -> 79.3037 | F28: =IF(C28=9,"",IF(C28=0,E28,IF(C28=1,IF(COUNT(E24:E32)=0,"",TRIMMEAN(E24:E32,0.5)),IF(D28="","",D28)))) -> 79.3037
A29: 46273.573 | B29: 78.5429 | C29: 0 | E29: =IF(OR(C29=9,B29=""),"",B29-$C$3) -> 78.8129 | F29: =IF(C29=9,"",IF(C29=0,E29,IF(C29=1,IF(COUNT(E25:E33)=0,"",TRIMMEAN(E25:E33,0.5)),IF(D29="","",D29)))) -> 78.8129
A30: 46273.583 | B30: 79.2625 | C30: 0 | E30: =IF(OR(C30=9,B30=""),"",B30-$C$3) -> 79.5325 | F30: =IF(C30=9,"",IF(C30=0,E30,IF(C30=1,IF(COUNT(E26:E34)=0,"",TRIMMEAN(E26:E34,0.5)),IF(D30="","",D30)))) -> 79.5325
A31: 46273.594 | B31: 79.0854 | C31: 0 | E31: =IF(OR(C31=9,B31=""),"",B31-$C$3) -> 79.3554 | F31: =IF(C31=9,"",IF(C31=0,E31,IF(C31=1,IF(COUNT(E27:E35)=0,"",TRIMMEAN(E27:E35,0.5)),IF(D31="","",D31)))) -> 79.3554
A32: 46273.604 | B32: 78.566 | C32: 0 | E32: =IF(OR(C32=9,B32=""),"",B32-$C$3) -> 78.836 | F32: =IF(C32=9,"",IF(C32=0,E32,IF(C32=1,IF(COUNT(E28:E36)=0,"",TRIMMEAN(E28:E36,0.5)),IF(D32="","",D32)))) -> 78.836
A33: 46273.615 | B33: 78.0249 | C33: 0 | E33: =IF(OR(C33=9,B33=""),"",B33-$C$3) -> 78.2949 | F33: =IF(C33=9,"",IF(C33=0,E33,IF(C33=1,IF(COUNT(E29:E37)=0,"",TRIMMEAN(E29:E37,0.5)),IF(D33="","",D33)))) -> 78.2949
... A291: 46276.302 | B291: 78.6449 | C291: 0 | E291: =IF(OR(C291=9,B291=""),"",B291-$C$3) -> 78.9149 | F291: =IF(C291=9,"",IF(C291=0,E291,IF(C291=1,IF(COUNT(E287:E295)=0,"",TRIMMEAN(E287:E295,0.5)),IF(D291="","",D291)))) -> 78.9149
A292: 46276.312 | B292: 45.3235 | C292: 2 | D292: 78.4943 | E292: =IF(OR(C292=9,B292=""),"",B292-$C$3) -> 45.5935 | F292: =IF(C292=9,"",IF(C292=0,E292,IF(C292=1,IF(COUNT(E288:E296)=0,"",TRIMMEAN(E288:E296,0.5)),IF(D292="","",D292)))) -> 78.4943 | G292: pico aislado
A293: 46276.323 | B293: 35.799 | C293: 2 | D293: 78.0736 | E293: =IF(OR(C293=9,B293=""),"",B293-$C$3) -> 36.069 | F293: =IF(C293=9,"",IF(C293=0,E293,IF(C293=1,IF(COUNT(E289:E297)=0,"",TRIMMEAN(E289:E297,0.5)),IF(D293="","",D293)))) -> 78.0736 | G293: pico aislado
A294: 46276.333 | B294: 53.587 | C294: 2 | D294: 77.653 | E294: =IF(OR(C294=9,B294=""),"",B294-$C$3) -> 53.857 | F294: =IF(C294=9,"",IF(C294=0,E294,IF(C294=1,IF(COUNT(E290:E298)=0,"",TRIMMEAN(E290:E298,0.5)),IF(D294="","",D294)))) -> 77.653 | G294: pico aislado
A295: 46276.344 | B295: 76.9623 | C295: 0 | E295: =IF(OR(C295=9,B295=""),"",B295-$C$3) -> 77.2323 | F295: =IF(C295=9,"",IF(C295=0,E295,IF(C295=1,IF(COUNT(E291:E299)=0,"",TRIMMEAN(E291:E299,0.5)),IF(D295="","",D295)))) -> 77.2323
A296: 46276.354 | B296: 81.6313 | C296: 0 | E296: =IF(OR(C296=9,B296=""),"",B296-$C$3) -> 81.9013 | F296: =IF(C296=9,"",IF(C296=0,E296,IF(C296=1,IF(COUNT(E292:E300)=0,"",TRIMMEAN(E292:E300,0.5)),IF(D296="","",D296)))) -> 81.9013
A297: 46276.365 | B297: 81.1728 | C297: 0 | E297: =IF(OR(C297=9,B297=""),"",B297-$C$3) -> 81.4428 | F297: =IF(C297=9,"",IF(C297=0,E297,IF(C297=1,IF(COUNT(E293:E301)=0,"",TRIMMEAN(E293:E301,0.5)),IF(D297="","",D297)))) -> 81.4428
A298: 46276.375 | B298: 81.3431 | C298: 0 | E298: =IF(OR(C298=9,B298=""),"",B298-$C$3) -> 81.6131 | F298: =IF(C298=9,"",IF(C298=0,E298,IF(C298=1,IF(COUNT(E294:E302)=0,"",TRIMMEAN(E294:E302,0.5)),IF(D298="","",D298)))) -> 81.6131
A299: 46276.385 | B299: 82.0164 | C299: 0 | E299: =IF(OR(C299=9,B299=""),"",B299-$C$3) -> 82.2864 | F299: =IF(C299=9,"",IF(C299=0,E299,IF(C299=1,IF(COUNT(E295:E303)=0,"",TRIMMEAN(E295:E303,0.5)),IF(D299="","",D299)))) -> 82.2864
A300: 46276.396 | B300: 82.0042 | C300: 0 | E300: =IF(OR(C300=9,B300=""),"",B300-$C$3) -> 82.2742 | F300: =IF(C300=9,"",IF(C300=0,E300,IF(C300=1,IF(COUNT(E296:E304)=0,"",TRIMMEAN(E296:E304,0.5)),IF(D300="","",D300)))) -> 82.2742
A301: 46276.406 | B301: 81.6945 | C301: 0 | E301: =IF(OR(C301=9,B301=""),"",B301-$C$3) -> 81.9645 | F301: =IF(C301=9,"",IF(C301=0,E301,IF(C301=1,IF(COUNT(E297:E305)=0,"",TRIMMEAN(E297:E305,0.5)),IF(D301="","",D301)))) -> 81.9645
A302: 46276.417 | B302: 80.907 | C302: 0 | E302: =IF(OR(C302=9,B302=""),"",B302-$C$3) -> 81.177 | F302: =IF(C302=9,"",IF(C302=0,E302,IF(C302=1,IF(COUNT(E298:E306)=0,"",TRIMMEAN(E298:E306,0.5)),IF(D302="","",D302)))) -> 81.177
A303: 46276.427 | B303: 80.5185 | C303: 0 | E303: =IF(OR(C303=9,B303=""),"",B303-$C$3) -> 80.7885 | F303: =IF(C303=9,"",IF(C303=0,E303,IF(C303=1,IF(COUNT(E299:E307)=0,"",TRIMMEAN(E299:E307,0.5)),IF(D303="","",D303)))) -> 80.7885
A304: 46276.438 | B304: 80.8726 | C304: 0 | E304: =IF(OR(C304=9,B304=""),"",B304-$C$3) -> 81.1426 | F304: =IF(C304=9,"",IF(C304=0,E304,IF(C304=1,IF(COUNT(E300:E308)=0,"",TRIMMEAN(E300:E308,0.5)),IF(D304="","",D304)))) -> 81.1426
A305: 46276.448 | B305: 80.6524 | C305: 0 | E305: =IF(OR(C305=9,B305=""),"",B305-$C$3) -> 80.9224 | F305: =IF(C305=9,"",IF(C305=0,E305,IF(C305=1,IF(COUNT(E301:E309)=0,"",TRIMMEAN(E301:E309,0.5)),IF(D305="","",D305)))) -> 80.9224
A306: 46276.458 | B306: 80.3757 | C306: 0 | E306: =IF(OR(C306=9,B306=""),"",B306-$C$3) -> 80.6457 | F306: =IF(C306=9,"",IF(C306=0,E306,IF(C306=1,IF(COUNT(E302:E310)=0,"",TRIMMEAN(E302:E310,0.5)),IF(D306="","",D306)))) -> 80.6457
... A779: 46281.385 | B779: 81.6245 | C779: 0 | E779: =IF(OR(C779=9,B779=""),"",B779-$C$3) -> 81.8945 | F779: =IF(C779=9,"",IF(C779=0,E779,IF(C779=1,IF(COUNT(E775:E783)=0,"",TRIMMEAN(E775:E783,0.5)),IF(D779="","",D779)))) -> 81.8945
A780: 46281.396 | B780: 18.9338 | C780: 9 | E780: =IF(OR(C780=9,B780=""),"",B780-$C$3) | F780: =IF(C780=9,"",IF(C780=0,E780,IF(C780=1,IF(COUNT(E776:E784)=0,"",TRIMMEAN(E776:E784,0.5)),IF(D780="","",D780)))) | G780: equipo sin instalar
A781: 46281.406 | B781: -0.2728 | C781: 9 | E781: =IF(OR(C781=9,B781=""),"",B781-$C$3) | F781: =IF(C781=9,"",IF(C781=0,E781,IF(C781=1,IF(COUNT(E777:E785)=0,"",TRIMMEAN(E777:E785,0.5)),IF(D781="","",D781)))) | G781: equipo sin instalar
A782: 46281.417 | B782: -0.2472 | C782: 9 | E782: =IF(OR(C782=9,B782=""),"",B782-$C$3) | F782: =IF(C782=9,"",IF(C782=0,E782,IF(C782=1,IF(COUNT(E778:E786)=0,"",TRIMMEAN(E778:E786,0.5)),IF(D782="","",D782)))) | G782: equipo sin instalar
A783: 46281.427 | B783: -0.2413 | C783: 9 | E783: =IF(OR(C783=9,B783=""),"",B783-$C$3) | F783: =IF(C783=9,"",IF(C783=0,E783,IF(C783=1,IF(COUNT(E779:E787)=0,"",TRIMMEAN(E779:E787,0.5)),IF(D783="","",D783)))) | G783: equipo sin instalar
A784: 46281.438 | B784: -0.265 | C784: 9 | E784: =IF(OR(C784=9,B784=""),"",B784-$C$3) | F784: =IF(C784=9,"",IF(C784=0,E784,IF(C784=1,IF(COUNT(E780:E788)=0,"",TRIMMEAN(E780:E788,0.5)),IF(D784="","",D784)))) | G784: equipo sin instalar
A785: 46281.448 | B785: -0.6509 | C785: 9 | E785: =IF(OR(C785=9,B785=""),"",B785-$C$3) | F785: =IF(C785=9,"",IF(C785=0,E785,IF(C785=1,IF(COUNT(E781:E789)=0,"",TRIMMEAN(E781:E789,0.5)),IF(D785="","",D785)))) | G785: equipo sin instalar
A786: 46281.458 | B786: -0.6947 | C786: 9 | E786: =IF(OR(C786=9,B786=""),"",B786-$C$3) | F786: =IF(C786=9,"",IF(C786=0,E786,IF(C786=1,IF(COUNT(E782:E790)=0,"",TRIMMEAN(E782:E790,0.5)),IF(D786="","",D786)))) | G786: equipo sin instalar
A787: 46281.469 | B787: -0.63 | C787: 9 | E787: =IF(OR(C787=9,B787=""),"",B787-$C$3) | F787: =IF(C787=9,"",IF(C787=0,E787,IF(C787=1,IF(COUNT(E783:E791)=0,"",TRIMMEAN(E783:E791,0.5)),IF(D787="","",D787)))) | G787: equipo sin instalar
A788: 46281.479 | B788: -0.5167 | C788: 9 | E788: =IF(OR(C788=9,B788=""),"",B788-$C$3) | F788: =IF(C788=9,"",IF(C788=0,E788,IF(C788=1,IF(COUNT(E784:E792)=0,"",TRIMMEAN(E784:E792,0.5)),IF(D788="","",D788)))) | G788: equipo sin instalar
A789: 46281.49 | B789: -0.429 | C789: 9 | E789: =IF(OR(C789=9,B789=""),"",B789-$C$3) | F789: =IF(C789=9,"",IF(C789=0,E789,IF(C789=1,IF(COUNT(E785:E793)=0,"",TRIMMEAN(E785:E793,0.5)),IF(D789="","",D789)))) | G789: equipo sin instalar
A790: 46281.5 | B790: -0.3901 | C790: 9 | E790: =IF(OR(C790=9,B790=""),"",B790-$C$3) | F790: =IF(C790=9,"",IF(C790=0,E790,IF(C790=1,IF(COUNT(E786:E794)=0,"",TRIMMEAN(E786:E794,0.5)),IF(D790="","",D790)))) | G790: equipo sin instalar
A791: 46281.51 | B791: -0.2977 | C791: 9 | E791: =IF(OR(C791=9,B791=""),"",B791-$C$3) | F791: =IF(C791=9,"",IF(C791=0,E791,IF(C791=1,IF(COUNT(E787:E795)=0,"",TRIMMEAN(E787:E795,0.5)),IF(D791="","",D791)))) | G791: equipo sin instalar
... A802: 46281.625 | B802: 0.0316 | C802: 9 | E802: =IF(OR(C802=9,B802=""),"",B802-$C$3) | F802: =IF(C802=9,"",IF(C802=0,E802,IF(C802=1,IF(COUNT(E798:E806)=0,"",TRIMMEAN(E798:E806,0.5)),IF(D802="","",D802)))) | G802: equipo sin instalar
A803: 46281.635 | B803: 0.0344 | C803: 9 | E803: =IF(OR(C803=9,B803=""),"",B803-$C$3) | F803: =IF(C803=9,"",IF(C803=0,E803,IF(C803=1,IF(COUNT(E799:E806)=0,"",TRIMMEAN(E799:E806,0.5)),IF(D803="","",D803)))) | G803: equipo sin instalar
A804: 46281.646 | B804: 0.0366 | C804: 9 | E804: =IF(OR(C804=9,B804=""),"",B804-$C$3) | F804: =IF(C804=9,"",IF(C804=0,E804,IF(C804=1,IF(COUNT(E800:E806)=0,"",TRIMMEAN(E800:E806,0.5)),IF(D804="","",D804)))) | G804: equipo sin instalar
A805: 46281.656 | B805: 0.0294 | C805: 9 | E805: =IF(OR(C805=9,B805=""),"",B805-$C$3) | F805: =IF(C805=9,"",IF(C805=0,E805,IF(C805=1,IF(COUNT(E801:E806)=0,"",TRIMMEAN(E801:E806,0.5)),IF(D805="","",D805)))) | G805: equipo sin instalar
A806: 46281.667 | B806: 0.0416 | C806: 9 | E806: =IF(OR(C806=9,B806=""),"",B806-$C$3) | F806: =IF(C806=9,"",IF(C806=0,E806,IF(C806=1,IF(COUNT(E802:E806)=0,"",TRIMMEAN(E802:E806,0.5)),IF(D806="","",D806)))) | G806: equipo sin instalar

Sheet P3
A1: P3 · Presión (m) · VN3943135
A2: Válido (suavizado)
A3: Offset | C3: -0.29
A4: Ventana (lecturas a cada lado) | C4: 4
A6: Fecha y hora | B6: Dato inicial (m) | C6: Marca | D6: Reemplazo | E6: Corregido (m) | F6: Dato depurado (m) | G6: Motivo
A7: 46273.344 | B7: -0.2852 | C7: 9 | E7: =IF(OR(C7=9,B7=""),"",B7-$C$3) | F7: =IF(C7=9,"",IF(C7=0,E7,IF(C7=1,IF(COUNT(E7:E11)=0,"",TRIMMEAN(E7:E11,0.5)),IF(D7="","",D7)))) | G7: equipo sin instalar
A8: 46273.354 | B8: -0.2665 | C8: 9 | E8: =IF(OR(C8=9,B8=""),"",B8-$C$3) | F8: =IF(C8=9,"",IF(C8=0,E8,IF(C8=1,IF(COUNT(E7:E12)=0,"",TRIMMEAN(E7:E12,0.5)),IF(D8="","",D8)))) | G8: equipo sin instalar
A9: 46273.365 | B9: -0.836 | C9: 9 | E9: =IF(OR(C9=9,B9=""),"",B9-$C$3) | F9: =IF(C9=9,"",IF(C9=0,E9,IF(C9=1,IF(COUNT(E7:E13)=0,"",TRIMMEAN(E7:E13,0.5)),IF(D9="","",D9)))) | G9: equipo sin instalar
A10: 46273.375 | B10: -0.864 | C10: 9 | E10: =IF(OR(C10=9,B10=""),"",B10-$C$3) | F10: =IF(C10=9,"",IF(C10=0,E10,IF(C10=1,IF(COUNT(E7:E14)=0,"",TRIMMEAN(E7:E14,0.5)),IF(D10="","",D10)))) | G10: equipo sin instalar
A11: 46273.385 | B11: -0.864 | C11: 9 | E11: =IF(OR(C11=9,B11=""),"",B11-$C$3) | F11: =IF(C11=9,"",IF(C11=0,E11,IF(C11=1,IF(COUNT(E7:E15)=0,"",TRIMMEAN(E7:E15,0.5)),IF(D11="","",D11)))) | G11: equipo sin instalar
A12: 46273.396 | B12: -0.8733 | C12: 9 | E12: =IF(OR(C12=9,B12=""),"",B12-$C$3) | F12: =IF(C12=9,"",IF(C12=0,E12,IF(C12=1,IF(COUNT(E8:E16)=0,"",TRIMMEAN(E8:E16,0.5)),IF(D12="","",D12)))) | G12: equipo sin instalar
A13: 46273.406 | B13: -0.9013 | C13: 9 | E13: =IF(OR(C13=9,B13=""),"",B13-$C$3) | F13: =IF(C13=9,"",IF(C13=0,E13,IF(C13=1,IF(COUNT(E9:E17)=0,"",TRIMMEAN(E9:E17,0.5)),IF(D13="","",D13)))) | G13: equipo sin instalar
A14: 46273.417 | B14: -0.836 | C14: 9 | E14: =IF(OR(C14=9,B14=""),"",B14-$C$3) | F14: =IF(C14=9,"",IF(C14=0,E14,IF(C14=1,IF(COUNT(E10:E18)=0,"",TRIMMEAN(E10:E18,0.5)),IF(D14="","",D14)))) | G14: equipo sin instalar
A15: 46273.427 | B15: -0.5839 | C15: 9 | E15: =IF(OR(C15=9,B15=""),"",B15-$C$3) | F15: =IF(C15=9,"",IF(C15=0,E15,IF(C15=1,IF(COUNT(E11:E19)=0,"",TRIMMEAN(E11:E19,0.5)),IF(D15="","",D15)))) | G15: equipo sin instalar
A16: 46273.438 | B16: -0.3785 | C16: 9 | E16: =IF(OR(C16=9,B16=""),"",B16-$C$3) | F16: =IF(C16=9,"",IF(C16=0,E16,IF(C16=1,IF(COUNT(E12:E20)=0,"",TRIMMEAN(E12:E20,0.5)),IF(D16="","",D16)))) | G16: equipo sin instalar
A17: 46273.448 | B17: -0.2945 | C17: 9 | E17: =IF(OR(C17=9,B17=""),"",B17-$C$3) | F17: =IF(C17=9,"",IF(C17=0,E17,IF(C17=1,IF(COUNT(E13:E21)=0,"",TRIMMEAN(E13:E21,0.5)),IF(D17="","",D17)))) | G17: equipo sin instalar
A18: 46273.458 | B18: -0.2945 | C18: 9 | E18: =IF(OR(C18=9,B18=""),"",B18-$C$3) | F18: =IF(C18=9,"",IF(C18=0,E18,IF(C18=1,IF(COUNT(E14:E22)=0,"",TRIMMEAN(E14:E22,0.5)),IF(D18="","",D18)))) | G18: equipo sin instalar
A19: 46273.469 | B19: -0.2945 | C19: 9 | E19: =IF(OR(C19=9,B19=""),"",B19-$C$3) | F19: =IF(C19=9,"",IF(C19=0,E19,IF(C19=1,IF(COUNT(E15:E23)=0,"",TRIMMEAN(E15:E23,0.5)),IF(D19="","",D19)))) | G19: equipo sin instalar
A20: 46273.479 | B20: -0.2754 | C20: 9 | E20: =IF(OR(C20=9,B20=""),"",B20-$C$3) | F20: =IF(C20=9,"",IF(C20=0,E20,IF(C20=1,IF(COUNT(E16:E24)=0,"",TRIMMEAN(E16:E24,0.5)),IF(D20="","",D20)))) | G20: equipo sin instalar
A21: 46273.49 | B21: 35.4808 | C21: 9 | E21: =IF(OR(C21=9,B21=""),"",B21-$C$3) | F21: =IF(C21=9,"",IF(C21=0,E21,IF(C21=1,IF(COUNT(E17:E25)=0,"",TRIMMEAN(E17:E25,0.5)),IF(D21="","",D21)))) | G21: equipo sin instalar
A22: 46273.5 | B22: 102.7874 | C22: 1 | E22: =IF(OR(C22=9,B22=""),"",B22-$C$3) -> 103.0774 | F22: =IF(C22=9,"",IF(C22=0,E22,IF(C22=1,IF(COUNT(E18:E26)=0,"",TRIMMEAN(E18:E26,0.5)),IF(D22="","",D22)))) -> 121.79713 | G22: oscilación más rápida que el registro → media recortada de 2 h
... A69: 46273.99 | B69: 149.1137 | C69: 1 | E69: =IF(OR(C69=9,B69=""),"",B69-$C$3) -> 149.4037 | F69: =IF(C69=9,"",IF(C69=0,E69,IF(C69=1,IF(COUNT(E65:E73)=0,"",TRIMMEAN(E65:E73,0.5)),IF(D69="","",D69)))) -> 144.52574 | G69: oscilación más rápida que el registro → media recortada de 2 h
A70: 46274 | B70: 142.2693 | C70: 0 | E70: =IF(OR(C70=9,B70=""),"",B70-$C$3) -> 142.5593 | F70: =IF(C70=9,"",IF(C70=0,E70,IF(C70=1,IF(COUNT(E66:E74)=0,"",TRIMMEAN(E66:E74,0.5)),IF(D70="","",D70)))) -> 142.5593
A71: 46274.01 | B71: 134.8722 | C71: 0 | E71: =IF(OR(C71=9,B71=""),"",B71-$C$3) -> 135.1622 | F71: =IF(C71=9,"",IF(C71=0,E71,IF(C71=1,IF(COUNT(E67:E75)=0,"",TRIMMEAN(E67:E75,0.5)),IF(D71="","",D71)))) -> 135.1622
A72: 46274.021 | B72: 135.4542 | C72: 0 | E72: =IF(OR(C72=9,B72=""),"",B72-$C$3) -> 135.7442 | F72: =IF(C72=9,"",IF(C72=0,E72,IF(C72=1,IF(COUNT(E68:E76)=0,"",TRIMMEAN(E68:E76,0.5)),IF(D72="","",D72)))) -> 135.7442
A73: 46274.031 | B73: 134.2271 | C73: 0 | E73: =IF(OR(C73=9,B73=""),"",B73-$C$3) -> 134.5171 | F73: =IF(C73=9,"",IF(C73=0,E73,IF(C73=1,IF(COUNT(E69:E77)=0,"",TRIMMEAN(E69:E77,0.5)),IF(D73="","",D73)))) -> 134.5171
A74: 46274.042 | B74: 137.6459 | C74: 0 | E74: =IF(OR(C74=9,B74=""),"",B74-$C$3) -> 137.9359 | F74: =IF(C74=9,"",IF(C74=0,E74,IF(C74=1,IF(COUNT(E70:E78)=0,"",TRIMMEAN(E70:E78,0.5)),IF(D74="","",D74)))) -> 137.9359
A75: 46274.052 | B75: 136.9355 | C75: 0 | E75: =IF(OR(C75=9,B75=""),"",B75-$C$3) -> 137.2255 | F75: =IF(C75=9,"",IF(C75=0,E75,IF(C75=1,IF(COUNT(E71:E79)=0,"",TRIMMEAN(E71:E79,0.5)),IF(D75="","",D75)))) -> 137.2255
A76: 46274.062 | B76: 137.0572 | C76: 0 | E76: =IF(OR(C76=9,B76=""),"",B76-$C$3) -> 137.3472 | F76: =IF(C76=9,"",IF(C76=0,E76,IF(C76=1,IF(COUNT(E72:E80)=0,"",TRIMMEAN(E72:E80,0.5)),IF(D76="","",D76)))) -> 137.3472
A77: 46274.073 | B77: 135.7098 | C77: 0 | E77: =IF(OR(C77=9,B77=""),"",B77-$C$3) -> 135.9998 | F77: =IF(C77=9,"",IF(C77=0,E77,IF(C77=1,IF(COUNT(E73:E81)=0,"",TRIMMEAN(E73:E81,0.5)),IF(D77="","",D77)))) -> 135.9998
A78: 46274.083 | B78: 135.9647 | C78: 0 | E78: =IF(OR(C78=9,B78=""),"",B78-$C$3) -> 136.2547 | F78: =IF(C78=9,"",IF(C78=0,E78,IF(C78=1,IF(COUNT(E74:E82)=0,"",TRIMMEAN(E74:E82,0.5)),IF(D78="","",D78)))) -> 136.2547
A79: 46274.094 | B79: 137.5126 | C79: 0 | E79: =IF(OR(C79=9,B79=""),"",B79-$C$3) -> 137.8026 | F79: =IF(C79=9,"",IF(C79=0,E79,IF(C79=1,IF(COUNT(E75:E83)=0,"",TRIMMEAN(E75:E83,0.5)),IF(D79="","",D79)))) -> 137.8026
A80: 46274.104 | B80: 137.9355 | C80: 0 | E80: =IF(OR(C80=9,B80=""),"",B80-$C$3) -> 138.2255 | F80: =IF(C80=9,"",IF(C80=0,E80,IF(C80=1,IF(COUNT(E76:E84)=0,"",TRIMMEAN(E76:E84,0.5)),IF(D80="","",D80)))) -> 138.2255
A81: 46274.115 | B81: 137.6724 | C81: 0 | E81: =IF(OR(C81=9,B81=""),"",B81-$C$3) -> 137.9624 | F81: =IF(C81=9,"",IF(C81=0,E81,IF(C81=1,IF(COUNT(E77:E85)=0,"",TRIMMEAN(E77:E85,0.5)),IF(D81="","",D81)))) -> 137.9624
... A94: 46274.25 | B94: 103.2072 | C94: 0 | E94: =IF(OR(C94=9,B94=""),"",B94-$C$3) -> 103.4972 | F94: =IF(C94=9,"",IF(C94=0,E94,IF(C94=1,IF(COUNT(E90:E98)=0,"",TRIMMEAN(E90:E98,0.5)),IF(D94="","",D94)))) -> 103.4972
A95: 46274.26 | B95: 99.9081 | C95: 2 | D95: 105.5751 | E95: =IF(OR(C95=9,B95=""),"",B95-$C$3) -> 100.1981 | F95: =IF(C95=9,"",IF(C95=0,E95,IF(C95=1,IF(COUNT(E91:E99)=0,"",TRIMMEAN(E91:E99,0.5)),IF(D95="","",D95)))) -> 105.5751 | G95: pico aislado
A96: 46274.271 | B96: 107.3629 | C96: 0 | E96: =IF(OR(C96=9,B96=""),"",B96-$C$3) -> 107.6529 | F96: =IF(C96=9,"",IF(C96=0,E96,IF(C96=1,IF(COUNT(E92:E100)=0,"",TRIMMEAN(E92:E100,0.5)),IF(D96="","",D96)))) -> 107.6529
A97: 46274.281 | B97: 106.2412 | C97: 0 | E97: =IF(OR(C97=9,B97=""),"",B97-$C$3) -> 106.5312 | F97: =IF(C97=9,"",IF(C97=0,E97,IF(C97=1,IF(COUNT(E93:E101)=0,"",TRIMMEAN(E93:E101,0.5)),IF(D97="","",D97)))) -> 106.5312
A98: 46274.292 | B98: 112.2419 | C98: 0 | E98: =IF(OR(C98=9,B98=""),"",B98-$C$3) -> 112.5319 | F98: =IF(C98=9,"",IF(C98=0,E98,IF(C98=1,IF(COUNT(E94:E102)=0,"",TRIMMEAN(E94:E102,0.5)),IF(D98="","",D98)))) -> 112.5319
A99: 46274.302 | B99: 117.3331 | C99: 0 | E99: =IF(OR(C99=9,B99=""),"",B99-$C$3) -> 117.6231 | F99: =IF(C99=9,"",IF(C99=0,E99,IF(C99=1,IF(COUNT(E95:E103)=0,"",TRIMMEAN(E95:E103,0.5)),IF(D99="","",D99)))) -> 117.6231
A100: 46274.312 | B100: 117.6845 | C100: 0 | E100: =IF(OR(C100=9,B100=""),"",B100-$C$3) -> 117.9745 | F100: =IF(C100=9,"",IF(C100=0,E100,IF(C100=1,IF(COUNT(E96:E104)=0,"",TRIMMEAN(E96:E104,0.5)),IF(D100="","",D100)))) -> 117.9745
A101: 46274.323 | B101: 112.9748 | C101: 0 | E101: =IF(OR(C101=9,B101=""),"",B101-$C$3) -> 113.2648 | F101: =IF(C101=9,"",IF(C101=0,E101,IF(C101=1,IF(COUNT(E97:E105)=0,"",TRIMMEAN(E97:E105,0.5)),IF(D101="","",D101)))) -> 113.2648
A102: 46274.333 | B102: 100.1324 | C102: 0 | E102: =IF(OR(C102=9,B102=""),"",B102-$C$3) -> 100.4224 | F102: =IF(C102=9,"",IF(C102=0,E102,IF(C102=1,IF(COUNT(E98:E106)=0,"",TRIMMEAN(E98:E106,0.5)),IF(D102="","",D102)))) -> 100.4224
A103: 46274.344 | B103: 108.2331 | C103: 0 | E103: =IF(OR(C103=9,B103=""),"",B103-$C$3) -> 108.5231 | F103: =IF(C103=9,"",IF(C103=0,E103,IF(C103=1,IF(COUNT(E99:E107)=0,"",TRIMMEAN(E99:E107,0.5)),IF(D103="","",D103)))) -> 108.5231
A104: 46274.354 | B104: 104.8116 | C104: 0 | E104: =IF(OR(C104=9,B104=""),"",B104-$C$3) -> 105.1016 | F104: =IF(C104=9,"",IF(C104=0,E104,IF(C104=1,IF(COUNT(E100:E108)=0,"",TRIMMEAN(E100:E108,0.5)),IF(D104="","",D104)))) -> 105.1016
A105: 46274.365 | B105: 104.8163 | C105: 0 | E105: =IF(OR(C105=9,B105=""),"",B105-$C$3) -> 105.1063 | F105: =IF(C105=9,"",IF(C105=0,E105,IF(C105=1,IF(COUNT(E101:E109)=0,"",TRIMMEAN(E101:E109,0.5)),IF(D105="","",D105)))) -> 105.1063
A106: 46274.375 | B106: 105.9224 | C106: 0 | E106: =IF(OR(C106=9,B106=""),"",B106-$C$3) -> 106.2124 | F106: =IF(C106=9,"",IF(C106=0,E106,IF(C106=1,IF(COUNT(E102:E110)=0,"",TRIMMEAN(E102:E110,0.5)),IF(D106="","",D106)))) -> 106.2124
A107: 46274.385 | B107: 100.0706 | C107: 0 | E107: =IF(OR(C107=9,B107=""),"",B107-$C$3) -> 100.3606 | F107: =IF(C107=9,"",IF(C107=0,E107,IF(C107=1,IF(COUNT(E103:E111)=0,"",TRIMMEAN(E103:E111,0.5)),IF(D107="","",D107)))) -> 100.3606
... A147: 46274.802 | B147: 117.8946 | C147: 0 | E147: =IF(OR(C147=9,B147=""),"",B147-$C$3) -> 118.1846 | F147: =IF(C147=9,"",IF(C147=0,E147,IF(C147=1,IF(COUNT(E143:E151)=0,"",TRIMMEAN(E143:E151,0.5)),IF(D147="","",D147)))) -> 118.1846
A148: 46274.812 | B148: 100.5886 | C148: 2 | D148: 116.6881 | E148: =IF(OR(C148=9,B148=""),"",B148-$C$3) -> 100.8786 | F148: =IF(C148=9,"",IF(C148=0,E148,IF(C148=1,IF(COUNT(E144:E152)=0,"",TRIMMEAN(E144:E152,0.5)),IF(D148="","",D148)))) -> 116.6881 | G148: pico aislado
A149: 46274.823 | B149: 107.1658 | C149: 2 | D149: 115.1916 | E149: =IF(OR(C149=9,B149=""),"",B149-$C$3) -> 107.4558 | F149: =IF(C149=9,"",IF(C149=0,E149,IF(C149=1,IF(COUNT(E145:E153)=0,"",TRIMMEAN(E145:E153,0.5)),IF(D149="","",D149)))) -> 115.1916 | G149: pico aislado
A150: 46274.833 | B150: 113.4051 | C150: 0 | E150: =IF(OR(C150=9,B150=""),"",B150-$C$3) -> 113.6951 | F150: =IF(C150=9,"",IF(C150=0,E150,IF(C150=1,IF(COUNT(E146:E154)=0,"",TRIMMEAN(E146:E154,0.5)),IF(D150="","",D150)))) -> 113.6951
A151: 46274.844 | B151: 126.136 | C151: 0 | E151: =IF(OR(C151=9,B151=""),"",B151-$C$3) -> 126.426 | F151: =IF(C151=9,"",IF(C151=0,E151,IF(C151=1,IF(COUNT(E147:E155)=0,"",TRIMMEAN(E147:E155,0.5)),IF(D151="","",D151)))) -> 126.426
A152: 46274.854 | B152: 125.9218 | C152: 0 | E152: =IF(OR(C152=9,B152=""),"",B152-$C$3) -> 126.2118 | F152: =IF(C152=9,"",IF(C152=0,E152,IF(C152=1,IF(COUNT(E148:E156)=0,"",TRIMMEAN(E148:E156,0.5)),IF(D152="","",D152)))) -> 126.2118
A153: 46274.865 | B153: 128.2325 | C153: 0 | E153: =IF(OR(C153=9,B153=""),"",B153-$C$3) -> 128.5225 | F153: =IF(C153=9,"",IF(C153=0,E153,IF(C153=1,IF(COUNT(E149:E157)=0,"",TRIMMEAN(E149:E157,0.5)),IF(D153="","",D153)))) -> 128.5225
A154: 46274.875 | B154: 123.1781 | C154: 0 | E154: =IF(OR(C154=9,B154=""),"",B154-$C$3) -> 123.4681 | F154: =IF(C154=9,"",IF(C154=0,E154,IF(C154=1,IF(COUNT(E150:E158)=0,"",TRIMMEAN(E150:E158,0.5)),IF(D154="","",D154)))) -> 123.4681
A155: 46274.885 | B155: 125.8029 | C155: 0 | E155: =IF(OR(C155=9,B155=""),"",B155-$C$3) -> 126.0929 | F155: =IF(C155=9,"",IF(C155=0,E155,IF(C155=1,IF(COUNT(E151:E159)=0,"",TRIMMEAN(E151:E159,0.5)),IF(D155="","",D155)))) -> 126.0929
A156: 46274.896 | B156: 121.2202 | C156: 0 | E156: =IF(OR(C156=9,B156=""),"",B156-$C$3) -> 121.5102 | F156: =IF(C156=9,"",IF(C156=0,E156,IF(C156=1,IF(COUNT(E152:E160)=0,"",TRIMMEAN(E152:E160,0.5)),IF(D156="","",D156)))) -> 121.5102
A157: 46274.906 | B157: 131.0231 | C157: 0 | E157: =IF(OR(C157=9,B157=""),"",B157-$C$3) -> 131.3131 | F157: =IF(C157=9,"",IF(C157=0,E157,IF(C157=1,IF(COUNT(E153:E161)=0,"",TRIMMEAN(E153:E161,0.5)),IF(D157="","",D157)))) -> 131.3131
A158: 46274.917 | B158: 130.9008 | C158: 0 | E158: =IF(OR(C158=9,B158=""),"",B158-$C$3) -> 131.1908 | F158: =IF(C158=9,"",IF(C158=0,E158,IF(C158=1,IF(COUNT(E154:E162)=0,"",TRIMMEAN(E154:E162,0.5)),IF(D158="","",D158)))) -> 131.1908
A159: 46274.927 | B159: 132.1156 | C159: 0 | E159: =IF(OR(C159=9,B159=""),"",B159-$C$3) -> 132.4056 | F159: =IF(C159=9,"",IF(C159=0,E159,IF(C159=1,IF(COUNT(E155:E163)=0,"",TRIMMEAN(E155:E163,0.5)),IF(D159="","",D159)))) -> 132.4056
A160: 46274.938 | B160: 134.4814 | C160: 0 | E160: =IF(OR(C160=9,B160=""),"",B160-$C$3) -> 134.7714 | F160: =IF(C160=9,"",IF(C160=0,E160,IF(C160=1,IF(COUNT(E156:E164)=0,"",TRIMMEAN(E156:E164,0.5)),IF(D160="","",D160)))) -> 134.7714
A161: 46274.948 | B161: 136.7757 | C161: 0 | E161: =IF(OR(C161=9,B161=""),"",B161-$C$3) -> 137.0657 | F161: =IF(C161=9,"",IF(C161=0,E161,IF(C161=1,IF(COUNT(E157:E165)=0,"",TRIMMEAN(E157:E165,0.5)),IF(D161="","",D161)))) -> 137.0657
... A194: 46275.292 | B194: 124.0469 | C194: 0 | E194: =IF(OR(C194=9,B194=""),"",B194-$C$3) -> 124.3369 | F194: =IF(C194=9,"",IF(C194=0,E194,IF(C194=1,IF(COUNT(E190:E198)=0,"",TRIMMEAN(E190:E198,0.5)),IF(D194="","",D194)))) -> 124.3369
A195: 46275.302 | B195: 109.9822 | C195: 2 | D195: 118.1914 | E195: =IF(OR(C195=9,B195=""),"",B195-$C$3) -> 110.2722 | F195: =IF(C195=9,"",IF(C195=0,E195,IF(C195=1,IF(COUNT(E191:E199)=0,"",TRIMMEAN(E191:E199,0.5)),IF(D195="","",D195)))) -> 118.1914 | G195: pico aislado
A196: 46275.312 | B196: 111.7559 | C196: 0 | E196: =IF(OR(C196=9,B196=""),"",B196-$C$3) -> 112.0459 | F196: =IF(C196=9,"",IF(C196=0,E196,IF(C196=1,IF(COUNT(E192:E200)=0,"",TRIMMEAN(E192:E200,0.5)),IF(D196="","",D196)))) -> 112.0459
A197: 46275.323 | B197: 124.3752 | C197: 0 | E197: =IF(OR(C197=9,B197=""),"",B197-$C$3) -> 124.6652 | F197: =IF(C197=9,"",IF(C197=0,E197,IF(C197=1,IF(COUNT(E193:E201)=0,"",TRIMMEAN(E193:E201,0.5)),IF(D197="","",D197)))) -> 124.6652
A198: 46275.333 | B198: 122.0646 | C198: 0 | E198: =IF(OR(C198=9,B198=""),"",B198-$C$3) -> 122.3546 | F198: =IF(C198=9,"",IF(C198=0,E198,IF(C198=1,IF(COUNT(E194:E202)=0,"",TRIMMEAN(E194:E202,0.5)),IF(D198="","",D198)))) -> 122.3546
A199: 46275.344 | B199: 117.0489 | C199: 0 | E199: =IF(OR(C199=9,B199=""),"",B199-$C$3) -> 117.3389 | F199: =IF(C199=9,"",IF(C199=0,E199,IF(C199=1,IF(COUNT(E195:E203)=0,"",TRIMMEAN(E195:E203,0.5)),IF(D199="","",D199)))) -> 117.3389
A200: 46275.354 | B200: 115.9741 | C200: 0 | E200: =IF(OR(C200=9,B200=""),"",B200-$C$3) -> 116.2641 | F200: =IF(C200=9,"",IF(C200=0,E200,IF(C200=1,IF(COUNT(E196:E204)=0,"",TRIMMEAN(E196:E204,0.5)),IF(D200="","",D200)))) -> 116.2641
A201: 46275.365 | B201: 117.8824 | C201: 0 | E201: =IF(OR(C201=9,B201=""),"",B201-$C$3) -> 118.1724 | F201: =IF(C201=9,"",IF(C201=0,E201,IF(C201=1,IF(COUNT(E197:E205)=0,"",TRIMMEAN(E197:E205,0.5)),IF(D201="","",D201)))) -> 118.1724
A202: 46275.375 | B202: 113.5492 | C202: 0 | E202: =IF(OR(C202=9,B202=""),"",B202-$C$3) -> 113.8392 | F202: =IF(C202=9,"",IF(C202=0,E202,IF(C202=1,IF(COUNT(E198:E206)=0,"",TRIMMEAN(E198:E206,0.5)),IF(D202="","",D202)))) -> 113.8392
A203: 46275.385 | B203: 107.5478 | C203: 0 | E203: =IF(OR(C203=9,B203=""),"",B203-$C$3) -> 107.8378 | F203: =IF(C203=9,"",IF(C203=0,E203,IF(C203=1,IF(COUNT(E199:E207)=0,"",TRIMMEAN(E199:E207,0.5)),IF(D203="","",D203)))) -> 107.8378
A204: 46275.396 | B204: 106.1617 | C204: 0 | E204: =IF(OR(C204=9,B204=""),"",B204-$C$3) -> 106.4517 | F204: =IF(C204=9,"",IF(C204=0,E204,IF(C204=1,IF(COUNT(E200:E208)=0,"",TRIMMEAN(E200:E208,0.5)),IF(D204="","",D204)))) -> 106.4517
A205: 46275.406 | B205: 109.9843 | C205: 0 | E205: =IF(OR(C205=9,B205=""),"",B205-$C$3) -> 110.2743 | F205: =IF(C205=9,"",IF(C205=0,E205,IF(C205=1,IF(COUNT(E201:E209)=0,"",TRIMMEAN(E201:E209,0.5)),IF(D205="","",D205)))) -> 110.2743
A206: 46275.417 | B206: 112.2515 | C206: 0 | E206: =IF(OR(C206=9,B206=""),"",B206-$C$3) -> 112.5415 | F206: =IF(C206=9,"",IF(C206=0,E206,IF(C206=1,IF(COUNT(E202:E210)=0,"",TRIMMEAN(E202:E210,0.5)),IF(D206="","",D206)))) -> 112.5415
A207: 46275.427 | B207: 113.0788 | C207: 0 | E207: =IF(OR(C207=9,B207=""),"",B207-$C$3) -> 113.3688 | F207: =IF(C207=9,"",IF(C207=0,E207,IF(C207=1,IF(COUNT(E203:E211)=0,"",TRIMMEAN(E203:E211,0.5)),IF(D207="","",D207)))) -> 113.3688
... A213: 46275.49 | B213: 111.0387 | C213: 0 | E213: =IF(OR(C213=9,B213=""),"",B213-$C$3) -> 111.3287 | F213: =IF(C213=9,"",IF(C213=0,E213,IF(C213=1,IF(COUNT(E209:E217)=0,"",TRIMMEAN(E209:E217,0.5)),IF(D213="","",D213)))) -> 111.3287
A214: 46275.5 | B214: 103.1868 | C214: 2 | D214: 115.0887 | E214: =IF(OR(C214=9,B214=""),"",B214-$C$3) -> 103.4768 | F214: =IF(C214=9,"",IF(C214=0,E214,IF(C214=1,IF(COUNT(E210:E218)=0,"",TRIMMEAN(E210:E218,0.5)),IF(D214="","",D214)))) -> 115.0887 | G214: pico aislado
A215: 46275.51 | B215: 118.5588 | C215: 0 | E215: =IF(OR(C215=9,B215=""),"",B215-$C$3) -> 118.8488 | F215: =IF(C215=9,"",IF(C215=0,E215,IF(C215=1,IF(COUNT(E211:E219)=0,"",TRIMMEAN(E211:E219,0.5)),IF(D215="","",D215)))) -> 118.8488
A216: 46275.521 | B216: 118.0863 | C216: 0 | E216: =IF(OR(C216=9,B216=""),"",B216-$C$3) -> 118.3763 | F216: =IF(C216=9,"",IF(C216=0,E216,IF(C216=1,IF(COUNT(E212:E220)=0,"",TRIMMEAN(E212:E220,0.5)),IF(D216="","",D216)))) -> 118.3763
A217: 46275.531 | B217: 115.4588 | C217: 0 | E217: =IF(OR(C217=9,B217=""),"",B217-$C$3) -> 115.7488 | F217: =IF(C217=9,"",IF(C217=0,E217,IF(C217=1,IF(COUNT(E213:E221)=0,"",TRIMMEAN(E213:E221,0.5)),IF(D217="","",D217)))) -> 115.7488
A218: 46275.542 | B218: 115.4221 | C218: 0 | E218: =IF(OR(C218=9,B218=""),"",B218-$C$3) -> 115.7121 | F218: =IF(C218=9,"",IF(C218=0,E218,IF(C218=1,IF(COUNT(E214:E222)=0,"",TRIMMEAN(E214:E222,0.5)),IF(D218="","",D218)))) -> 115.7121
A219: 46275.552 | B219: 112.5009 | C219: 0 | E219: =IF(OR(C219=9,B219=""),"",B219-$C$3) -> 112.7909 | F219: =IF(C219=9,"",IF(C219=0,E219,IF(C219=1,IF(COUNT(E215:E223)=0,"",TRIMMEAN(E215:E223,0.5)),IF(D219="","",D219)))) -> 112.7909
A220: 46275.562 | B220: 119.4677 | C220: 0 | E220: =IF(OR(C220=9,B220=""),"",B220-$C$3) -> 119.7577 | F220: =IF(C220=9,"",IF(C220=0,E220,IF(C220=1,IF(COUNT(E216:E224)=0,"",TRIMMEAN(E216:E224,0.5)),IF(D220="","",D220)))) -> 119.7577
A221: 46275.573 | B221: 113.7749 | C221: 0 | E221: =IF(OR(C221=9,B221=""),"",B221-$C$3) -> 114.0649 | F221: =IF(C221=9,"",IF(C221=0,E221,IF(C221=1,IF(COUNT(E217:E225)=0,"",TRIMMEAN(E217:E225,0.5)),IF(D221="","",D221)))) -> 114.0649
A222: 46275.583 | B222: 119.2039 | C222: 0 | E222: =IF(OR(C222=9,B222=""),"",B222-$C$3) -> 119.4939 | F222: =IF(C222=9,"",IF(C222=0,E222,IF(C222=1,IF(COUNT(E218:E226)=0,"",TRIMMEAN(E218:E226,0.5)),IF(D222="","",D222)))) -> 119.4939
A223: 46275.594 | B223: 119.2998 | C223: 0 | E223: =IF(OR(C223=9,B223=""),"",B223-$C$3) -> 119.5898 | F223: =IF(C223=9,"",IF(C223=0,E223,IF(C223=1,IF(COUNT(E219:E227)=0,"",TRIMMEAN(E219:E227,0.5)),IF(D223="","",D223)))) -> 119.5898
A224: 46275.604 | B224: 124.654 | C224: 0 | E224: =IF(OR(C224=9,B224=""),"",B224-$C$3) -> 124.944 | F224: =IF(C224=9,"",IF(C224=0,E224,IF(C224=1,IF(COUNT(E220:E228)=0,"",TRIMMEAN(E220:E228,0.5)),IF(D224="","",D224)))) -> 124.944
A225: 46275.615 | B225: 109.6485 | C225: 2 | D225: 125.3287 | E225: =IF(OR(C225=9,B225=""),"",B225-$C$3) -> 109.9385 | F225: =IF(C225=9,"",IF(C225=0,E225,IF(C225=1,IF(COUNT(E221:E229)=0,"",TRIMMEAN(E221:E229,0.5)),IF(D225="","",D225)))) -> 125.3287 | G225: pico aislado
A226: 46275.625 | B226: 125.4235 | C226: 0 | E226: =IF(OR(C226=9,B226=""),"",B226-$C$3) -> 125.7135 | F226: =IF(C226=9,"",IF(C226=0,E226,IF(C226=1,IF(COUNT(E222:E230)=0,"",TRIMMEAN(E222:E230,0.5)),IF(D226="","",D226)))) -> 125.7135
A227: 46275.635 | B227: 126.2957 | C227: 0 | E227: =IF(OR(C227=9,B227=""),"",B227-$C$3) -> 126.5857 | F227: =IF(C227=9,"",IF(C227=0,E227,IF(C227=1,IF(COUNT(E223:E231)=0,"",TRIMMEAN(E223:E231,0.5)),IF(D227="","",D227)))) -> 126.5857
A228: 46275.646 | B228: 118.2773 | C228: 0 | E228: =IF(OR(C228=9,B228=""),"",B228-$C$3) -> 118.5673 | F228: =IF(C228=9,"",IF(C228=0,E228,IF(C228=1,IF(COUNT(E224:E232)=0,"",TRIMMEAN(E224:E232,0.5)),IF(D228="","",D228)))) -> 118.5673
A229: 46275.656 | B229: 124.8253 | C229: 0 | E229: =IF(OR(C229=9,B229=""),"",B229-$C$3) -> 125.1153 | F229: =IF(C229=9,"",IF(C229=0,E229,IF(C229=1,IF(COUNT(E225:E233)=0,"",TRIMMEAN(E225:E233,0.5)),IF(D229="","",D229)))) -> 125.1153
A230: 46275.667 | B230: 119.3664 | C230: 0 | E230: =IF(OR(C230=9,B230=""),"",B230-$C$3) -> 119.6564 | F230: =IF(C230=9,"",IF(C230=0,E230,IF(C230=1,IF(COUNT(E226:E234)=0,"",TRIMMEAN(E226:E234,0.5)),IF(D230="","",D230)))) -> 119.6564
A231: 46275.677 | B231: 117.6458 | C231: 0 | E231: =IF(OR(C231=9,B231=""),"",B231-$C$3) -> 117.9358 | F231: =IF(C231=9,"",IF(C231=0,E231,IF(C231=1,IF(COUNT(E227:E235)=0,"",TRIMMEAN(E227:E235,0.5)),IF(D231="","",D231)))) -> 117.9358
A232: 46275.688 | B232: 120.2182 | C232: 0 | E232: =IF(OR(C232=9,B232=""),"",B232-$C$3) -> 120.5082 | F232: =IF(C232=9,"",IF(C232=0,E232,IF(C232=1,IF(COUNT(E228:E236)=0,"",TRIMMEAN(E228:E236,0.5)),IF(D232="","",D232)))) -> 120.5082
A233: 46275.698 | B233: 122.2168 | C233: 0 | E233: =IF(OR(C233=9,B233=""),"",B233-$C$3) -> 122.5068 | F233: =IF(C233=9,"",IF(C233=0,E233,IF(C233=1,IF(COUNT(E229:E237)=0,"",TRIMMEAN(E229:E237,0.5)),IF(D233="","",D233)))) -> 122.5068
A234: 46275.708 | B234: 116.6165 | C234: 0 | E234: =IF(OR(C234=9,B234=""),"",B234-$C$3) -> 116.9065 | F234: =IF(C234=9,"",IF(C234=0,E234,IF(C234=1,IF(COUNT(E230:E238)=0,"",TRIMMEAN(E230:E238,0.5)),IF(D234="","",D234)))) -> 116.9065
A235: 46275.719 | B235: 112.8572 | C235: 0 | E235: =IF(OR(C235=9,B235=""),"",B235-$C$3) -> 113.1472 | F235: =IF(C235=9,"",IF(C235=0,E235,IF(C235=1,IF(COUNT(E231:E239)=0,"",TRIMMEAN(E231:E239,0.5)),IF(D235="","",D235)))) -> 113.1472
...

Sheet P4
A1: P4 · Presión (m) · VN3950683
A2: Válido
A3: Offset | C3: 0.03
A4: Ventana (lecturas a cada lado) | C4: 4
A6: Fecha y hora | B6: Dato inicial (m) | C6: Marca | D6: Reemplazo | E6: Corregido (m) | F6: Dato depurado (m) | G6: Motivo
A7: 46273.344 | B7: -0.28 | C7: 9 | E7: =IF(OR(C7=9,B7=""),"",B7-$C$3) | F7: =IF(C7=9,"",IF(C7=0,E7,IF(C7=1,IF(COUNT(E7:E11)=0,"",TRIMMEAN(E7:E11,0.5)),IF(D7="","",D7)))) | G7: equipo sin instalar
A8: 46273.354 | B8: -0.2987 | C8: 9 | E8: =IF(OR(C8=9,B8=""),"",B8-$C$3) | F8: =IF(C8=9,"",IF(C8=0,E8,IF(C8=1,IF(COUNT(E7:E12)=0,"",TRIMMEAN(E7:E12,0.5)),IF(D8="","",D8)))) | G8: equipo sin instalar
A9: 46273.365 | B9: -0.8308 | C9: 9 | E9: =IF(OR(C9=9,B9=""),"",B9-$C$3) | F9: =IF(C9=9,"",IF(C9=0,E9,IF(C9=1,IF(COUNT(E7:E13)=0,"",TRIMMEAN(E7:E13,0.5)),IF(D9="","",D9)))) | G9: equipo sin instalar
A10: 46273.375 | B10: -0.8681 | C10: 9 | E10: =IF(OR(C10=9,B10=""),"",B10-$C$3) | F10: =IF(C10=9,"",IF(C10=0,E10,IF(C10=1,IF(COUNT(E7:E14)=0,"",TRIMMEAN(E7:E14,0.5)),IF(D10="","",D10)))) | G10: equipo sin instalar
A11: 46273.385 | B11: -0.8588 | C11: 9 | E11: =IF(OR(C11=9,B11=""),"",B11-$C$3) | F11: =IF(C11=9,"",IF(C11=0,E11,IF(C11=1,IF(COUNT(E7:E15)=0,"",TRIMMEAN(E7:E15,0.5)),IF(D11="","",D11)))) | G11: equipo sin instalar
A12: 46273.396 | B12: -0.8775 | C12: 9 | E12: =IF(OR(C12=9,B12=""),"",B12-$C$3) | F12: =IF(C12=9,"",IF(C12=0,E12,IF(C12=1,IF(COUNT(E8:E16)=0,"",TRIMMEAN(E8:E16,0.5)),IF(D12="","",D12)))) | G12: equipo sin instalar
A13: 46273.406 | B13: -0.8962 | C13: 9 | E13: =IF(OR(C13=9,B13=""),"",B13-$C$3) | F13: =IF(C13=9,"",IF(C13=0,E13,IF(C13=1,IF(COUNT(E9:E17)=0,"",TRIMMEAN(E9:E17,0.5)),IF(D13="","",D13)))) | G13: equipo sin instalar
A14: 46273.417 | B14: -0.8401 | C14: 9 | E14: =IF(OR(C14=9,B14=""),"",B14-$C$3) | F14: =IF(C14=9,"",IF(C14=0,E14,IF(C14=1,IF(COUNT(E10:E18)=0,"",TRIMMEAN(E10:E18,0.5)),IF(D14="","",D14)))) | G14: equipo sin instalar
A15: 46273.427 | B15: -0.5787 | C15: 9 | E15: =IF(OR(C15=9,B15=""),"",B15-$C$3) | F15: =IF(C15=9,"",IF(C15=0,E15,IF(C15=1,IF(COUNT(E11:E19)=0,"",TRIMMEAN(E11:E19,0.5)),IF(D15="","",D15)))) | G15: equipo sin instalar
A16: 46273.438 | B16: -0.3733 | C16: 9 | E16: =IF(OR(C16=9,B16=""),"",B16-$C$3) | F16: =IF(C16=9,"",IF(C16=0,E16,IF(C16=1,IF(COUNT(E12:E20)=0,"",TRIMMEAN(E12:E20,0.5)),IF(D16="","",D16)))) | G16: equipo sin instalar
A17: 46273.448 | B17: -0.2987 | C17: 9 | E17: =IF(OR(C17=9,B17=""),"",B17-$C$3) | F17: =IF(C17=9,"",IF(C17=0,E17,IF(C17=1,IF(COUNT(E13:E21)=0,"",TRIMMEAN(E13:E21,0.5)),IF(D17="","",D17)))) | G17: equipo sin instalar
A18: 46273.458 | B18: 61.8048 | C18: 9 | E18: =IF(OR(C18=9,B18=""),"",B18-$C$3) | F18: =IF(C18=9,"",IF(C18=0,E18,IF(C18=1,IF(COUNT(E14:E22)=0,"",TRIMMEAN(E14:E22,0.5)),IF(D18="","",D18)))) | G18: equipo sin instalar
A19: 46273.469 | B19: 70.031 | C19: 1 | E19: =IF(OR(C19=9,B19=""),"",B19-$C$3) -> 70.001 | F19: =IF(C19=9,"",IF(C19=0,E19,IF(C19=1,IF(COUNT(E15:E23)=0,"",TRIMMEAN(E15:E23,0.5)),IF(D19="","",D19)))) -> 71.725433 | G19: oscilación más rápida que el registro → media recortada de 2 h
A20: 46273.479 | B20: 69.6061 | C20: 1 | E20: =IF(OR(C20=9,B20=""),"",B20-$C$3) -> 69.5761 | F20: =IF(C20=9,"",IF(C20=0,E20,IF(C20=1,IF(COUNT(E16:E24)=0,"",TRIMMEAN(E16:E24,0.5)),IF(D20="","",D20)))) -> 74.096425 | G20: oscilación más rápida que el registro → media recortada de 2 h
A21: 46273.49 | B21: 81.2394 | C21: 1 | E21: =IF(OR(C21=9,B21=""),"",B21-$C$3) -> 81.2094 | F21: =IF(C21=9,"",IF(C21=0,E21,IF(C21=1,IF(COUNT(E17:E25)=0,"",TRIMMEAN(E17:E25,0.5)),IF(D21="","",D21)))) -> 75.57918 | G21: oscilación más rápida que el registro → media recortada de 2 h
A22: 46273.5 | B22: 75.6292 | C22: 1 | E22: =IF(OR(C22=9,B22=""),"",B22-$C$3) -> 75.5992 | F22: =IF(C22=9,"",IF(C22=0,E22,IF(C22=1,IF(COUNT(E18:E26)=0,"",TRIMMEAN(E18:E26,0.5)),IF(D22="","",D22)))) -> 77.07995 | G22: oscilación más rápida que el registro → media recortada de 2 h
... A69: 46273.99 | B69: 107.1692 | C69: 1 | E69: =IF(OR(C69=9,B69=""),"",B69-$C$3) -> 107.1392 | F69: =IF(C69=9,"",IF(C69=0,E69,IF(C69=1,IF(COUNT(E65:E73)=0,"",TRIMMEAN(E65:E73,0.5)),IF(D69="","",D69)))) -> 104.45086 | G69: oscilación más rápida que el registro → media recortada de 2 h
A70: 46274 | B70: 106.9975 | C70: 0 | E70: =IF(OR(C70=9,B70=""),"",B70-$C$3) -> 106.9675 | F70: =IF(C70=9,"",IF(C70=0,E70,IF(C70=1,IF(COUNT(E66:E74)=0,"",TRIMMEAN(E66:E74,0.5)),IF(D70="","",D70)))) -> 106.9675
A71: 46274.01 | B71: 95.4203 | C71: 0 | E71: =IF(OR(C71=9,B71=""),"",B71-$C$3) -> 95.3903 | F71: =IF(C71=9,"",IF(C71=0,E71,IF(C71=1,IF(COUNT(E67:E75)=0,"",TRIMMEAN(E67:E75,0.5)),IF(D71="","",D71)))) -> 95.3903
A72: 46274.021 | B72: 94.3173 | C72: 0 | E72: =IF(OR(C72=9,B72=""),"",B72-$C$3) -> 94.2873 | F72: =IF(C72=9,"",IF(C72=0,E72,IF(C72=1,IF(COUNT(E68:E76)=0,"",TRIMMEAN(E68:E76,0.5)),IF(D72="","",D72)))) -> 94.2873
A73: 46274.031 | B73: 94.2357 | C73: 0 | E73: =IF(OR(C73=9,B73=""),"",B73-$C$3) -> 94.2057 | F73: =IF(C73=9,"",IF(C73=0,E73,IF(C73=1,IF(COUNT(E69:E77)=0,"",TRIMMEAN(E69:E77,0.5)),IF(D73="","",D73)))) -> 94.2057
A74: 46274.042 | B74: 96.61 | C74: 0 | E74: =IF(OR(C74=9,B74=""),"",B74-$C$3) -> 96.58 | F74: =IF(C74=9,"",IF(C74=0,E74,IF(C74=1,IF(COUNT(E70:E78)=0,"",TRIMMEAN(E70:E78,0.5)),IF(D74="","",D74)))) -> 96.58
A75: 46274.052 | B75: 95.9591 | C75: 0 | E75: =IF(OR(C75=9,B75=""),"",B75-$C$3) -> 95.9291 | F75: =IF(C75=9,"",IF(C75=0,E75,IF(C75=1,IF(COUNT(E71:E79)=0,"",TRIMMEAN(E71:E79,0.5)),IF(D75="","",D75)))) -> 95.9291
A76: 46274.062 | B76: 96.785 | C76: 0 | E76: =IF(OR(C76=9,B76=""),"",B76-$C$3) -> 96.755 | F76: =IF(C76=9,"",IF(C76=0,E76,IF(C76=1,IF(COUNT(E72:E80)=0,"",TRIMMEAN(E72:E80,0.5)),IF(D76="","",D76)))) -> 96.755
A77: 46274.073 | B77: 95.4662 | C77: 0 | E77: =IF(OR(C77=9,B77=""),"",B77-$C$3) -> 95.4362 | F77: =IF(C77=9,"",IF(C77=0,E77,IF(C77=1,IF(COUNT(E73:E81)=0,"",TRIMMEAN(E73:E81,0.5)),IF(D77="","",D77)))) -> 95.4362
A78: 46274.083 | B78: 95.3472 | C78: 0 | E78: =IF(OR(C78=9,B78=""),"",B78-$C$3) -> 95.3172 | F78: =IF(C78=9,"",IF(C78=0,E78,IF(C78=1,IF(COUNT(E74:E82)=0,"",TRIMMEAN(E74:E82,0.5)),IF(D78="","",D78)))) -> 95.3172
A79: 46274.094 | B79: 96.4723 | C79: 0 | E79: =IF(OR(C79=9,B79=""),"",B79-$C$3) -> 96.4423 | F79: =IF(C79=9,"",IF(C79=0,E79,IF(C79=1,IF(COUNT(E75:E83)=0,"",TRIMMEAN(E75:E83,0.5)),IF(D79="","",D79)))) -> 96.4423
A80: 46274.104 | B80: 97.0043 | C80: 0 | E80: =IF(OR(C80=9,B80=""),"",B80-$C$3) -> 96.9743 | F80: =IF(C80=9,"",IF(C80=0,E80,IF(C80=1,IF(COUNT(E76:E84)=0,"",TRIMMEAN(E76:E84,0.5)),IF(D80="","",D80)))) -> 96.9743
A81: 46274.115 | B81: 96.0389 | C81: 0 | E81: =IF(OR(C81=9,B81=""),"",B81-$C$3) -> 96.0089 | F81: =IF(C81=9,"",IF(C81=0,E81,IF(C81=1,IF(COUNT(E77:E85)=0,"",TRIMMEAN(E77:E85,0.5)),IF(D81="","",D81)))) -> 96.0089
... A94: 46274.25 | B94: 70.5119 | C94: 0 | E94: =IF(OR(C94=9,B94=""),"",B94-$C$3) -> 70.4819 | F94: =IF(C94=9,"",IF(C94=0,E94,IF(C94=1,IF(COUNT(E90:E98)=0,"",TRIMMEAN(E90:E98,0.5)),IF(D94="","",D94)))) -> 70.4819
A95: 46274.26 | B95: 66.2665 | C95: 2 | D95: 71.2612 | E95: =IF(OR(C95=9,B95=""),"",B95-$C$3) -> 66.2365 | F95: =IF(C95=9,"",IF(C95=0,E95,IF(C95=1,IF(COUNT(E91:E99)=0,"",TRIMMEAN(E91:E99,0.5)),IF(D95="","",D95)))) -> 71.2612 | G95: pico aislado
A96: 46274.271 | B96: 72.0704 | C96: 0 | E96: =IF(OR(C96=9,B96=""),"",B96-$C$3) -> 72.0404 | F96: =IF(C96=9,"",IF(C96=0,E96,IF(C96=1,IF(COUNT(E92:E100)=0,"",TRIMMEAN(E92:E100,0.5)),IF(D96="","",D96)))) -> 72.0404
A97: 46274.281 | B97: 72.5157 | C97: 0 | E97: =IF(OR(C97=9,B97=""),"",B97-$C$3) -> 72.4857 | F97: =IF(C97=9,"",IF(C97=0,E97,IF(C97=1,IF(COUNT(E93:E101)=0,"",TRIMMEAN(E93:E101,0.5)),IF(D97="","",D97)))) -> 72.4857
A98: 46274.292 | B98: 75.9267 | C98: 0 | E98: =IF(OR(C98=9,B98=""),"",B98-$C$3) -> 75.8967 | F98: =IF(C98=9,"",IF(C98=0,E98,IF(C98=1,IF(COUNT(E94:E102)=0,"",TRIMMEAN(E94:E102,0.5)),IF(D98="","",D98)))) -> 75.8967
A99: 46274.302 | B99: 77.4834 | C99: 0 | E99: =IF(OR(C99=9,B99=""),"",B99-$C$3) -> 77.4534 | F99: =IF(C99=9,"",IF(C99=0,E99,IF(C99=1,IF(COUNT(E95:E103)=0,"",TRIMMEAN(E95:E103,0.5)),IF(D99="","",D99)))) -> 77.4534
A100: 46274.312 | B100: 77.3628 | C100: 0 | E100: =IF(OR(C100=9,B100=""),"",B100-$C$3) -> 77.3328 | F100: =IF(C100=9,"",IF(C100=0,E100,IF(C100=1,IF(COUNT(E96:E104)=0,"",TRIMMEAN(E96:E104,0.5)),IF(D100="","",D100)))) -> 77.3328
A101: 46274.323 | B101: 71.5011 | C101: 0 | E101: =IF(OR(C101=9,B101=""),"",B101-$C$3) -> 71.4711 | F101: =IF(C101=9,"",IF(C101=0,E101,IF(C101=1,IF(COUNT(E97:E105)=0,"",TRIMMEAN(E97:E105,0.5)),IF(D101="","",D101)))) -> 71.4711
A102: 46274.333 | B102: 62.9558 | C102: 0 | E102: =IF(OR(C102=9,B102=""),"",B102-$C$3) -> 62.9258 | F102: =IF(C102=9,"",IF(C102=0,E102,IF(C102=1,IF(COUNT(E98:E106)=0,"",TRIMMEAN(E98:E106,0.5)),IF(D102="","",D102)))) -> 62.9258
A103: 46274.344 | B103: 65.6683 | C103: 0 | E103: =IF(OR(C103=9,B103=""),"",B103-$C$3) -> 65.6383 | F103: =IF(C103=9,"",IF(C103=0,E103,IF(C103=1,IF(COUNT(E99:E107)=0,"",TRIMMEAN(E99:E107,0.5)),IF(D103="","",D103)))) -> 65.6383
A104: 46274.354 | B104: 68.673 | C104: 0 | E104: =IF(OR(C104=9,B104=""),"",B104-$C$3) -> 68.643 | F104: =IF(C104=9,"",IF(C104=0,E104,IF(C104=1,IF(COUNT(E100:E108)=0,"",TRIMMEAN(E100:E108,0.5)),IF(D104="","",D104)))) -> 68.643
A105: 46274.365 | B105: 69.5143 | C105: 0 | E105: =IF(OR(C105=9,B105=""),"",B105-$C$3) -> 69.4843 | F105: =IF(C105=9,"",IF(C105=0,E105,IF(C105=1,IF(COUNT(E101:E109)=0,"",TRIMMEAN(E101:E109,0.5)),IF(D105="","",D105)))) -> 69.4843
A106: 46274.375 | B106: 63.3926 | C106: 0 | E106: =IF(OR(C106=9,B106=""),"",B106-$C$3) -> 63.3626 | F106: =IF(C106=9,"",IF(C106=0,E106,IF(C106=1,IF(COUNT(E102:E110)=0,"",TRIMMEAN(E102:E110,0.5)),IF(D106="","",D106)))) -> 63.3626
A107: 46274.385 | B107: 60.6478 | C107: 0 | E107: =IF(OR(C107=9,B107=""),"",B107-$C$3) -> 60.6178 | F107: =IF(C107=9,"",IF(C107=0,E107,IF(C107=1,IF(COUNT(E103:E111)=0,"",TRIMMEAN(E103:E111,0.5)),IF(D107="","",D107)))) -> 60.6178
... A147: 46274.802 | B147: 77.9933 | C147: 0 | E147: =IF(OR(C147=9,B147=""),"",B147-$C$3) -> 77.9633 | F147: =IF(C147=9,"",IF(C147=0,E147,IF(C147=1,IF(COUNT(E143:E151)=0,"",TRIMMEAN(E143:E151,0.5)),IF(D147="","",D147)))) -> 77.9633
A148: 46274.812 | B148: 69.946 | C148: 2 | D148: 75.0979 | E148: =IF(OR(C148=9,B148=""),"",B148-$C$3) -> 69.916 | F148: =IF(C148=9,"",IF(C148=0,E148,IF(C148=1,IF(COUNT(E144:E152)=0,"",TRIMMEAN(E144:E152,0.5)),IF(D148="","",D148)))) -> 75.0979 | G148: pico aislado
A149: 46274.823 | B149: 72.2625 | C149: 0 | E149: =IF(OR(C149=9,B149=""),"",B149-$C$3) -> 72.2325 | F149: =IF(C149=9,"",IF(C149=0,E149,IF(C149=1,IF(COUNT(E145:E153)=0,"",TRIMMEAN(E145:E153,0.5)),IF(D149="","",D149)))) -> 72.2325
A150: 46274.833 | B150: 80.9539 | C150: 0 | E150: =IF(OR(C150=9,B150=""),"",B150-$C$3) -> 80.9239 | F150: =IF(C150=9,"",IF(C150=0,E150,IF(C150=1,IF(COUNT(E146:E154)=0,"",TRIMMEAN(E146:E154,0.5)),IF(D150="","",D150)))) -> 80.9239
A151: 46274.844 | B151: 84.6011 | C151: 0 | E151: =IF(OR(C151=9,B151=""),"",B151-$C$3) -> 84.5711 | F151: =IF(C151=9,"",IF(C151=0,E151,IF(C151=1,IF(COUNT(E147:E155)=0,"",TRIMMEAN(E147:E155,0.5)),IF(D151="","",D151)))) -> 84.5711
A152: 46274.854 | B152: 85.8893 | C152: 0 | E152: =IF(OR(C152=9,B152=""),"",B152-$C$3) -> 85.8593 | F152: =IF(C152=9,"",IF(C152=0,E152,IF(C152=1,IF(COUNT(E148:E156)=0,"",TRIMMEAN(E148:E156,0.5)),IF(D152="","",D152)))) -> 85.8593
A153: 46274.865 | B153: 86.7357 | C153: 0 | E153: =IF(OR(C153=9,B153=""),"",B153-$C$3) -> 86.7057 | F153: =IF(C153=9,"",IF(C153=0,E153,IF(C153=1,IF(COUNT(E149:E157)=0,"",TRIMMEAN(E149:E157,0.5)),IF(D153="","",D153)))) -> 86.7057
A154: 46274.875 | B154: 84.1422 | C154: 0 | E154: =IF(OR(C154=9,B154=""),"",B154-$C$3) -> 84.1122 | F154: =IF(C154=9,"",IF(C154=0,E154,IF(C154=1,IF(COUNT(E150:E158)=0,"",TRIMMEAN(E150:E158,0.5)),IF(D154="","",D154)))) -> 84.1122
A155: 46274.885 | B155: 85.3047 | C155: 0 | E155: =IF(OR(C155=9,B155=""),"",B155-$C$3) -> 85.2747 | F155: =IF(C155=9,"",IF(C155=0,E155,IF(C155=1,IF(COUNT(E151:E159)=0,"",TRIMMEAN(E151:E159,0.5)),IF(D155="","",D155)))) -> 85.2747
A156: 46274.896 | B156: 90.0226 | C156: 0 | E156: =IF(OR(C156=9,B156=""),"",B156-$C$3) -> 89.9926 | F156: =IF(C156=9,"",IF(C156=0,E156,IF(C156=1,IF(COUNT(E152:E160)=0,"",TRIMMEAN(E152:E160,0.5)),IF(D156="","",D156)))) -> 89.9926
A157: 46274.906 | B157: 90.0481 | C157: 0 | E157: =IF(OR(C157=9,B157=""),"",B157-$C$3) -> 90.0181 | F157: =IF(C157=9,"",IF(C157=0,E157,IF(C157=1,IF(COUNT(E153:E161)=0,"",TRIMMEAN(E153:E161,0.5)),IF(D157="","",D157)))) -> 90.0181
A158: 46274.917 | B158: 93.2942 | C158: 0 | E158: =IF(OR(C158=9,B158=""),"",B158-$C$3) -> 93.2642 | F158: =IF(C158=9,"",IF(C158=0,E158,IF(C158=1,IF(COUNT(E154:E162)=0,"",TRIMMEAN(E154:E162,0.5)),IF(D158="","",D158)))) -> 93.2642
A159: 46274.927 | B159: 94.4108 | C159: 0 | E159: =IF(OR(C159=9,B159=""),"",B159-$C$3) -> 94.3808 | F159: =IF(C159=9,"",IF(C159=0,E159,IF(C159=1,IF(COUNT(E155:E163)=0,"",TRIMMEAN(E155:E163,0.5)),IF(D159="","",D159)))) -> 94.3808
A160: 46274.938 | B160: 95.2537 | C160: 0 | E160: =IF(OR(C160=9,B160=""),"",B160-$C$3) -> 95.2237 | F160: =IF(C160=9,"",IF(C160=0,E160,IF(C160=1,IF(COUNT(E156:E164)=0,"",TRIMMEAN(E156:E164,0.5)),IF(D160="","",D160)))) -> 95.2237
... A290: 46276.292 | B290: 73.7003 | C290: 0 | E290: =IF(OR(C290=9,B290=""),"",B290-$C$3) -> 73.6703 | F290: =IF(C290=9,"",IF(C290=0,E290,IF(C290=1,IF(COUNT(E286:E294)=0,"",TRIMMEAN(E286:E294,0.5)),IF(D290="","",D290)))) -> 73.6703
A291: 46276.302 | B291: 82.3985 | C291: 2 | E291: =IF(OR(C291=9,B291=""),"",B291-$C$3) -> 82.3685 | F291: =IF(C291=9,"",IF(C291=0,E291,IF(C291=1,IF(COUNT(E287:E295)=0,"",TRIMMEAN(E287:E295,0.5)),IF(D291="","",D291)))) | G291: pico aislado
A292: 46276.312 | B292: 15.8694 | C292: 2 | E292: =IF(OR(C292=9,B292=""),"",B292-$C$3) -> 15.8394 | F292: =IF(C292=9,"",IF(C292=0,E292,IF(C292=1,IF(COUNT(E288:E296)=0,"",TRIMMEAN(E288:E296,0.5)),IF(D292="","",D292)))) | G292: pico aislado
A293: 46276.323 | B293: 0.6038 | C293: 9 | E293: =IF(OR(C293=9,B293=""),"",B293-$C$3) | F293: =IF(C293=9,"",IF(C293=0,E293,IF(C293=1,IF(COUNT(E289:E297)=0,"",TRIMMEAN(E289:E297,0.5)),IF(D293="","",D293)))) | G293: sin presión (corte o vaciado)
A294: 46276.333 | B294: 17.0011 | C294: 2 | E294: =IF(OR(C294=9,B294=""),"",B294-$C$3) -> 16.9711 | F294: =IF(C294=9,"",IF(C294=0,E294,IF(C294=1,IF(COUNT(E290:E298)=0,"",TRIMMEAN(E290:E298,0.5)),IF(D294="","",D294)))) | G294: pico aislado
A295: 46276.344 | B295: 49.4479 | C295: 0 | E295: =IF(OR(C295=9,B295=""),"",B295-$C$3) -> 49.4179 | F295: =IF(C295=9,"",IF(C295=0,E295,IF(C295=1,IF(COUNT(E291:E299)=0,"",TRIMMEAN(E291:E299,0.5)),IF(D295="","",D295)))) -> 49.4179
A296: 46276.354 | B296: 61.1492 | C296: 0 | E296: =IF(OR(C296=9,B296=""),"",B296-$C$3) -> 61.1192 | F296: =IF(C296=9,"",IF(C296=0,E296,IF(C296=1,IF(COUNT(E292:E300)=0,"",TRIMMEAN(E292:E300,0.5)),IF(D296="","",D296)))) -> 61.1192
A297: 46276.365 | B297: 62.8606 | C297: 0 | E297: =IF(OR(C297=9,B297=""),"",B297-$C$3) -> 62.8306 | F297: =IF(C297=9,"",IF(C297=0,E297,IF(C297=1,IF(COUNT(E293:E301)=0,"",TRIMMEAN(E293:E301,0.5)),IF(D297="","",D297)))) -> 62.8306
A298: 46276.375 | B298: 56.0421 | C298: 0 | E298: =IF(OR(C298=9,B298=""),"",B298-$C$3) -> 56.0121 | F298: =IF(C298=9,"",IF(C298=0,E298,IF(C298=1,IF(COUNT(E294:E302)=0,"",TRIMMEAN(E294:E302,0.5)),IF(D298="","",D298)))) -> 56.0121
A299: 46276.385 | B299: 55.5323 | C299: 0 | E299: =IF(OR(C299=9,B299=""),"",B299-$C$3) -> 55.5023 | F299: =IF(C299=9,"",IF(C299=0,E299,IF(C299=1,IF(COUNT(E295:E303)=0,"",TRIMMEAN(E295:E303,0.5)),IF(D299="","",D299)))) -> 55.5023
A300: 46276.396 | B300: 61.7491 | C300: 0 | E300: =IF(OR(C300=9,B300=""),"",B300-$C$3) -> 61.7191 | F300: =IF(C300=9,"",IF(C300=0,E300,IF(C300=1,IF(COUNT(E296:E304)=0,"",TRIMMEAN(E296:E304,0.5)),IF(D300="","",D300)))) -> 61.7191
A301: 46276.406 | B301: 57.689 | C301: 0 | E301: =IF(OR(C301=9,B301=""),"",B301-$C$3) -> 57.659 | F301: =IF(C301=9,"",IF(C301=0,E301,IF(C301=1,IF(COUNT(E297:E305)=0,"",TRIMMEAN(E297:E305,0.5)),IF(D301="","",D301)))) -> 57.659
A302: 46276.417 | B302: 62.1927 | C302: 0 | E302: =IF(OR(C302=9,B302=""),"",B302-$C$3) -> 62.1627 | F302: =IF(C302=9,"",IF(C302=0,E302,IF(C302=1,IF(COUNT(E298:E306)=0,"",TRIMMEAN(E298:E306,0.5)),IF(D302="","",D302)))) -> 62.1627
A303: 46276.427 | B303: 59.4378 | C303: 0 | E303: =IF(OR(C303=9,B303=""),"",B303-$C$3) -> 59.4078 | F303: =IF(C303=9,"",IF(C303=0,E303,IF(C303=1,IF(COUNT(E299:E307)=0,"",TRIMMEAN(E299:E307,0.5)),IF(D303="","",D303)))) -> 59.4078
A304: 46276.438 | B304: 56.0302 | C304: 0 | E304: =IF(OR(C304=9,B304=""),"",B304-$C$3) -> 56.0002 | F304: =IF(C304=9,"",IF(C304=0,E304,IF(C304=1,IF(COUNT(E300:E308)=0,"",TRIMMEAN(E300:E308,0.5)),IF(D304="","",D304)))) -> 56.0002
A305: 46276.448 | B305: 61.8086 | C305: 0 | E305: =IF(OR(C305=9,B305=""),"",B305-$C$3) -> 61.7786 | F305: =IF(C305=9,"",IF(C305=0,E305,IF(C305=1,IF(COUNT(E301:E309)=0,"",TRIMMEAN(E301:E309,0.5)),IF(D305="","",D305)))) -> 61.7786
A306: 46276.458 | B306: 62.3304 | C306: 0 | E306: =IF(OR(C306=9,B306=""),"",B306-$C$3) -> 62.3004 | F306: =IF(C306=9,"",IF(C306=0,E306,IF(C306=1,IF(COUNT(E302:E310)=0,"",TRIMMEAN(E302:E310,0.5)),IF(D306="","",D306)))) -> 62.3004
... A706: 46280.625 | B706: 58.8361 | C706: 0 | E706: =IF(OR(C706=9,B706=""),"",B706-$C$3) -> 58.8061 | F706: =IF(C706=9,"",IF(C706=0,E706,IF(C706=1,IF(COUNT(E702:E710)=0,"",TRIMMEAN(E702:E710,0.5)),IF(D706="","",D706)))) -> 58.8061
A707: 46280.635 | B707: 67.3933 | C707: 2 | D707: 59.3687 | E707: =IF(OR(C707=9,B707=""),"",B707-$C$3) -> 67.3633 | F707: =IF(C707=9,"",IF(C707=0,E707,IF(C707=1,IF(COUNT(E703:E711)=0,"",TRIMMEAN(E703:E711,0.5)),IF(D707="","",D707)))) -> 59.3687 | G707: pico aislado
A708: 46280.646 | B708: 59.9612 | C708: 0 | E708: =IF(OR(C708=9,B708=""),"",B708-$C$3) -> 59.9312 | F708: =IF(C708=9,"",IF(C708=0,E708,IF(C708=1,IF(COUNT(E704:E712)=0,"",TRIMMEAN(E704:E712,0.5)),IF(D708="","",D708)))) -> 59.9312
A709: 46280.656 | B709: 59.793 | C709: 0 | E709: =IF(OR(C709=9,B709=""),"",B709-$C$3) -> 59.763 | F709: =IF(C709=9,"",IF(C709=0,E709,IF(C709=1,IF(COUNT(E705:E713)=0,"",TRIMMEAN(E705:E713,0.5)),IF(D709="","",D709)))) -> 59.763
A710: 46280.667 | B710: 57.8368 | C710: 0 | E710: =IF(OR(C710=9,B710=""),"",B710-$C$3) -> 57.8068 | F710: =IF(C710=9,"",IF(C710=0,E710,IF(C710=1,IF(COUNT(E706:E714)=0,"",TRIMMEAN(E706:E714,0.5)),IF(D710="","",D710)))) -> 57.8068
A711: 46280.677 | B711: 61.0846 | C711: 0 | E711: =IF(OR(C711=9,B711=""),"",B711-$C$3) -> 61.0546 | F711: =IF(C711=9,"",IF(C711=0,E711,IF(C711=1,IF(COUNT(E707:E715)=0,"",TRIMMEAN(E707:E715,0.5)),IF(D711="","",D711)))) -> 61.0546
A712: 46280.688 | B712: 62.7009 | C712: 0 | E712: =IF(OR(C712=9,B712=""),"",B712-$C$3) -> 62.6709 | F712: =IF(C712=9,"",IF(C712=0,E712,IF(C712=1,IF(COUNT(E708:E716)=0,"",TRIMMEAN(E708:E716,0.5)),IF(D712="","",D712)))) -> 62.6709
A713: 46280.698 | B713: 63.4283 | C713: 0 | E713: =IF(OR(C713=9,B713=""),"",B713-$C$3) -> 63.3983 | F713: =IF(C713=9,"",IF(C713=0,E713,IF(C713=1,IF(COUNT(E709:E717)=0,"",TRIMMEAN(E709:E717,0.5)),IF(D713="","",D713)))) -> 63.3983
A714: 46280.708 | B714: 62.3236 | C714: 0 | E714: =IF(OR(C714=9,B714=""),"",B714-$C$3) -> 62.2936 | F714: =IF(C714=9,"",IF(C714=0,E714,IF(C714=1,IF(COUNT(E710:E718)=0,"",TRIMMEAN(E710:E718,0.5)),IF(D714="","",D714)))) -> 62.2936
A715: 46280.719 | B715: 62.5224 | C715: 0 | E715: =IF(OR(C715=9,B715=""),"",B715-$C$3) -> 62.4924 | F715: =IF(C715=9,"",IF(C715=0,E715,IF(C715=1,IF(COUNT(E711:E719)=0,"",TRIMMEAN(E711:E719,0.5)),IF(D715="","",D715)))) -> 62.4924
A716: 46280.729 | B716: 59.4412 | C716: 0 | E716: =IF(OR(C716=9,B716=""),"",B716-$C$3) -> 59.4112 | F716: =IF(C716=9,"",IF(C716=0,E716,IF(C716=1,IF(COUNT(E712:E720)=0,"",TRIMMEAN(E712:E720,0.5)),IF(D716="","",D716)))) -> 59.4112
A717: 46280.74 | B717: 60.8977 | C717: 0 | E717: =IF(OR(C717=9,B717=""),"",B717-$C$3) -> 60.8677 | F717: =IF(C717=9,"",IF(C717=0,E717,IF(C717=1,IF(COUNT(E713:E721)=0,"",TRIMMEAN(E713:E721,0.5)),IF(D717="","",D717)))) -> 60.8677
A718: 46280.75 | B718: 57.7043 | C718: 0 | E718: =IF(OR(C718=9,B718=""),"",B718-$C$3) -> 57.6743 | F718: =IF(C718=9,"",IF(C718=0,E718,IF(C718=1,IF(COUNT(E714:E722)=0,"",TRIMMEAN(E714:E722,0.5)),IF(D718="","",D718)))) -> 57.6743
A719: 46280.76 | B719: 65.1992 | C719: 0 | E719: =IF(OR(C719=9,B719=""),"",B719-$C$3) -> 65.1692 | F719: =IF(C719=9,"",IF(C719=0,E719,IF(C719=1,IF(COUNT(E715:E723)=0,"",TRIMMEAN(E715:E723,0.5)),IF(D719="","",D719)))) -> 65.1692
... A741: 46280.99 | B741: 60.3232 | C741: 0 | E741: =IF(OR(C741=9,B741=""),"",B741-$C$3) -> 60.2932 | F741: =IF(C741=9,"",IF(C741=0,E741,IF(C741=1,IF(COUNT(E737:E745)=0,"",TRIMMEAN(E737:E745,0.5)),IF(D741="","",D741)))) -> 60.2932
A742: 46281 | B742: 67.4205 | C742: 1 | E742: =IF(OR(C742=9,B742=""),"",B742-$C$3) -> 67.3905 | F742: =IF(C742=9,"",IF(C742=0,E742,IF(C742=1,IF(COUNT(E738:E746)=0,"",TRIMMEAN(E738:E746,0.5)),IF(D742="","",D742)))) -> 63.0604 | G742: oscilación más rápida que el registro → media recortada de 2 h
A743: 46281.01 | B743: 63.4555 | C743: 1 | E743: =IF(OR(C743=9,B743=""),"",B743-$C$3) -> 63.4255 | F743: =IF(C743=9,"",IF(C743=0,E743,IF(C743=1,IF(COUNT(E739:E747)=0,"",TRIMMEAN(E739:E747,0.5)),IF(D743="","",D743)))) -> 63.13076 | G743: oscilación más rápida que el registro → media recortada de 2 h
A744: 46281.021 | B744: 66.9803 | C744: 1 | E744: =IF(OR(C744=9,B744=""),"",B744-$C$3) -> 66.9503 | F744: =IF(C744=9,"",IF(C744=0,E744,IF(C744=1,IF(COUNT(E740:E748)=0,"",TRIMMEAN(E740:E748,0.5)),IF(D744="","",D744)))) -> 63.0186 | G744: oscilación más rápida que el registro → media recortada de 2 h
A745: 46281.031 | B745: 61.7525 | C745: 1 | E745: =IF(OR(C745=9,B745=""),"",B745-$C$3) -> 61.7225 | F745: =IF(C745=9,"",IF(C745=0,E745,IF(C745=1,IF(COUNT(E741:E749)=0,"",TRIMMEAN(E741:E749,0.5)),IF(D745="","",D745)))) -> 63.0186 | G745: oscilación más rápida que el registro → media recortada de 2 h
A746: 46281.042 | B746: 60.2739 | C746: 1 | E746: =IF(OR(C746=9,B746=""),"",B746-$C$3) -> 60.2439 | F746: =IF(C746=9,"",IF(C746=0,E746,IF(C746=1,IF(COUNT(E742:E750)=0,"",TRIMMEAN(E742:E750,0.5)),IF(D746="","",D746)))) -> 63.2987 | G746: oscilación más rápida que el registro → media recortada de 2 h
A747: 46281.052 | B747: 60.675 | C747: 1 | E747: =IF(OR(C747=9,B747=""),"",B747-$C$3) -> 60.645 | F747: =IF(C747=9,"",IF(C747=0,E747,IF(C747=1,IF(COUNT(E743:E751)=0,"",TRIMMEAN(E743:E751,0.5)),IF(D747="","",D747)))) -> 62.34696 | G747: oscilación más rápida que el registro → media recortada de 2 h
...

Sheet P5
A1: P5 · Presión (m) · VN3948890
A2: Válido (suavizado)
A3: Offset | C3: 0
A4: Ventana (lecturas a cada lado) | C4: 4
A6: Fecha y hora | B6: Dato inicial (m) | C6: Marca | D6: Reemplazo | E6: Corregido (m) | F6: Dato depurado (m) | G6: Motivo
A7: 46273.344 | B7: -0.3031 | C7: 9 | E7: =IF(OR(C7=9,B7=""),"",B7-$C$3) | F7: =IF(C7=9,"",IF(C7=0,E7,IF(C7=1,IF(COUNT(E7:E11)=0,"",TRIMMEAN(E7:E11,0.5)),IF(D7="","",D7)))) | G7: equipo sin instalar
A8: 46273.354 | B8: -0.2938 | C8: 9 | E8: =IF(OR(C8=9,B8=""),"",B8-$C$3) | F8: =IF(C8=9,"",IF(C8=0,E8,IF(C8=1,IF(COUNT(E7:E12)=0,"",TRIMMEAN(E7:E12,0.5)),IF(D8="","",D8)))) | G8: equipo sin instalar
A9: 46273.365 | B9: -0.8633 | C9: 9 | E9: =IF(OR(C9=9,B9=""),"",B9-$C$3) | F9: =IF(C9=9,"",IF(C9=0,E9,IF(C9=1,IF(COUNT(E7:E13)=0,"",TRIMMEAN(E7:E13,0.5)),IF(D9="","",D9)))) | G9: equipo sin instalar
A10: 46273.375 | B10: -0.8726 | C10: 9 | E10: =IF(OR(C10=9,B10=""),"",B10-$C$3) | F10: =IF(C10=9,"",IF(C10=0,E10,IF(C10=1,IF(COUNT(E7:E14)=0,"",TRIMMEAN(E7:E14,0.5)),IF(D10="","",D10)))) | G10: equipo sin instalar
A11: 46273.385 | B11: -0.8726 | C11: 9 | E11: =IF(OR(C11=9,B11=""),"",B11-$C$3) | F11: =IF(C11=9,"",IF(C11=0,E11,IF(C11=1,IF(COUNT(E7:E15)=0,"",TRIMMEAN(E7:E15,0.5)),IF(D11="","",D11)))) | G11: equipo sin instalar
A12: 46273.396 | B12: -0.8819 | C12: 9 | E12: =IF(OR(C12=9,B12=""),"",B12-$C$3) | F12: =IF(C12=9,"",IF(C12=0,E12,IF(C12=1,IF(COUNT(E8:E16)=0,"",TRIMMEAN(E8:E16,0.5)),IF(D12="","",D12)))) | G12: equipo sin instalar
A13: 46273.406 | B13: -0.9006 | C13: 9 | E13: =IF(OR(C13=9,B13=""),"",B13-$C$3) | F13: =IF(C13=9,"",IF(C13=0,E13,IF(C13=1,IF(COUNT(E9:E17)=0,"",TRIMMEAN(E9:E17,0.5)),IF(D13="","",D13)))) | G13: equipo sin instalar
A14: 46273.417 | B14: -0.8633 | C14: 9 | E14: =IF(OR(C14=9,B14=""),"",B14-$C$3) | F14: =IF(C14=9,"",IF(C14=0,E14,IF(C14=1,IF(COUNT(E10:E18)=0,"",TRIMMEAN(E10:E18,0.5)),IF(D14="","",D14)))) | G14: equipo sin instalar
A15: 46273.427 | B15: -0.6018 | C15: 9 | E15: =IF(OR(C15=9,B15=""),"",B15-$C$3) | F15: =IF(C15=9,"",IF(C15=0,E15,IF(C15=1,IF(COUNT(E11:E19)=0,"",TRIMMEAN(E11:E19,0.5)),IF(D15="","",D15)))) | G15: equipo sin instalar
A16: 46273.438 | B16: -0.3778 | C16: 9 | E16: =IF(OR(C16=9,B16=""),"",B16-$C$3) | F16: =IF(C16=9,"",IF(C16=0,E16,IF(C16=1,IF(COUNT(E12:E20)=0,"",TRIMMEAN(E12:E20,0.5)),IF(D16="","",D16)))) | G16: equipo sin instalar
A17: 46273.448 | B17: 63.3856 | C17: 9 | E17: =IF(OR(C17=9,B17=""),"",B17-$C$3) | F17: =IF(C17=9,"",IF(C17=0,E17,IF(C17=1,IF(COUNT(E13:E21)=0,"",TRIMMEAN(E13:E21,0.5)),IF(D17="","",D17)))) | G17: equipo sin instalar
A18: 46273.458 | B18: 58.1591 | C18: 1 | E18: =IF(OR(C18=9,B18=""),"",B18-$C$3) -> 58.1591 | F18: =IF(C18=9,"",IF(C18=0,E18,IF(C18=1,IF(COUNT(E14:E22)=0,"",TRIMMEAN(E14:E22,0.5)),IF(D18="","",D18)))) -> 63.021433 | G18: oscilación más rápida que el registro → media recortada de 2 h
A19: 46273.469 | B19: 69.6016 | C19: 1 | E19: =IF(OR(C19=9,B19=""),"",B19-$C$3) -> 69.6016 | F19: =IF(C19=9,"",IF(C19=0,E19,IF(C19=1,IF(COUNT(E15:E23)=0,"",TRIMMEAN(E15:E23,0.5)),IF(D19="","",D19)))) -> 64.666475 | G19: oscilación más rápida que el registro → media recortada de 2 h
A20: 46273.479 | B20: 62.183 | C20: 1 | E20: =IF(OR(C20=9,B20=""),"",B20-$C$3) -> 62.183 | F20: =IF(C20=9,"",IF(C20=0,E20,IF(C20=1,IF(COUNT(E16:E24)=0,"",TRIMMEAN(E16:E24,0.5)),IF(D20="","",D20)))) -> 67.2912 | G20: oscilación más rápida que el registro → media recortada de 2 h
A21: 46273.49 | B21: 56.8234 | C21: 1 | E21: =IF(OR(C21=9,B21=""),"",B21-$C$3) -> 56.8234 | F21: =IF(C21=9,"",IF(C21=0,E21,IF(C21=1,IF(COUNT(E17:E25)=0,"",TRIMMEAN(E17:E25,0.5)),IF(D21="","",D21)))) -> 69.574225 | G21: oscilación más rápida que el registro → media recortada de 2 h
A22: 46273.5 | B22: 68.7222 | C22: 1 | E22: =IF(OR(C22=9,B22=""),"",B22-$C$3) -> 68.7222 | F22: =IF(C22=9,"",IF(C22=0,E22,IF(C22=1,IF(COUNT(E18:E26)=0,"",TRIMMEAN(E18:E26,0.5)),IF(D22="","",D22)))) -> 71.12224 | G22: oscilación más rápida que el registro → media recortada de 2 h
... A802: 46281.625 | B802: 0.005 | C802: 9 | E802: =IF(OR(C802=9,B802=""),"",B802-$C$3) | F802: =IF(C802=9,"",IF(C802=0,E802,IF(C802=1,IF(COUNT(E798:E806)=0,"",TRIMMEAN(E798:E806,0.5)),IF(D802="","",D802)))) | G802: equipo sin instalar
A803: 46281.635 | B803: 0.005 | C803: 9 | E803: =IF(OR(C803=9,B803=""),"",B803-$C$3) | F803: =IF(C803=9,"",IF(C803=0,E803,IF(C803=1,IF(COUNT(E799:E806)=0,"",TRIMMEAN(E799:E806,0.5)),IF(D803="","",D803)))) | G803: equipo sin instalar
A804: 46281.646 | B804: 0.005 | C804: 9 | E804: =IF(OR(C804=9,B804=""),"",B804-$C$3) | F804: =IF(C804=9,"",IF(C804=0,E804,IF(C804=1,IF(COUNT(E800:E806)=0,"",TRIMMEAN(E800:E806,0.5)),IF(D804="","",D804)))) | G804: equipo sin instalar
A805: 46281.656 | B805: 0.0041 | C805: 9 | E805: =IF(OR(C805=9,B805=""),"",B805-$C$3) | F805: =IF(C805=9,"",IF(C805=0,E805,IF(C805=1,IF(COUNT(E801:E806)=0,"",TRIMMEAN(E801:E806,0.5)),IF(D805="","",D805)))) | G805: equipo sin instalar
A806: 46281.667 | B806: -0.0044 | C806: 9 | E806: =IF(OR(C806=9,B806=""),"",B806-$C$3) | F806: =IF(C806=9,"",IF(C806=0,E806,IF(C806=1,IF(COUNT(E802:E806)=0,"",TRIMMEAN(E802:E806,0.5)),IF(D806="","",D806)))) | G806: equipo sin instalar

Sheet P6
A1: P6 · Presión (m) · VN3582511
A2: Válido
A3: Offset | C3: -0.24
A4: Ventana (lecturas a cada lado) | C4: 4
A6: Fecha y hora | B6: Dato inicial (m) | C6: Marca | D6: Reemplazo | E6: Corregido (m) | F6: Dato depurado (m) | G6: Motivo
A7: 46273.344 | B7: -0.2615 | C7: 9 | E7: =IF(OR(C7=9,B7=""),"",B7-$C$3) | F7: =IF(C7=9,"",IF(C7=0,E7,IF(C7=1,IF(COUNT(E7:E11)=0,"",TRIMMEAN(E7:E11,0.5)),IF(D7="","",D7)))) | G7: equipo sin instalar
A8: 46273.354 | B8: -0.2615 | C8: 9 | E8: =IF(OR(C8=9,B8=""),"",B8-$C$3) | F8: =IF(C8=9,"",IF(C8=0,E8,IF(C8=1,IF(COUNT(E7:E12)=0,"",TRIMMEAN(E7:E12,0.5)),IF(D8="","",D8)))) | G8: equipo sin instalar
A9: 46273.365 | B9: -0.8403 | C9: 9 | E9: =IF(OR(C9=9,B9=""),"",B9-$C$3) | F9: =IF(C9=9,"",IF(C9=0,E9,IF(C9=1,IF(COUNT(E7:E13)=0,"",TRIMMEAN(E7:E13,0.5)),IF(D9="","",D9)))) | G9: equipo sin instalar
A10: 46273.375 | B10: -0.8683 | C10: 9 | E10: =IF(OR(C10=9,B10=""),"",B10-$C$3) | F10: =IF(C10=9,"",IF(C10=0,E10,IF(C10=1,IF(COUNT(E7:E14)=0,"",TRIMMEAN(E7:E14,0.5)),IF(D10="","",D10)))) | G10: equipo sin instalar
A11: 46273.385 | B11: -0.8589 | C11: 9 | E11: =IF(OR(C11=9,B11=""),"",B11-$C$3) | F11: =IF(C11=9,"",IF(C11=0,E11,IF(C11=1,IF(COUNT(E7:E15)=0,"",TRIMMEAN(E7:E15,0.5)),IF(D11="","",D11)))) | G11: equipo sin instalar
A12: 46273.396 | B12: -0.8589 | C12: 9 | E12: =IF(OR(C12=9,B12=""),"",B12-$C$3) | F12: =IF(C12=9,"",IF(C12=0,E12,IF(C12=1,IF(COUNT(E8:E16)=0,"",TRIMMEAN(E8:E16,0.5)),IF(D12="","",D12)))) | G12: equipo sin instalar
A13: 46273.406 | B13: -0.887 | C13: 9 | E13: =IF(OR(C13=9,B13=""),"",B13-$C$3) | F13: =IF(C13=9,"",IF(C13=0,E13,IF(C13=1,IF(COUNT(E9:E17)=0,"",TRIMMEAN(E9:E17,0.5)),IF(D13="","",D13)))) | G13: equipo sin instalar
A14: 46273.417 | B14: -0.8496 | C14: 9 | E14: =IF(OR(C14=9,B14=""),"",B14-$C$3) | F14: =IF(C14=9,"",IF(C14=0,E14,IF(C14=1,IF(COUNT(E10:E18)=0,"",TRIMMEAN(E10:E18,0.5)),IF(D14="","",D14)))) | G14: equipo sin instalar
A15: 46273.427 | B15: -0.5789 | C15: 9 | E15: =IF(OR(C15=9,B15=""),"",B15-$C$3) | F15: =IF(C15=9,"",IF(C15=0,E15,IF(C15=1,IF(COUNT(E11:E19)=0,"",TRIMMEAN(E11:E19,0.5)),IF(D15="","",D15)))) | G15: equipo sin instalar
A16: 46273.438 | B16: -0.3735 | C16: 9 | E16: =IF(OR(C16=9,B16=""),"",B16-$C$3) | F16: =IF(C16=9,"",IF(C16=0,E16,IF(C16=1,IF(COUNT(E12:E20)=0,"",TRIMMEAN(E12:E20,0.5)),IF(D16="","",D16)))) | G16: equipo sin instalar
A17: 46273.448 | B17: -0.2895 | C17: 9 | E17: =IF(OR(C17=9,B17=""),"",B17-$C$3) | F17: =IF(C17=9,"",IF(C17=0,E17,IF(C17=1,IF(COUNT(E13:E21)=0,"",TRIMMEAN(E13:E21,0.5)),IF(D17="","",D17)))) | G17: equipo sin instalar
A18: 46273.458 | B18: -0.2801 | C18: 9 | E18: =IF(OR(C18=9,B18=""),"",B18-$C$3) | F18: =IF(C18=9,"",IF(C18=0,E18,IF(C18=1,IF(COUNT(E14:E22)=0,"",TRIMMEAN(E14:E22,0.5)),IF(D18="","",D18)))) | G18: equipo sin instalar
A19: 46273.469 | B19: -0.2801 | C19: 9 | E19: =IF(OR(C19=9,B19=""),"",B19-$C$3) | F19: =IF(C19=9,"",IF(C19=0,E19,IF(C19=1,IF(COUNT(E15:E23)=0,"",TRIMMEAN(E15:E23,0.5)),IF(D19="","",D19)))) | G19: equipo sin instalar
A20: 46273.479 | B20: -0.2428 | C20: 9 | E20: =IF(OR(C20=9,B20=""),"",B20-$C$3) | F20: =IF(C20=9,"",IF(C20=0,E20,IF(C20=1,IF(COUNT(E16:E24)=0,"",TRIMMEAN(E16:E24,0.5)),IF(D20="","",D20)))) | G20: equipo sin instalar
A21: 46273.49 | B21: -0.2428 | C21: 9 | E21: =IF(OR(C21=9,B21=""),"",B21-$C$3) | F21: =IF(C21=9,"",IF(C21=0,E21,IF(C21=1,IF(COUNT(E17:E25)=0,"",TRIMMEAN(E17:E25,0.5)),IF(D21="","",D21)))) | G21: equipo sin instalar
A22: 46273.5 | B22: -0.2895 | C22: 9 | E22: =IF(OR(C22=9,B22=""),"",B22-$C$3) | F22: =IF(C22=9,"",IF(C22=0,E22,IF(C22=1,IF(COUNT(E18:E26)=0,"",TRIMMEAN(E18:E26,0.5)),IF(D22="","",D22)))) | G22: equipo sin instalar
A23: 46273.51 | B23: 30.9108 | C23: 9 | E23: =IF(OR(C23=9,B23=""),"",B23-$C$3) | F23: =IF(C23=9,"",IF(C23=0,E23,IF(C23=1,IF(COUNT(E19:E27)=0,"",TRIMMEAN(E19:E27,0.5)),IF(D23="","",D23)))) | G23: equipo sin instalar
A24: 46273.521 | B24: 41.1074 | C24: 0 | E24: =IF(OR(C24=9,B24=""),"",B24-$C$3) -> 41.3474 | F24: =IF(C24=9,"",IF(C24=0,E24,IF(C24=1,IF(COUNT(E20:E28)=0,"",TRIMMEAN(E20:E28,0.5)),IF(D24="","",D24)))) -> 41.3474
A25: 46273.531 | B25: 41.2116 | C25: 0 | E25: =IF(OR(C25=9,B25=""),"",B25-$C$3) -> 41.4516 | F25: =IF(C25=9,"",IF(C25=0,E25,IF(C25=1,IF(COUNT(E21:E29)=0,"",TRIMMEAN(E21:E29,0.5)),IF(D25="","",D25)))) -> 41.4516
A26: 46273.542 | B26: 41.1749 | C26: 0 | E26: =IF(OR(C26=9,B26=""),"",B26-$C$3) -> 41.4149 | F26: =IF(C26=9,"",IF(C26=0,E26,IF(C26=1,IF(COUNT(E22:E30)=0,"",TRIMMEAN(E22:E30,0.5)),IF(D26="","",D26)))) -> 41.4149
A27: 46273.552 | B27: 41.0269 | C27: 0 | E27: =IF(OR(C27=9,B27=""),"",B27-$C$3) -> 41.2669 | F27: =IF(C27=9,"",IF(C27=0,E27,IF(C27=1,IF(COUNT(E23:E31)=0,"",TRIMMEAN(E23:E31,0.5)),IF(D27="","",D27)))) -> 41.2669
A28: 46273.562 | B28: 41.1033 | C28: 0 | E28: =IF(OR(C28=9,B28=""),"",B28-$C$3) -> 41.3433 | F28: =IF(C28=9,"",IF(C28=0,E28,IF(C28=1,IF(COUNT(E24:E32)=0,"",TRIMMEAN(E24:E32,0.5)),IF(D28="","",D28)))) -> 41.3433
A29: 46273.573 | B29: 41.3989 | C29: 0 | E29: =IF(OR(C29=9,B29=""),"",B29-$C$3) -> 41.6389 | F29: =IF(C29=9,"",IF(C29=0,E29,IF(C29=1,IF(COUNT(E25:E33)=0,"",TRIMMEAN(E25:E33,0.5)),IF(D29="","",D29)))) -> 41.6389
A30: 46273.583 | B30: 41.7131 | C30: 0 | E30: =IF(OR(C30=9,B30=""),"",B30-$C$3) -> 41.9531 | F30: =IF(C30=9,"",IF(C30=0,E30,IF(C30=1,IF(COUNT(E26:E34)=0,"",TRIMMEAN(E26:E34,0.5)),IF(D30="","",D30)))) -> 41.9531
A31: 46273.594 | B31: 41.5354 | C31: 0 | E31: =IF(OR(C31=9,B31=""),"",B31-$C$3) -> 41.7754 | F31: =IF(C31=9,"",IF(C31=0,E31,IF(C31=1,IF(COUNT(E27:E35)=0,"",TRIMMEAN(E27:E35,0.5)),IF(D31="","",D31)))) -> 41.7754
A32: 46273.604 | B32: 41.7835 | C32: 0 | E32: =IF(OR(C32=9,B32=""),"",B32-$C$3) -> 42.0235 | F32: =IF(C32=9,"",IF(C32=0,E32,IF(C32=1,IF(COUNT(E28:E36)=0,"",TRIMMEAN(E28:E36,0.5)),IF(D32="","",D32)))) -> 42.0235
A33: 46273.615 | B33: 41.4857 | C33: 0 | E33: =IF(OR(C33=9,B33=""),"",B33-$C$3) -> 41.7257 | F33: =IF(C33=9,"",IF(C33=0,E33,IF(C33=1,IF(COUNT(E29:E37)=0,"",TRIMMEAN(E29:E37,0.5)),IF(D33="","",D33)))) -> 41.7257
A34: 46273.625 | B34: 41.5435 | C34: 0 | E34: =IF(OR(C34=9,B34=""),"",B34-$C$3) -> 41.7835 | F34: =IF(C34=9,"",IF(C34=0,E34,IF(C34=1,IF(COUNT(E30:E38)=0,"",TRIMMEAN(E30:E38,0.5)),IF(D34="","",D34)))) -> 41.7835
A35: 46273.635 | B35: 41.1638 | C35: 0 | E35: =IF(OR(C35=9,B35=""),"",B35-$C$3) -> 41.4038 | F35: =IF(C35=9,"",IF(C35=0,E35,IF(C35=1,IF(COUNT(E31:E39)=0,"",TRIMMEAN(E31:E39,0.5)),IF(D35="","",D35)))) -> 41.4038
... A780: 46281.396 | B780: 40.129 | C780: 0 | E780: =IF(OR(C780=9,B780=""),"",B780-$C$3) -> 40.369 | F780: =IF(C780=9,"",IF(C780=0,E780,IF(C780=1,IF(COUNT(E776:E784)=0,"",TRIMMEAN(E776:E784,0.5)),IF(D780="","",D780)))) -> 40.369
A781: 46281.406 | B781: 13.7017 | C781: 9 | E781: =IF(OR(C781=9,B781=""),"",B781-$C$3) | F781: =IF(C781=9,"",IF(C781=0,E781,IF(C781=1,IF(COUNT(E777:E785)=0,"",TRIMMEAN(E777:E785,0.5)),IF(D781="","",D781)))) | G781: equipo sin instalar
A782: 46281.417 | B782: -0.2881 | C782: 9 | E782: =IF(OR(C782=9,B782=""),"",B782-$C$3) | F782: =IF(C782=9,"",IF(C782=0,E782,IF(C782=1,IF(COUNT(E778:E786)=0,"",TRIMMEAN(E778:E786,0.5)),IF(D782="","",D782)))) | G782: equipo sin instalar
A783: 46281.427 | B783: -0.2428 | C783: 9 | E783: =IF(OR(C783=9,B783=""),"",B783-$C$3) | F783: =IF(C783=9,"",IF(C783=0,E783,IF(C783=1,IF(COUNT(E779:E787)=0,"",TRIMMEAN(E779:E787,0.5)),IF(D783="","",D783)))) | G783: equipo sin instalar
A784: 46281.438 | B784: -0.316 | C784: 9 | E784: =IF(OR(C784=9,B784=""),"",B784-$C$3) | F784: =IF(C784=9,"",IF(C784=0,E784,IF(C784=1,IF(COUNT(E780:E788)=0,"",TRIMMEAN(E780:E788,0.5)),IF(D784="","",D784)))) | G784: equipo sin instalar
A785: 46281.448 | B785: -0.5927 | C785: 9 | E785: =IF(OR(C785=9,B785=""),"",B785-$C$3) | F785: =IF(C785=9,"",IF(C785=0,E785,IF(C785=1,IF(COUNT(E781:E789)=0,"",TRIMMEAN(E781:E789,0.5)),IF(D785="","",D785)))) | G785: equipo sin instalar
A786: 46281.458 | B786: -0.6945 | C786: 9 | E786: =IF(OR(C786=9,B786=""),"",B786-$C$3) | F786: =IF(C786=9,"",IF(C786=0,E786,IF(C786=1,IF(COUNT(E782:E790)=0,"",TRIMMEAN(E782:E790,0.5)),IF(D786="","",D786)))) | G786: equipo sin instalar
A787: 46281.469 | B787: -0.6084 | C787: 9 | E787: =IF(OR(C787=9,B787=""),"",B787-$C$3) | F787: =IF(C787=9,"",IF(C787=0,E787,IF(C787=1,IF(COUNT(E783:E791)=0,"",TRIMMEAN(E783:E791,0.5)),IF(D787="","",D787)))) | G787: equipo sin instalar
A788: 46281.479 | B788: -0.5268 | C788: 9 | E788: =IF(OR(C788=9,B788=""),"",B788-$C$3) | F788: =IF(C788=9,"",IF(C788=0,E788,IF(C788=1,IF(COUNT(E784:E792)=0,"",TRIMMEAN(E784:E792,0.5)),IF(D788="","",D788)))) | G788: equipo sin instalar
A789: 46281.49 | B789: -0.4615 | C789: 9 | E789: =IF(OR(C789=9,B789=""),"",B789-$C$3) | F789: =IF(C789=9,"",IF(C789=0,E789,IF(C789=1,IF(COUNT(E785:E793)=0,"",TRIMMEAN(E785:E793,0.5)),IF(D789="","",D789)))) | G789: equipo sin instalar
A790: 46281.5 | B790: -0.4144 | C790: 9 | E790: =IF(OR(C790=9,B790=""),"",B790-$C$3) | F790: =IF(C790=9,"",IF(C790=0,E790,IF(C790=1,IF(COUNT(E786:E794)=0,"",TRIMMEAN(E786:E794,0.5)),IF(D790="","",D790)))) | G790: equipo sin instalar
A791: 46281.51 | B791: -0.3161 | C791: 9 | E791: =IF(OR(C791=9,B791=""),"",B791-$C$3) | F791: =IF(C791=9,"",IF(C791=0,E791,IF(C791=1,IF(COUNT(E787:E795)=0,"",TRIMMEAN(E787:E795,0.5)),IF(D791="","",D791)))) | G791: equipo sin instalar
A792: 46281.521 | B792: -0.2952 | C792: 9 | E792: =IF(OR(C792=9,B792=""),"",B792-$C$3) | F792: =IF(C792=9,"",IF(C792=0,E792,IF(C792=1,IF(COUNT(E788:E796)=0,"",TRIMMEAN(E788:E796,0.5)),IF(D792="","",D792)))) | G792: equipo sin instalar
... A802: 46281.625 | B802: 0.0308 | C802: 9 | E802: =IF(OR(C802=9,B802=""),"",B802-$C$3) | F802: =IF(C802=9,"",IF(C802=0,E802,IF(C802=1,IF(COUNT(E798:E806)=0,"",TRIMMEAN(E798:E806,0.5)),IF(D802="","",D802)))) | G802: equipo sin instalar
A803: 46281.635 | B803: 0.0373 | C803: 9 | E803: =IF(OR(C803=9,B803=""),"",B803-$C$3) | F803: =IF(C803=9,"",IF(C803=0,E803,IF(C803=1,IF(COUNT(E799:E806)=0,"",TRIMMEAN(E799:E806,0.5)),IF(D803="","",D803)))) | G803: equipo sin instalar
A804: 46281.646 | B804: 0.0373 | C804: 9 | E804: =IF(OR(C804=9,B804=""),"",B804-$C$3) | F804: =IF(C804=9,"",IF(C804=0,E804,IF(C804=1,IF(COUNT(E800:E806)=0,"",TRIMMEAN(E800:E806,0.5)),IF(D804="","",D804)))) | G804: equipo sin instalar
A805: 46281.656 | B805: 0.0312 | C805: 9 | E805: =IF(OR(C805=9,B805=""),"",B805-$C$3) | F805: =IF(C805=9,"",IF(C805=0,E805,IF(C805=1,IF(COUNT(E801:E806)=0,"",TRIMMEAN(E801:E806,0.5)),IF(D805="","",D805)))) | G805: equipo sin instalar
A806: 46281.667 | B806: 0.028 | C806: 9 | E806: =IF(OR(C806=9,B806=""),"",B806-$C$3) | F806: =IF(C806=9,"",IF(C806=0,E806,IF(C806=1,IF(COUNT(E802:E806)=0,"",TRIMMEAN(E802:E806,0.5)),IF(D806="","",D806)))) | G806: equipo sin instalar

Sheet P7
A1: P7 · Presión (m) · VN3751475
A2: Revisar antes de usar
A3: Offset | C3: 0.03
A4: Ventana (lecturas a cada lado) | C4: 4
A6: Fecha y hora | B6: Dato inicial (m) | C6: Marca | D6: Reemplazo | E6: Corregido (m) | F6: Dato depurado (m) | G6: Motivo
A7: 46273.344 | B7: -0.28 | C7: 9 | E7: =IF(OR(C7=9,B7=""),"",B7-$C$3) | F7: =IF(C7=9,"",IF(C7=0,E7,IF(C7=1,IF(COUNT(E7:E11)=0,"",TRIMMEAN(E7:E11,0.5)),IF(D7="","",D7)))) | G7: equipo sin instalar
A8: 46273.354 | B8: -0.2613 | C8: 9 | E8: =IF(OR(C8=9,B8=""),"",B8-$C$3) | F8: =IF(C8=9,"",IF(C8=0,E8,IF(C8=1,IF(COUNT(E7:E12)=0,"",TRIMMEAN(E7:E12,0.5)),IF(D8="","",D8)))) | G8: equipo sin instalar
A9: 46273.365 | B9: -0.8215 | C9: 9 | E9: =IF(OR(C9=9,B9=""),"",B9-$C$3) | F9: =IF(C9=9,"",IF(C9=0,E9,IF(C9=1,IF(COUNT(E7:E13)=0,"",TRIMMEAN(E7:E13,0.5)),IF(D9="","",D9)))) | G9: equipo sin instalar
A10: 46273.375 | B10: -0.8495 | C10: 9 | E10: =IF(OR(C10=9,B10=""),"",B10-$C$3) | F10: =IF(C10=9,"",IF(C10=0,E10,IF(C10=1,IF(COUNT(E7:E14)=0,"",TRIMMEAN(E7:E14,0.5)),IF(D10="","",D10)))) | G10: equipo sin instalar
A11: 46273.385 | B11: -0.8495 | C11: 9 | E11: =IF(OR(C11=9,B11=""),"",B11-$C$3) | F11: =IF(C11=9,"",IF(C11=0,E11,IF(C11=1,IF(COUNT(E7:E15)=0,"",TRIMMEAN(E7:E15,0.5)),IF(D11="","",D11)))) | G11: equipo sin instalar
A12: 46273.396 | B12: -0.8401 | C12: 9 | E12: =IF(OR(C12=9,B12=""),"",B12-$C$3) | F12: =IF(C12=9,"",IF(C12=0,E12,IF(C12=1,IF(COUNT(E8:E16)=0,"",TRIMMEAN(E8:E16,0.5)),IF(D12="","",D12)))) | G12: equipo sin instalar
A13: 46273.406 | B13: -0.8775 | C13: 9 | E13: =IF(OR(C13=9,B13=""),"",B13-$C$3) | F13: =IF(C13=9,"",IF(C13=0,E13,IF(C13=1,IF(COUNT(E9:E17)=0,"",TRIMMEAN(E9:E17,0.5)),IF(D13="","",D13)))) | G13: equipo sin instalar
A14: 46273.417 | B14: -0.8215 | C14: 9 | E14: =IF(OR(C14=9,B14=""),"",B14-$C$3) | F14: =IF(C14=9,"",IF(C14=0,E14,IF(C14=1,IF(COUNT(E10:E18)=0,"",TRIMMEAN(E10:E18,0.5)),IF(D14="","",D14)))) | G14: equipo sin instalar
A15: 46273.427 | B15: -0.5787 | C15: 9 | E15: =IF(OR(C15=9,B15=""),"",B15-$C$3) | F15: =IF(C15=9,"",IF(C15=0,E15,IF(C15=1,IF(COUNT(E11:E19)=0,"",TRIMMEAN(E11:E19,0.5)),IF(D15="","",D15)))) | G15: equipo sin instalar
A16: 46273.438 | B16: -0.3733 | C16: 9 | E16: =IF(OR(C16=9,B16=""),"",B16-$C$3) | F16: =IF(C16=9,"",IF(C16=0,E16,IF(C16=1,IF(COUNT(E12:E20)=0,"",TRIMMEAN(E12:E20,0.5)),IF(D16="","",D16)))) | G16: equipo sin instalar
A17: 46273.448 | B17: -0.2613 | C17: 9 | E17: =IF(OR(C17=9,B17=""),"",B17-$C$3) | F17: =IF(C17=9,"",IF(C17=0,E17,IF(C17=1,IF(COUNT(E13:E21)=0,"",TRIMMEAN(E13:E21,0.5)),IF(D17="","",D17)))) | G17: equipo sin instalar
A18: 46273.458 | B18: -0.28 | C18: 9 | E18: =IF(OR(C18=9,B18=""),"",B18-$C$3) | F18: =IF(C18=9,"",IF(C18=0,E18,IF(C18=1,IF(COUNT(E14:E22)=0,"",TRIMMEAN(E14:E22,0.5)),IF(D18="","",D18)))) | G18: equipo sin instalar
A19: 46273.469 | B19: -0.2893 | C19: 9 | E19: =IF(OR(C19=9,B19=""),"",B19-$C$3) | F19: =IF(C19=9,"",IF(C19=0,E19,IF(C19=1,IF(COUNT(E15:E23)=0,"",TRIMMEAN(E15:E23,0.5)),IF(D19="","",D19)))) | G19: equipo sin instalar
A20: 46273.479 | B20: -0.224 | C20: 9 | E20: =IF(OR(C20=9,B20=""),"",B20-$C$3) | F20: =IF(C20=9,"",IF(C20=0,E20,IF(C20=1,IF(COUNT(E16:E24)=0,"",TRIMMEAN(E16:E24,0.5)),IF(D20="","",D20)))) | G20: equipo sin instalar
A21: 46273.49 | B21: -0.2333 | C21: 9 | E21: =IF(OR(C21=9,B21=""),"",B21-$C$3) | F21: =IF(C21=9,"",IF(C21=0,E21,IF(C21=1,IF(COUNT(E17:E25)=0,"",TRIMMEAN(E17:E25,0.5)),IF(D21="","",D21)))) | G21: equipo sin instalar
A22: 46273.5 | B22: 48.84 | C22: 9 | E22: =IF(OR(C22=9,B22=""),"",B22-$C$3) | F22: =IF(C22=9,"",IF(C22=0,E22,IF(C22=1,IF(COUNT(E18:E26)=0,"",TRIMMEAN(E18:E26,0.5)),IF(D22="","",D22)))) | G22: equipo sin instalar
A23: 46273.51 | B23: 86.2263 | C23: 0 | E23: =IF(OR(C23=9,B23=""),"",B23-$C$3) -> 86.1963 | F23: =IF(C23=9,"",IF(C23=0,E23,IF(C23=1,IF(COUNT(E19:E27)=0,"",TRIMMEAN(E19:E27,0.5)),IF(D23="","",D23)))) -> 86.1963
A24: 46273.521 | B24: 86.2928 | C24: 0 | E24: =IF(OR(C24=9,B24=""),"",B24-$C$3) -> 86.2628 | F24: =IF(C24=9,"",IF(C24=0,E24,IF(C24=1,IF(COUNT(E20:E28)=0,"",TRIMMEAN(E20:E28,0.5)),IF(D24="","",D24)))) -> 86.2628
A25: 46273.531 | B25: 85.5415 | C25: 0 | E25: =IF(OR(C25=9,B25=""),"",B25-$C$3) -> 85.5115 | F25: =IF(C25=9,"",IF(C25=0,E25,IF(C25=1,IF(COUNT(E21:E29)=0,"",TRIMMEAN(E21:E29,0.5)),IF(D25="","",D25)))) -> 85.5115
A26: 46273.542 | B26: 85.694 | C26: 0 | E26: =IF(OR(C26=9,B26=""),"",B26-$C$3) -> 85.664 | F26: =IF(C26=9,"",IF(C26=0,E26,IF(C26=1,IF(COUNT(E22:E30)=0,"",TRIMMEAN(E22:E30,0.5)),IF(D26="","",D26)))) -> 85.664
A27: 46273.552 | B27: 86.3988 | C27: 0 | E27: =IF(OR(C27=9,B27=""),"",B27-$C$3) -> 86.3688 | F27: =IF(C27=9,"",IF(C27=0,E27,IF(C27=1,IF(COUNT(E23:E31)=0,"",TRIMMEAN(E23:E31,0.5)),IF(D27="","",D27)))) -> 86.3688
A28: 46273.562 | B28: 85.7022 | C28: 0 | E28: =IF(OR(C28=9,B28=""),"",B28-$C$3) -> 85.6722 | F28: =IF(C28=9,"",IF(C28=0,E28,IF(C28=1,IF(COUNT(E24:E32)=0,"",TRIMMEAN(E24:E32,0.5)),IF(D28="","",D28)))) -> 85.6722
A29: 46273.573 | B29: 86.4172 | C29: 0 | E29: =IF(OR(C29=9,B29=""),"",B29-$C$3) -> 86.3872 | F29: =IF(C29=9,"",IF(C29=0,E29,IF(C29=1,IF(COUNT(E25:E33)=0,"",TRIMMEAN(E25:E33,0.5)),IF(D29="","",D29)))) -> 86.3872
A30: 46273.583 | B30: 85.2319 | C30: 0 | E30: =IF(OR(C30=9,B30=""),"",B30-$C$3) -> 85.2019 | F30: =IF(C30=9,"",IF(C30=0,E30,IF(C30=1,IF(COUNT(E26:E34)=0,"",TRIMMEAN(E26:E34,0.5)),IF(D30="","",D30)))) -> 85.2019
A31: 46273.594 | B31: 84.6918 | C31: 0 | E31: =IF(OR(C31=9,B31=""),"",B31-$C$3) -> 84.6618 | F31: =IF(C31=9,"",IF(C31=0,E31,IF(C31=1,IF(COUNT(E27:E35)=0,"",TRIMMEAN(E27:E35,0.5)),IF(D31="","",D31)))) -> 84.6618
A32: 46273.604 | B32: 86.378 | C32: 0 | E32: =IF(OR(C32=9,B32=""),"",B32-$C$3) -> 86.348 | F32: =IF(C32=9,"",IF(C32=0,E32,IF(C32=1,IF(COUNT(E28:E36)=0,"",TRIMMEAN(E28:E36,0.5)),IF(D32="","",D32)))) -> 86.348
A33: 46273.615 | B33: 86.3878 | C33: 0 | E33: =IF(OR(C33=9,B33=""),"",B33-$C$3) -> 86.3578 | F33: =IF(C33=9,"",IF(C33=0,E33,IF(C33=1,IF(COUNT(E29:E37)=0,"",TRIMMEAN(E29:E37,0.5)),IF(D33="","",D33)))) -> 86.3578
A34: 46273.625 | B34: 85.8665 | C34: 0 | E34: =IF(OR(C34=9,B34=""),"",B34-$C$3) -> 85.8365 | F34: =IF(C34=9,"",IF(C34=0,E34,IF(C34=1,IF(COUNT(E30:E38)=0,"",TRIMMEAN(E30:E38,0.5)),IF(D34="","",D34)))) -> 85.8365
... A779: 46281.385 | B779: 84.7432 | C779: 0 | E779: =IF(OR(C779=9,B779=""),"",B779-$C$3) -> 84.7132 | F779: =IF(C779=9,"",IF(C779=0,E779,IF(C779=1,IF(COUNT(E775:E783)=0,"",TRIMMEAN(E775:E783,0.5)),IF(D779="","",D779)))) -> 84.7132
A780: 46281.396 | B780: 64.5202 | C780: 9 | E780: =IF(OR(C780=9,B780=""),"",B780-$C$3) | F780: =IF(C780=9,"",IF(C780=0,E780,IF(C780=1,IF(COUNT(E776:E784)=0,"",TRIMMEAN(E776:E784,0.5)),IF(D780="","",D780)))) | G780: equipo sin instalar
A781: 46281.406 | B781: -0.3046 | C781: 9 | E781: =IF(OR(C781=9,B781=""),"",B781-$C$3) | F781: =IF(C781=9,"",IF(C781=0,E781,IF(C781=1,IF(COUNT(E777:E785)=0,"",TRIMMEAN(E777:E785,0.5)),IF(D781="","",D781)))) | G781: equipo sin instalar
A782: 46281.417 | B782: -0.3558 | C782: 9 | E782: =IF(OR(C782=9,B782=""),"",B782-$C$3) | F782: =IF(C782=9,"",IF(C782=0,E782,IF(C782=1,IF(COUNT(E778:E786)=0,"",TRIMMEAN(E778:E786,0.5)),IF(D782="","",D782)))) | G782: equipo sin instalar
A783: 46281.427 | B783: -0.2684 | C783: 9 | E783: =IF(OR(C783=9,B783=""),"",B783-$C$3) | F783: =IF(C783=9,"",IF(C783=0,E783,IF(C783=1,IF(COUNT(E779:E787)=0,"",TRIMMEAN(E779:E787,0.5)),IF(D783="","",D783)))) | G783: equipo sin instalar
A784: 46281.438 | B784: -0.3845 | C784: 9 | E784: =IF(OR(C784=9,B784=""),"",B784-$C$3) | F784: =IF(C784=9,"",IF(C784=0,E784,IF(C784=1,IF(COUNT(E780:E788)=0,"",TRIMMEAN(E780:E788,0.5)),IF(D784="","",D784)))) | G784: equipo sin instalar
A785: 46281.448 | B785: -0.7591 | C785: 9 | E785: =IF(OR(C785=9,B785=""),"",B785-$C$3) | F785: =IF(C785=9,"",IF(C785=0,E785,IF(C785=1,IF(COUNT(E781:E789)=0,"",TRIMMEAN(E781:E789,0.5)),IF(D785="","",D785)))) | G785: equipo sin instalar
A786: 46281.458 | B786: -0.6893 | C786: 9 | E786: =IF(OR(C786=9,B786=""),"",B786-$C$3) | F786: =IF(C786=9,"",IF(C786=0,E786,IF(C786=1,IF(COUNT(E782:E790)=0,"",TRIMMEAN(E782:E790,0.5)),IF(D786="","",D786)))) | G786: equipo sin instalar
A787: 46281.469 | B787: -0.6097 | C787: 9 | E787: =IF(OR(C787=9,B787=""),"",B787-$C$3) | F787: =IF(C787=9,"",IF(C787=0,E787,IF(C787=1,IF(COUNT(E783:E791)=0,"",TRIMMEAN(E783:E791,0.5)),IF(D787="","",D787)))) | G787: equipo sin instalar
A788: 46281.479 | B788: -0.5377 | C788: 9 | E788: =IF(OR(C788=9,B788=""),"",B788-$C$3) | F788: =IF(C788=9,"",IF(C788=0,E788,IF(C788=1,IF(COUNT(E784:E792)=0,"",TRIMMEAN(E784:E792,0.5)),IF(D788="","",D788)))) | G788: equipo sin instalar
A789: 46281.49 | B789: -0.451 | C789: 9 | E789: =IF(OR(C789=9,B789=""),"",B789-$C$3) | F789: =IF(C789=9,"",IF(C789=0,E789,IF(C789=1,IF(COUNT(E785:E793)=0,"",TRIMMEAN(E785:E793,0.5)),IF(D789="","",D789)))) | G789: equipo sin instalar
A790: 46281.5 | B790: -0.3745 | C790: 9 | E790: =IF(OR(C790=9,B790=""),"",B790-$C$3) | F790: =IF(C790=9,"",IF(C790=0,E790,IF(C790=1,IF(COUNT(E786:E794)=0,"",TRIMMEAN(E786:E794,0.5)),IF(D790="","",D790)))) | G790: equipo sin instalar
A791: 46281.51 | B791: -0.2893 | C791: 9 | E791: =IF(OR(C791=9,B791=""),"",B791-$C$3) | F791: =IF(C791=9,"",IF(C791=0,E791,IF(C791=1,IF(COUNT(E787:E795)=0,"",TRIMMEAN(E787:E795,0.5)),IF(D791="","",D791)))) | G791: equipo sin instalar
... A802: 46281.625 | B802: 0.0468 | C802: 9 | E802: =IF(OR(C802=9,B802=""),"",B802-$C$3) | F802: =IF(C802=9,"",IF(C802=0,E802,IF(C802=1,IF(COUNT(E798:E806)=0,"",TRIMMEAN(E798:E806,0.5)),IF(D802="","",D802)))) | G802: equipo sin instalar
A803: 46281.635 | B803: 0.0468 | C803: 9 | E803: =IF(OR(C803=9,B803=""),"",B803-$C$3) | F803: =IF(C803=9,"",IF(C803=0,E803,IF(C803=1,IF(COUNT(E799:E806)=0,"",TRIMMEAN(E799:E806,0.5)),IF(D803="","",D803)))) | G803: equipo sin instalar
A804: 46281.646 | B804: 0.049 | C804: 9 | E804: =IF(OR(C804=9,B804=""),"",B804-$C$3) | F804: =IF(C804=9,"",IF(C804=0,E804,IF(C804=1,IF(COUNT(E800:E806)=0,"",TRIMMEAN(E800:E806,0.5)),IF(D804="","",D804)))) | G804: equipo sin instalar
A805: 46281.656 | B805: 0.0539 | C805: 9 | E805: =IF(OR(C805=9,B805=""),"",B805-$C$3) | F805: =IF(C805=9,"",IF(C805=0,E805,IF(C805=1,IF(COUNT(E801:E806)=0,"",TRIMMEAN(E801:E806,0.5)),IF(D805="","",D805)))) | G805: equipo sin instalar
A806: 46281.667 | B806: 0.0423 | C806: 9 | E806: =IF(OR(C806=9,B806=""),"",B806-$C$3) | F806: =IF(C806=9,"",IF(C806=0,E806,IF(C806=1,IF(COUNT(E802:E806)=0,"",TRIMMEAN(E802:E806,0.5)),IF(D806="","",D806)))) | G806: equipo sin instalar

Sheet P8
A1: P8 · Presión (m) · VN3950311
A2: Válido (suavizado)
A3: Offset | C3: -0.28
A4: Ventana (lecturas a cada lado) | C4: 4
A6: Fecha y hora | B6: Dato inicial (m) | C6: Marca | D6: Reemplazo | E6: Corregido (m) | F6: Dato depurado (m) | G6: Motivo
A7: 46273.344 | B7: -0.2801 | C7: 9 | E7: =IF(OR(C7=9,B7=""),"",B7-$C$3) | F7: =IF(C7=9,"",IF(C7=0,E7,IF(C7=1,IF(COUNT(E7:E11)=0,"",TRIMMEAN(E7:E11,0.5)),IF(D7="","",D7)))) | G7: equipo sin instalar
A8: 46273.354 | B8: -0.2708 | C8: 9 | E8: =IF(OR(C8=9,B8=""),"",B8-$C$3) | F8: =IF(C8=9,"",IF(C8=0,E8,IF(C8=1,IF(COUNT(E7:E12)=0,"",TRIMMEAN(E7:E12,0.5)),IF(D8="","",D8)))) | G8: equipo sin instalar
A9: 46273.365 | B9: -0.8403 | C9: 9 | E9: =IF(OR(C9=9,B9=""),"",B9-$C$3) | F9: =IF(C9=9,"",IF(C9=0,E9,IF(C9=1,IF(COUNT(E7:E13)=0,"",TRIMMEAN(E7:E13,0.5)),IF(D9="","",D9)))) | G9: equipo sin instalar
A10: 46273.375 | B10: -0.8683 | C10: 9 | E10: =IF(OR(C10=9,B10=""),"",B10-$C$3) | F10: =IF(C10=9,"",IF(C10=0,E10,IF(C10=1,IF(COUNT(E7:E14)=0,"",TRIMMEAN(E7:E14,0.5)),IF(D10="","",D10)))) | G10: equipo sin instalar
A11: 46273.385 | B11: -0.8589 | C11: 9 | E11: =IF(OR(C11=9,B11=""),"",B11-$C$3) | F11: =IF(C11=9,"",IF(C11=0,E11,IF(C11=1,IF(COUNT(E7:E15)=0,"",TRIMMEAN(E7:E15,0.5)),IF(D11="","",D11)))) | G11: equipo sin instalar
A12: 46273.396 | B12: -0.8683 | C12: 9 | E12: =IF(OR(C12=9,B12=""),"",B12-$C$3) | F12: =IF(C12=9,"",IF(C12=0,E12,IF(C12=1,IF(COUNT(E8:E16)=0,"",TRIMMEAN(E8:E16,0.5)),IF(D12="","",D12)))) | G12: equipo sin instalar
A13: 46273.406 | B13: -0.8683 | C13: 9 | E13: =IF(OR(C13=9,B13=""),"",B13-$C$3) | F13: =IF(C13=9,"",IF(C13=0,E13,IF(C13=1,IF(COUNT(E9:E17)=0,"",TRIMMEAN(E9:E17,0.5)),IF(D13="","",D13)))) | G13: equipo sin instalar
A14: 46273.417 | B14: -0.8496 | C14: 9 | E14: =IF(OR(C14=9,B14=""),"",B14-$C$3) | F14: =IF(C14=9,"",IF(C14=0,E14,IF(C14=1,IF(COUNT(E10:E18)=0,"",TRIMMEAN(E10:E18,0.5)),IF(D14="","",D14)))) | G14: equipo sin instalar
A15: 46273.427 | B15: -0.5882 | C15: 9 | E15: =IF(OR(C15=9,B15=""),"",B15-$C$3) | F15: =IF(C15=9,"",IF(C15=0,E15,IF(C15=1,IF(COUNT(E11:E19)=0,"",TRIMMEAN(E11:E19,0.5)),IF(D15="","",D15)))) | G15: equipo sin instalar
A16: 46273.438 | B16: -0.3735 | C16: 9 | E16: =IF(OR(C16=9,B16=""),"",B16-$C$3) | F16: =IF(C16=9,"",IF(C16=0,E16,IF(C16=1,IF(COUNT(E12:E20)=0,"",TRIMMEAN(E12:E20,0.5)),IF(D16="","",D16)))) | G16: equipo sin instalar
A17: 46273.448 | B17: -0.3095 | C17: 9 | E17: =IF(OR(C17=9,B17=""),"",B17-$C$3) | F17: =IF(C17=9,"",IF(C17=0,E17,IF(C17=1,IF(COUNT(E13:E21)=0,"",TRIMMEAN(E13:E21,0.5)),IF(D17="","",D17)))) | G17: equipo sin instalar
A18: 46273.458 | B18: -0.2895 | C18: 9 | E18: =IF(OR(C18=9,B18=""),"",B18-$C$3) | F18: =IF(C18=9,"",IF(C18=0,E18,IF(C18=1,IF(COUNT(E14:E22)=0,"",TRIMMEAN(E14:E22,0.5)),IF(D18="","",D18)))) | G18: equipo sin instalar
A19: 46273.469 | B19: -0.283 | C19: 9 | E19: =IF(OR(C19=9,B19=""),"",B19-$C$3) | F19: =IF(C19=9,"",IF(C19=0,E19,IF(C19=1,IF(COUNT(E15:E23)=0,"",TRIMMEAN(E15:E23,0.5)),IF(D19="","",D19)))) | G19: equipo sin instalar
A20: 46273.479 | B20: -0.2544 | C20: 9 | E20: =IF(OR(C20=9,B20=""),"",B20-$C$3) | F20: =IF(C20=9,"",IF(C20=0,E20,IF(C20=1,IF(COUNT(E16:E24)=0,"",TRIMMEAN(E16:E24,0.5)),IF(D20="","",D20)))) | G20: equipo sin instalar
A21: 46273.49 | B21: -0.2492 | C21: 9 | E21: =IF(OR(C21=9,B21=""),"",B21-$C$3) | F21: =IF(C21=9,"",IF(C21=0,E21,IF(C21=1,IF(COUNT(E17:E25)=0,"",TRIMMEAN(E17:E25,0.5)),IF(D21="","",D21)))) | G21: equipo sin instalar
A22: 46273.5 | B22: -0.2971 | C22: 9 | E22: =IF(OR(C22=9,B22=""),"",B22-$C$3) | F22: =IF(C22=9,"",IF(C22=0,E22,IF(C22=1,IF(COUNT(E18:E26)=0,"",TRIMMEAN(E18:E26,0.5)),IF(D22="","",D22)))) | G22: equipo sin instalar
... A24: 46273.521 | B24: 22.9054 | C24: 9 | E24: =IF(OR(C24=9,B24=""),"",B24-$C$3) | F24: =IF(C24=9,"",IF(C24=0,E24,IF(C24=1,IF(COUNT(E20:E28)=0,"",TRIMMEAN(E20:E28,0.5)),IF(D24="","",D24)))) | G24: equipo sin instalar
A25: 46273.531 | B25: 56.2808 | C25: 0 | E25: =IF(OR(C25=9,B25=""),"",B25-$C$3) -> 56.5608 | F25: =IF(C25=9,"",IF(C25=0,E25,IF(C25=1,IF(COUNT(E21:E29)=0,"",TRIMMEAN(E21:E29,0.5)),IF(D25="","",D25)))) -> 56.5608
A26: 46273.542 | B26: 61.7483 | C26: 0 | E26: =IF(OR(C26=9,B26=""),"",B26-$C$3) -> 62.0283 | F26: =IF(C26=9,"",IF(C26=0,E26,IF(C26=1,IF(COUNT(E22:E30)=0,"",TRIMMEAN(E22:E30,0.5)),IF(D26="","",D26)))) -> 62.0283
A27: 46273.552 | B27: 62.0588 | C27: 0 | E27: =IF(OR(C27=9,B27=""),"",B27-$C$3) -> 62.3388 | F27: =IF(C27=9,"",IF(C27=0,E27,IF(C27=1,IF(COUNT(E23:E31)=0,"",TRIMMEAN(E23:E31,0.5)),IF(D27="","",D27)))) -> 62.3388
A28: 46273.562 | B28: 61.9566 | C28: 0 | E28: =IF(OR(C28=9,B28=""),"",B28-$C$3) -> 62.2366 | F28: =IF(C28=9,"",IF(C28=0,E28,IF(C28=1,IF(COUNT(E24:E32)=0,"",TRIMMEAN(E24:E32,0.5)),IF(D28="","",D28)))) -> 62.2366
A29: 46273.573 | B29: 61.8453 | C29: 0 | E29: =IF(OR(C29=9,B29=""),"",B29-$C$3) -> 62.1253 | F29: =IF(C29=9,"",IF(C29=0,E29,IF(C29=1,IF(COUNT(E25:E33)=0,"",TRIMMEAN(E25:E33,0.5)),IF(D29="","",D29)))) -> 62.1253
A30: 46273.583 | B30: 62.5377 | C30: 0 | E30: =IF(OR(C30=9,B30=""),"",B30-$C$3) -> 62.8177 | F30: =IF(C30=9,"",IF(C30=0,E30,IF(C30=1,IF(COUNT(E26:E34)=0,"",TRIMMEAN(E26:E34,0.5)),IF(D30="","",D30)))) -> 62.8177
A31: 46273.594 | B31: 61.6587 | C31: 0 | E31: =IF(OR(C31=9,B31=""),"",B31-$C$3) -> 61.9387 | F31: =IF(C31=9,"",IF(C31=0,E31,IF(C31=1,IF(COUNT(E27:E35)=0,"",TRIMMEAN(E27:E35,0.5)),IF(D31="","",D31)))) -> 61.9387
A32: 46273.604 | B32: 62.1349 | C32: 0 | E32: =IF(OR(C32=9,B32=""),"",B32-$C$3) -> 62.4149 | F32: =IF(C32=9,"",IF(C32=0,E32,IF(C32=1,IF(COUNT(E28:E36)=0,"",TRIMMEAN(E28:E36,0.5)),IF(D32="","",D32)))) -> 62.4149
A33: 46273.615 | B33: 62.3863 | C33: 0 | E33: =IF(OR(C33=9,B33=""),"",B33-$C$3) -> 62.6663 | F33: =IF(C33=9,"",IF(C33=0,E33,IF(C33=1,IF(COUNT(E29:E37)=0,"",TRIMMEAN(E29:E37,0.5)),IF(D33="","",D33)))) -> 62.6663
A34: 46273.625 | B34: 62.3839 | C34: 0 | E34: =IF(OR(C34=9,B34=""),"",B34-$C$3) -> 62.6639 | F34: =IF(C34=9,"",IF(C34=0,E34,IF(C34=1,IF(COUNT(E30:E38)=0,"",TRIMMEAN(E30:E38,0.5)),IF(D34="","",D34)))) -> 62.6639
A35: 46273.635 | B35: 62.9491 | C35: 0 | E35: =IF(OR(C35=9,B35=""),"",B35-$C$3) -> 63.2291 | F35: =IF(C35=9,"",IF(C35=0,E35,IF(C35=1,IF(COUNT(E31:E39)=0,"",TRIMMEAN(E31:E39,0.5)),IF(D35="","",D35)))) -> 63.2291
A36: 46273.646 | B36: 63.0747 | C36: 0 | E36: =IF(OR(C36=9,B36=""),"",B36-$C$3) -> 63.3547 | F36: =IF(C36=9,"",IF(C36=0,E36,IF(C36=1,IF(COUNT(E32:E40)=0,"",TRIMMEAN(E32:E40,0.5)),IF(D36="","",D36)))) -> 63.3547
... A312: 46276.521 | B312: 58.1801 | C312: 0 | E312: =IF(OR(C312=9,B312=""),"",B312-$C$3) -> 58.4601 | F312: =IF(C312=9,"",IF(C312=0,E312,IF(C312=1,IF(COUNT(E308:E316)=0,"",TRIMMEAN(E308:E316,0.5)),IF(D312="","",D312)))) -> 58.4601
A313: 46276.531 | B313: 51.127 | C313: 2 | D313: 59.4026 | E313: =IF(OR(C313=9,B313=""),"",B313-$C$3) -> 51.407 | F313: =IF(C313=9,"",IF(C313=0,E313,IF(C313=1,IF(COUNT(E309:E317)=0,"",TRIMMEAN(E309:E317,0.5)),IF(D313="","",D313)))) -> 59.4026 | G313: pico aislado
A314: 46276.542 | B314: 60.0652 | C314: 0 | E314: =IF(OR(C314=9,B314=""),"",B314-$C$3) -> 60.3452 | F314: =IF(C314=9,"",IF(C314=0,E314,IF(C314=1,IF(COUNT(E310:E318)=0,"",TRIMMEAN(E310:E318,0.5)),IF(D314="","",D314)))) -> 60.3452
A315: 46276.552 | B315: 61.0689 | C315: 0 | E315: =IF(OR(C315=9,B315=""),"",B315-$C$3) -> 61.3489 | F315: =IF(C315=9,"",IF(C315=0,E315,IF(C315=1,IF(COUNT(E311:E319)=0,"",TRIMMEAN(E311:E319,0.5)),IF(D315="","",D315)))) -> 61.3489
A316: 46276.562 | B316: 59.5344 | C316: 0 | E316: =IF(OR(C316=9,B316=""),"",B316-$C$3) -> 59.8144 | F316: =IF(C316=9,"",IF(C316=0,E316,IF(C316=1,IF(COUNT(E312:E320)=0,"",TRIMMEAN(E312:E320,0.5)),IF(D316="","",D316)))) -> 59.8144
A317: 46276.573 | B317: 69.2602 | C317: 2 | D317: 58.7925 | E317: =IF(OR(C317=9,B317=""),"",B317-$C$3) -> 69.5402 | F317: =IF(C317=9,"",IF(C317=0,E317,IF(C317=1,IF(COUNT(E313:E321)=0,"",TRIMMEAN(E313:E321,0.5)),IF(D317="","",D317)))) -> 58.7925 | G317: pico aislado
A318: 46276.583 | B318: 46.0681 | C318: 2 | D318: 57.7707 | E318: =IF(OR(C318=9,B318=""),"",B318-$C$3) -> 46.3481 | F318: =IF(C318=9,"",IF(C318=0,E318,IF(C318=1,IF(COUNT(E314:E322)=0,"",TRIMMEAN(E314:E322,0.5)),IF(D318="","",D318)))) -> 57.7707 | G318: pico aislado
A319: 46276.594 | B319: 56.4688 | C319: 0 | E319: =IF(OR(C319=9,B319=""),"",B319-$C$3) -> 56.7488 | F319: =IF(C319=9,"",IF(C319=0,E319,IF(C319=1,IF(COUNT(E315:E323)=0,"",TRIMMEAN(E315:E323,0.5)),IF(D319="","",D319)))) -> 56.7488
A320: 46276.604 | B320: 59.7444 | C320: 0 | E320: =IF(OR(C320=9,B320=""),"",B320-$C$3) -> 60.0244 | F320: =IF(C320=9,"",IF(C320=0,E320,IF(C320=1,IF(COUNT(E316:E324)=0,"",TRIMMEAN(E316:E324,0.5)),IF(D320="","",D320)))) -> 60.0244
A321: 46276.615 | B321: 41.0959 | C321: 2 | D321: 61.18 | E321: =IF(OR(C321=9,B321=""),"",B321-$C$3) -> 41.3759 | F321: =IF(C321=9,"",IF(C321=0,E321,IF(C321=1,IF(COUNT(E317:E325)=0,"",TRIMMEAN(E317:E325,0.5)),IF(D321="","",D321)))) -> 61.18 | G321: pico aislado
A322: 46276.625 | B322: 62.0555 | C322: 0 | E322: =IF(OR(C322=9,B322=""),"",B322-$C$3) -> 62.3355 | F322: =IF(C322=9,"",IF(C322=0,E322,IF(C322=1,IF(COUNT(E318:E326)=0,"",TRIMMEAN(E318:E326,0.5)),IF(D322="","",D322)))) -> 62.3355
A323: 46276.635 | B323: 43.0934 | C323: 2 | D323: 61.8854 | E323: =IF(OR(C323=9,B323=""),"",B323-$C$3) -> 43.3734 | F323: =IF(C323=9,"",IF(C323=0,E323,IF(C323=1,IF(COUNT(E319:E327)=0,"",TRIMMEAN(E319:E327,0.5)),IF(D323="","",D323)))) -> 61.8854 | G323: pico aislado
A324: 46276.646 | B324: 61.1552 | C324: 0 | E324: =IF(OR(C324=9,B324=""),"",B324-$C$3) -> 61.4352 | F324: =IF(C324=9,"",IF(C324=0,E324,IF(C324=1,IF(COUNT(E320:E328)=0,"",TRIMMEAN(E320:E328,0.5)),IF(D324="","",D324)))) -> 61.4352
A325: 46276.656 | B325: 57.5828 | C325: 0 | E325: =IF(OR(C325=9,B325=""),"",B325-$C$3) -> 57.8628 | F325: =IF(C325=9,"",IF(C325=0,E325,IF(C325=1,IF(COUNT(E321:E329)=0,"",TRIMMEAN(E321:E329,0.5)),IF(D325="","",D325)))) -> 57.8628
A326: 46276.667 | B326: 58.2735 | C326: 0 | E326: =IF(OR(C326=9,B326=""),"",B326-$C$3) -> 58.5535 | F326: =IF(C326=9,"",IF(C326=0,E326,IF(C326=1,IF(COUNT(E322:E330)=0,"",TRIMMEAN(E322:E330,0.5)),IF(D326="","",D326)))) -> 58.5535
A327: 46276.677 | B327: 57.8903 | C327: 0 | E327: =IF(OR(C327=9,B327=""),"",B327-$C$3) -> 58.1703 | F327: =IF(C327=9,"",IF(C327=0,E327,IF(C327=1,IF(COUNT(E323:E331)=0,"",TRIMMEAN(E323:E331,0.5)),IF(D327="","",D327)))) -> 58.1703
A328: 46276.688 | B328: 49.0415 | C328: 2 | D328: 59.1637 | E328: =IF(OR(C328=9,B328=""),"",B328-$C$3) -> 49.3215 | F328: =IF(C328=9,"",IF(C328=0,E328,IF(C328=1,IF(COUNT(E324:E332)=0,"",TRIMMEAN(E324:E332,0.5)),IF(D328="","",D328)))) -> 59.1637 | G328: pico aislado
A329: 46276.698 | B329: 59.877 | C329: 0 | E329: =IF(OR(C329=9,B329=""),"",B329-$C$3) -> 60.157 | F329: =IF(C329=9,"",IF(C329=0,E329,IF(C329=1,IF(COUNT(E325:E333)=0,"",TRIMMEAN(E325:E333,0.5)),IF(D329="","",D329)))) -> 60.157
A330: 46276.708 | B330: 62.8103 | C330: 0 | E330: =IF(OR(C330=9,B330=""),"",B330-$C$3) -> 63.0903 | F330: =IF(C330=9,"",IF(C330=0,E330,IF(C330=1,IF(COUNT(E326:E334)=0,"",TRIMMEAN(E326:E334,0.5)),IF(D330="","",D330)))) -> 63.0903
A331: 46276.719 | B331: 61.4786 | C331: 0 | E331: =IF(OR(C331=9,B331=""),"",B331-$C$3) -> 61.7586 | F331: =IF(C331=9,"",IF(C331=0,E331,IF(C331=1,IF(COUNT(E327:E335)=0,"",TRIMMEAN(E327:E335,0.5)),IF(D331="","",D331)))) -> 61.7586
A332: 46276.729 | B332: 43.391 | C332: 2 | D332: 61.8531 | E332: =IF(OR(C332=9,B332=""),"",B332-$C$3) -> 43.671 | F332: =IF(C332=9,"",IF(C332=0,E332,IF(C332=1,IF(COUNT(E328:E336)=0,"",TRIMMEAN(E328:E336,0.5)),IF(D332="","",D332)))) -> 61.8531 | G332: pico aislado
A333: 46276.74 | B333: 46.6277 | C333: 2 | D333: 61.9475 | E333: =IF(OR(C333=9,B333=""),"",B333-$C$3) -> 46.9077 | F333: =IF(C333=9,"",IF(C333=0,E333,IF(C333=1,IF(COUNT(E329:E337)=0,"",TRIMMEAN(E329:E337,0.5)),IF(D333="","",D333)))) -> 61.9475 | G333: pico aislado
A334: 46276.75 | B334: 52.4889 | C334: 2 | D334: 62.0419 | E334: =IF(OR(C334=9,B334=""),"",B334-$C$3) -> 52.7689 | F334: =IF(C334=9,"",IF(C334=0,E334,IF(C334=1,IF(COUNT(E330:E338)=0,"",TRIMMEAN(E330:E338,0.5)),IF(D334="","",D334)))) -> 62.0419 | G334: pico aislado
A335: 46276.76 | B335: 61.8564 | C335: 0 | E335: =IF(OR(C335=9,B335=""),"",B335-$C$3) -> 62.1364 | F335: =IF(C335=9,"",IF(C335=0,E335,IF(C335=1,IF(COUNT(E331:E339)=0,"",TRIMMEAN(E331:E339,0.5)),IF(D335="","",D335)))) -> 62.1364
A336: 46276.771 | B336: 63.3608 | C336: 0 | E336: =IF(OR(C336=9,B336=""),"",B336-$C$3) -> 63.6408 | F336: =IF(C336=9,"",IF(C336=0,E336,IF(C336=1,IF(COUNT(E332:E340)=0,"",TRIMMEAN(E332:E340,0.5)),IF(D336="","",D336)))) -> 63.6408
A337: 46276.781 | B337: 62.3779 | C337: 0 | E337: =IF(OR(C337=9,B337=""),"",B337-$C$3) -> 62.6579 | F337: =IF(C337=9,"",IF(C337=0,E337,IF(C337=1,IF(COUNT(E333:E341)=0,"",TRIMMEAN(E333:E341,0.5)),IF(D337="","",D337)))) -> 62.6579
A338: 46276.792 | B338: 70.4971 | C338: 2 | D338: 62.4895 | E338: =IF(OR(C338=9,B338=""),"",B338-$C$3) -> 70.7771 | F338: =IF(C338=9,"",IF(C338=0,E338,IF(C338=1,IF(COUNT(E334:E342)=0,"",TRIMMEAN(E334:E342,0.5)),IF(D338="","",D338)))) -> 62.4895 | G338: pico aislado
A339: 46276.802 | B339: 48.3239 | C339: 2 | D339: 62.3212 | E339: =IF(OR(C339=9,B339=""),"",B339-$C$3) -> 48.6039 | F339: =IF(C339=9,"",IF(C339=0,E339,IF(C339=1,IF(COUNT(E335:E343)=0,"",TRIMMEAN(E335:E343,0.5)),IF(D339="","",D339)))) -> 62.3212 | G339: pico aislado
A340: 46276.812 | B340: 61.8728 | C340: 0 | E340: =IF(OR(C340=9,B340=""),"",B340-$C$3) -> 62.1528 | F340: =IF(C340=9,"",IF(C340=0,E340,IF(C340=1,IF(COUNT(E336:E344)=0,"",TRIMMEAN(E336:E344,0.5)),IF(D340="","",D340)))) -> 62.1528
A341: 46276.823 | B341: 63.1008 | C341: 0 | E341: =IF(OR(C341=9,B341=""),"",B341-$C$3) -> 63.3808 | F341: =IF(C341=9,"",IF(C341=0,E341,IF(C341=1,IF(COUNT(E337:E345)=0,"",TRIMMEAN(E337:E345,0.5)),IF(D341="","",D341)))) -> 63.3808
A342: 46276.833 | B342: 63.1295 | C342: 0 | E342: =IF(OR(C342=9,B342=""),"",B342-$C$3) -> 63.4095 | F342: =IF(C342=9,"",IF(C342=0,E342,IF(C342=1,IF(COUNT(E338:E346)=0,"",TRIMMEAN(E338:E346,0.5)),IF(D342="","",D342)))) -> 63.4095
A343: 46276.844 | B343: 62.2778 | C343: 0 | E343: =IF(OR(C343=9,B343=""),"",B343-$C$3) -> 62.5578 | F343: =IF(C343=9,"",IF(C343=0,E343,IF(C343=1,IF(COUNT(E339:E347)=0,"",TRIMMEAN(E339:E347,0.5)),IF(D343="","",D343)))) -> 62.5578
A344: 46276.854 | B344: 62.5319 | C344: 0 | E344: =IF(OR(C344=9,B344=""),"",B344-$C$3) -> 62.8119 | F344: =IF(C344=9,"",IF(C344=0,E344,IF(C344=1,IF(COUNT(E340:E348)=0,"",TRIMMEAN(E340:E348,0.5)),IF(D344="","",D344)))) -> 62.8119
A345: 46276.865 | B345: 61.9934 | C345: 0 | E345: =IF(OR(C345=9,B345=""),"",B345-$C$3) -> 62.2734 | F345: =IF(C345=9,"",IF(C345=0,E345,IF(C345=1,IF(COUNT(E341:E349)=0,"",TRIMMEAN(E341:E349,0.5)),IF(D345="","",D345)))) -> 62.2734
A346: 46276.875 | B346: 63.1049 | C346: 0 | E346: =IF(OR(C346=9,B346=""),"",B346-$C$3) -> 63.3849 | F346: =IF(C346=9,"",IF(C346=0,E346,IF(C346=1,IF(COUNT(E342:E350)=0,"",TRIMMEAN(E342:E350,0.5)),IF(D346="","",D346)))) -> 63.3849
A347: 46276.885 | B347: 64.1899 | C347: 0 | E347: =IF(OR(C347=9,B347=""),"",B347-$C$3) -> 64.4699 | F347: =IF(C347=9,"",IF(C347=0,E347,IF(C347=1,IF(COUNT(E343:E351)=0,"",TRIMMEAN(E343:E351,0.5)),IF(D347="","",D347)))) -> 64.4699
A348: 46276.896 | B348: 63.329 | C348: 0 | E348: =IF(OR(C348=9,B348=""),"",B348-$C$3) -> 63.609 | F348: =IF(C348=9,"",IF(C348=0,E348,IF(C348=1,IF(COUNT(E344:E352)=0,"",TRIMMEAN(E344:E352,0.5)),IF(D348="","",D348)))) -> 63.609
A349: 46276.906 | B349: 63.6538 | C349: 0 | E349: =IF(OR(C349=9,B349=""),"",B349-$C$3) -> 63.9338 | F349: =IF(C349=9,"",IF(C349=0,E349,IF(C349=1,IF(COUNT(E345:E353)=0,"",TRIMMEAN(E345:E353,0.5)),IF(D349="","",D349)))) -> 63.9338
A350: 46276.917 | B350: 63.8651 | C350: 0 | E350: =IF(OR(C350=9,B350=""),"",B350-$C$3) -> 64.1451 | F350: =IF(C350=9,"",IF(C350=0,E350,IF(C350=1,IF(COUNT(E346:E354)=0,"",TRIMMEAN(E346:E354,0.5)),IF(D350="","",D350)))) -> 64.1451
A351: 46276.927 | B351: 63.8717 | C351: 0 | E351: =IF(OR(C351=9,B351=""),"",B351-$C$3) -> 64.1517 | F351: =IF(C351=9,"",IF(C351=0,E351,IF(C351=1,IF(COUNT(E347:E355)=0,"",TRIMMEAN(E347:E355,0.5)),IF(D351="","",D351)))) -> 64.1517
... A354: 46276.958 | B354: 63.5211 | C354: 0 | E354: =IF(OR(C354=9,B354=""),"",B354-$C$3) -> 63.8011 | F354: =IF(C354=9,"",IF(C354=0,E354,IF(C354=1,IF(COUNT(E350:E358)=0,"",TRIMMEAN(E350:E358,0.5)),IF(D354="","",D354)))) -> 63.8011
A355: 46276.969 | B355: 76.3326 | C355: 2 | D355: 62.0315 | E355: =IF(OR(C355=9,B355=""),"",B355-$C$3) -> 76.6126 | F355: =IF(C355=9,"",IF(C355=0,E355,IF(C355=1,IF(COUNT(E351:E359)=0,"",TRIMMEAN(E351:E359,0.5)),IF(D355="","",D355)))) -> 62.0315 | G355: pico aislado
A356: 46276.979 | B356: 59.9818 | C356: 0 | E356: =IF(OR(C356=9,B356=""),"",B356-$C$3) -> 60.2618 | F356: =IF(C356=9,"",IF(C356=0,E356,IF(C356=1,IF(COUNT(E352:E360)=0,"",TRIMMEAN(E352:E360,0.5)),IF(D356="","",D356)))) -> 60.2618
A357: 46276.99 | B357: 43.0811 | C357: 2 | D357: 60.0301 | E357: =IF(OR(C357=9,B357=""),"",B357-$C$3) -> 43.3611 | F357: =IF(C357=9,"",IF(C357=0,E357,IF(C357=1,IF(COUNT(E353:E361)=0,"",TRIMMEAN(E353:E361,0.5)),IF(D357="","",D357)))) -> 60.0301 | G357: pico aislado
A358: 46277 | B358: 66.0153 | C358: 1 | E358: =IF(OR(C358=9,B358=""),"",B358-$C$3) -> 66.2953 | F358: =IF(C358=9,"",IF(C358=0,E358,IF(C358=1,IF(COUNT(E354:E362)=0,"",TRIMMEAN(E354:E362,0.5)),IF(D358="","",D358)))) -> 59.79838 | G358: oscilación más rápida que el registro → media recortada de 2 h
A359: 46277.01 | B359: 43.2735 | C359: 1 | E359: =IF(OR(C359=9,B359=""),"",B359-$C$3) -> 43.5535 | F359: =IF(C359=9,"",IF(C359=0,E359,IF(C359=1,IF(COUNT(E355:E363)=0,"",TRIMMEAN(E355:E363,0.5)),IF(D359="","",D359)))) -> 60.03808 | G359: oscilación más rápida que el registro → media recortada de 2 h
A360: 46277.021 | B360: 43.5741 | C360: 1 | E360: =IF(OR(C360=9,B360=""),"",B360-$C$3) -> 43.8541 | F360: =IF(C360=9,"",IF(C360=0,E360,IF(C360=1,IF(COUNT(E356:E364)=0,"",TRIMMEAN(E356:E364,0.5)),IF(D360="","",D360)))) -> 60.03808 | G360: oscilación más rápida que el registro → media recortada de 2 h
A361: 46277.031 | B361: 84.167 | C361: 1 | E361: =IF(OR(C361=9,B361=""),"",B361-$C$3) -> 84.447 | F361: =IF(C361=9,"",IF(C361=0,E361,IF(C361=1,IF(COUNT(E357:E365)=0,"",TRIMMEAN(E357:E365,0.5)),IF(D361="","",D361)))) -> 61.1626 | G361: oscilación más rápida que el registro → media recortada de 2 h
A362: 46277.042 | B362: 64.4996 | C362: 1 | E362: =IF(OR(C362=9,B362=""),"",B362-$C$3) -> 64.7796 | F362: =IF(C362=9,"",IF(C362=0,E362,IF(C362=1,IF(COUNT(E358:E366)=0,"",TRIMMEAN(E358:E366,0.5)),IF(D362="","",D362)))) -> 63.57198 | G362: oscilación más rápida que el registro → media recortada de 2 h
A363: 46277.052 | B363: 64.7196 | C363: 1 | E363: =IF(OR(C363=9,B363=""),"",B363-$C$3) -> 64.9996 | F363: =IF(C363=9,"",IF(C363=0,E363,IF(C363=1,IF(COUNT(E359:E367)=0,"",TRIMMEAN(E359:E367,0.5)),IF(D363="","",D363)))) -> 63.6949 | G363: oscilación más rápida que el registro → media recortada de 2 h
A364: 46277.062 | B364: 68.307 | C364: 1 | E364: =IF(OR(C364=9,B364=""),"",B364-$C$3) -> 68.587 | F364: =IF(C364=9,"",IF(C364=0,E364,IF(C364=1,IF(COUNT(E360:E368)=0,"",TRIMMEAN(E360:E368,0.5)),IF(D364="","",D364)))) -> 66.2321 | G364: oscilación más rápida que el registro → media recortada de 2 h
A365: 46277.073 | B365: 65.6044 | C365: 1 | E365: =IF(OR(C365=9,B365=""),"",B365-$C$3) -> 65.8844 | F365: =IF(C365=9,"",IF(C365=0,E365,IF(C365=1,IF(COUNT(E361:E369)=0,"",TRIMMEAN(E361:E369,0.5)),IF(D365="","",D365)))) -> 66.2321 | G365: oscilación más rápida que el registro → media recortada de 2 h
A366: 46277.083 | B366: 55.621 | C366: 1 | E366: =IF(OR(C366=9,B366=""),"",B366-$C$3) -> 55.901 | F366: =IF(C366=9,"",IF(C366=0,E366,IF(C366=1,IF(COUNT(E362:E370)=0,"",TRIMMEAN(E362:E370,0.5)),IF(D366="","",D366)))) -> 65.50334 | G366: oscilación más rápida que el registro → media recortada de 2 h
A367: 46277.094 | B367: 66.6299 | C367: 1 | E367: =IF(OR(C367=9,B367=""),"",B367-$C$3) -> 66.9099 | F367: =IF(C367=9,"",IF(C367=0,E367,IF(C367=1,IF(COUNT(E363:E371)=0,"",TRIMMEAN(E363:E371,0.5)),IF(D367="","",D367)))) -> 65.73116 | G367: oscilación más rápida que el registro → media recortada de 2 h
A368: 46277.104 | B368: 69.3805 | C368: 1 | E368: =IF(OR(C368=9,B368=""),"",B368-$C$3) -> 69.6605 | F368: =IF(C368=9,"",IF(C368=0,E368,IF(C368=1,IF(COUNT(E364:E372)=0,"",TRIMMEAN(E364:E372,0.5)),IF(D368="","",D368)))) -> 66.1869 | G368: oscilación más rápida que el registro → media recortada de 2 h
A369: 46277.115 | B369: 42.425 | C369: 1 | E369: =IF(OR(C369=9,B369=""),"",B369-$C$3) -> 42.705 | F369: =IF(C369=9,"",IF(C369=0,E369,IF(C369=1,IF(COUNT(E365:E373)=0,"",TRIMMEAN(E365:E373,0.5)),IF(D369="","",D369)))) -> 64.72822 | G369: oscilación más rápida que el registro → media recortada de 2 h
... A801: 46281.615 | B801: 0.019 | C801: 9 | E801: =IF(OR(C801=9,B801=""),"",B801-$C$3) | F801: =IF(C801=9,"",IF(C801=0,E801,IF(C801=1,IF(COUNT(E797:E805)=0,"",TRIMMEAN(E797:E805,0.5)),IF(D801="","",D801)))) | G801: equipo sin instalar
A802: 46281.625 | B802: 0.0464 | C802: 9 | E802: =IF(OR(C802=9,B802=""),"",B802-$C$3) | F802: =IF(C802=9,"",IF(C802=0,E802,IF(C802=1,IF(COUNT(E798:E805)=0,"",TRIMMEAN(E798:E805,0.5)),IF(D802="","",D802)))) | G802: equipo sin instalar
A803: 46281.635 | B803: 0.028 | C803: 9 | E803: =IF(OR(C803=9,B803=""),"",B803-$C$3) | F803: =IF(C803=9,"",IF(C803=0,E803,IF(C803=1,IF(COUNT(E799:E805)=0,"",TRIMMEAN(E799:E805,0.5)),IF(D803="","",D803)))) | G803: equipo sin instalar
A804: 46281.646 | B804: 0.028 | C804: 9 | E804: =IF(OR(C804=9,B804=""),"",B804-$C$3) | F804: =IF(C804=9,"",IF(C804=0,E804,IF(C804=1,IF(COUNT(E800:E805)=0,"",TRIMMEAN(E800:E805,0.5)),IF(D804="","",D804)))) | G804: equipo sin instalar
A805: 46281.656 | B805: 0.0281 | C805: 9 | E805: =IF(OR(C805=9,B805=""),"",B805-$C$3) | F805: =IF(C805=9,"",IF(C805=0,E805,IF(C805=1,IF(COUNT(E801:E805)=0,"",TRIMMEAN(E801:E805,0.5)),IF(D805="","",D805)))) | G805: equipo sin instalar

Sheet P9
A1: P9 · Presión (m) · VN3948722
A2: Válido
A3: Offset | C3: -1.3
A4: Ventana (lecturas a cada lado) | C4: 4
A6: Fecha y hora | B6: Dato inicial (m) | C6: Marca | D6: Reemplazo | E6: Corregido (m) | F6: Dato depurado (m) | G6: Motivo
A7: 46273.344 | B7: -1.5871 | C7: 9 | E7: =IF(OR(C7=9,B7=""),"",B7-$C$3) | F7: =IF(C7=9,"",IF(C7=0,E7,IF(C7=1,IF(COUNT(E7:E11)=0,"",TRIMMEAN(E7:E11,0.5)),IF(D7="","",D7)))) | G7: equipo sin instalar
A8: 46273.354 | B8: -1.6058 | C8: 9 | E8: =IF(OR(C8=9,B8=""),"",B8-$C$3) | F8: =IF(C8=9,"",IF(C8=0,E8,IF(C8=1,IF(COUNT(E7:E12)=0,"",TRIMMEAN(E7:E12,0.5)),IF(D8="","",D8)))) | G8: equipo sin instalar
A9: 46273.365 | B9: -2.1566 | C9: 9 | E9: =IF(OR(C9=9,B9=""),"",B9-$C$3) | F9: =IF(C9=9,"",IF(C9=0,E9,IF(C9=1,IF(COUNT(E7:E13)=0,"",TRIMMEAN(E7:E13,0.5)),IF(D9="","",D9)))) | G9: equipo sin instalar
A10: 46273.375 | B10: -2.1846 | C10: 9 | E10: =IF(OR(C10=9,B10=""),"",B10-$C$3) | F10: =IF(C10=9,"",IF(C10=0,E10,IF(C10=1,IF(COUNT(E7:E14)=0,"",TRIMMEAN(E7:E14,0.5)),IF(D10="","",D10)))) | G10: equipo sin instalar
A11: 46273.385 | B11: -2.1939 | C11: 9 | E11: =IF(OR(C11=9,B11=""),"",B11-$C$3) | F11: =IF(C11=9,"",IF(C11=0,E11,IF(C11=1,IF(COUNT(E7:E15)=0,"",TRIMMEAN(E7:E15,0.5)),IF(D11="","",D11)))) | G11: equipo sin instalar
A12: 46273.396 | B12: -2.1939 | C12: 9 | E12: =IF(OR(C12=9,B12=""),"",B12-$C$3) | F12: =IF(C12=9,"",IF(C12=0,E12,IF(C12=1,IF(COUNT(E8:E16)=0,"",TRIMMEAN(E8:E16,0.5)),IF(D12="","",D12)))) | G12: equipo sin instalar
A13: 46273.406 | B13: -2.2126 | C13: 9 | E13: =IF(OR(C13=9,B13=""),"",B13-$C$3) | F13: =IF(C13=9,"",IF(C13=0,E13,IF(C13=1,IF(COUNT(E9:E17)=0,"",TRIMMEAN(E9:E17,0.5)),IF(D13="","",D13)))) | G13: equipo sin instalar
A14: 46273.417 | B14: -2.1566 | C14: 9 | E14: =IF(OR(C14=9,B14=""),"",B14-$C$3) | F14: =IF(C14=9,"",IF(C14=0,E14,IF(C14=1,IF(COUNT(E10:E18)=0,"",TRIMMEAN(E10:E18,0.5)),IF(D14="","",D14)))) | G14: equipo sin instalar
A15: 46273.427 | B15: -1.9045 | C15: 9 | E15: =IF(OR(C15=9,B15=""),"",B15-$C$3) | F15: =IF(C15=9,"",IF(C15=0,E15,IF(C15=1,IF(COUNT(E11:E19)=0,"",TRIMMEAN(E11:E19,0.5)),IF(D15="","",D15)))) | G15: equipo sin instalar
A16: 46273.438 | B16: -1.6804 | C16: 9 | E16: =IF(OR(C16=9,B16=""),"",B16-$C$3) | F16: =IF(C16=9,"",IF(C16=0,E16,IF(C16=1,IF(COUNT(E12:E20)=0,"",TRIMMEAN(E12:E20,0.5)),IF(D16="","",D16)))) | G16: equipo sin instalar
A17: 46273.448 | B17: -1.6058 | C17: 9 | E17: =IF(OR(C17=9,B17=""),"",B17-$C$3) | F17: =IF(C17=9,"",IF(C17=0,E17,IF(C17=1,IF(COUNT(E13:E21)=0,"",TRIMMEAN(E13:E21,0.5)),IF(D17="","",D17)))) | G17: equipo sin instalar
A18: 46273.458 | B18: -1.5871 | C18: 9 | E18: =IF(OR(C18=9,B18=""),"",B18-$C$3) | F18: =IF(C18=9,"",IF(C18=0,E18,IF(C18=1,IF(COUNT(E14:E22)=0,"",TRIMMEAN(E14:E22,0.5)),IF(D18="","",D18)))) | G18: equipo sin instalar
A19: 46273.469 | B19: -1.5778 | C19: 9 | E19: =IF(OR(C19=9,B19=""),"",B19-$C$3) | F19: =IF(C19=9,"",IF(C19=0,E19,IF(C19=1,IF(COUNT(E15:E23)=0,"",TRIMMEAN(E15:E23,0.5)),IF(D19="","",D19)))) | G19: equipo sin instalar
A20: 46273.479 | B20: 61.3312 | C20: 9 | E20: =IF(OR(C20=9,B20=""),"",B20-$C$3) | F20: =IF(C20=9,"",IF(C20=0,E20,IF(C20=1,IF(COUNT(E16:E24)=0,"",TRIMMEAN(E16:E24,0.5)),IF(D20="","",D20)))) | G20: equipo sin instalar
A21: 46273.49 | B21: 84.3828 | C21: 0 | E21: =IF(OR(C21=9,B21=""),"",B21-$C$3) -> 85.6828 | F21: =IF(C21=9,"",IF(C21=0,E21,IF(C21=1,IF(COUNT(E17:E25)=0,"",TRIMMEAN(E17:E25,0.5)),IF(D21="","",D21)))) -> 85.6828
A22: 46273.5 | B22: 83.8743 | C22: 0 | E22: =IF(OR(C22=9,B22=""),"",B22-$C$3) -> 85.1743 | F22: =IF(C22=9,"",IF(C22=0,E22,IF(C22=1,IF(COUNT(E18:E26)=0,"",TRIMMEAN(E18:E26,0.5)),IF(D22="","",D22)))) -> 85.1743
A23: 46273.51 | B23: 76.7601 | C23: 0 | E23: =IF(OR(C23=9,B23=""),"",B23-$C$3) -> 78.0601 | F23: =IF(C23=9,"",IF(C23=0,E23,IF(C23=1,IF(COUNT(E19:E27)=0,"",TRIMMEAN(E19:E27,0.5)),IF(D23="","",D23)))) -> 78.0601
A24: 46273.521 | B24: 84.7833 | C24: 0 | E24: =IF(OR(C24=9,B24=""),"",B24-$C$3) -> 86.0833 | F24: =IF(C24=9,"",IF(C24=0,E24,IF(C24=1,IF(COUNT(E20:E28)=0,"",TRIMMEAN(E20:E28,0.5)),IF(D24="","",D24)))) -> 86.0833
A25: 46273.531 | B25: 88.5797 | C25: 0 | E25: =IF(OR(C25=9,B25=""),"",B25-$C$3) -> 89.8797 | F25: =IF(C25=9,"",IF(C25=0,E25,IF(C25=1,IF(COUNT(E21:E29)=0,"",TRIMMEAN(E21:E29,0.5)),IF(D25="","",D25)))) -> 89.8797
A26: 46273.542 | B26: 91.4288 | C26: 0 | E26: =IF(OR(C26=9,B26=""),"",B26-$C$3) -> 92.7288 | F26: =IF(C26=9,"",IF(C26=0,E26,IF(C26=1,IF(COUNT(E22:E30)=0,"",TRIMMEAN(E22:E30,0.5)),IF(D26="","",D26)))) -> 92.7288
A27: 46273.552 | B27: 82.4433 | C27: 0 | E27: =IF(OR(C27=9,B27=""),"",B27-$C$3) -> 83.7433 | F27: =IF(C27=9,"",IF(C27=0,E27,IF(C27=1,IF(COUNT(E23:E31)=0,"",TRIMMEAN(E23:E31,0.5)),IF(D27="","",D27)))) -> 83.7433
A28: 46273.562 | B28: 87.1361 | C28: 0 | E28: =IF(OR(C28=9,B28=""),"",B28-$C$3) -> 88.4361 | F28: =IF(C28=9,"",IF(C28=0,E28,IF(C28=1,IF(COUNT(E24:E32)=0,"",TRIMMEAN(E24:E32,0.5)),IF(D28="","",D28)))) -> 88.4361
A29: 46273.573 | B29: 92.7694 | C29: 0 | E29: =IF(OR(C29=9,B29=""),"",B29-$C$3) -> 94.0694 | F29: =IF(C29=9,"",IF(C29=0,E29,IF(C29=1,IF(COUNT(E25:E33)=0,"",TRIMMEAN(E25:E33,0.5)),IF(D29="","",D29)))) -> 94.0694
A30: 46273.583 | B30: 94.8836 | C30: 0 | E30: =IF(OR(C30=9,B30=""),"",B30-$C$3) -> 96.1836 | F30: =IF(C30=9,"",IF(C30=0,E30,IF(C30=1,IF(COUNT(E26:E34)=0,"",TRIMMEAN(E26:E34,0.5)),IF(D30="","",D30)))) -> 96.1836
A31: 46273.594 | B31: 99.3024 | C31: 0 | E31: =IF(OR(C31=9,B31=""),"",B31-$C$3) -> 100.6024 | F31: =IF(C31=9,"",IF(C31=0,E31,IF(C31=1,IF(COUNT(E27:E35)=0,"",TRIMMEAN(E27:E35,0.5)),IF(D31="","",D31)))) -> 100.6024
A32: 46273.604 | B32: 93.3207 | C32: 0 | E32: =IF(OR(C32=9,B32=""),"",B32-$C$3) -> 94.6207 | F32: =IF(C32=9,"",IF(C32=0,E32,IF(C32=1,IF(COUNT(E28:E36)=0,"",TRIMMEAN(E28:E36,0.5)),IF(D32="","",D32)))) -> 94.6207
... A147: 46274.802 | B147: 85.821 | C147: 0 | E147: =IF(OR(C147=9,B147=""),"",B147-$C$3) -> 87.121 | F147: =IF(C147=9,"",IF(C147=0,E147,IF(C147=1,IF(COUNT(E143:E151)=0,"",TRIMMEAN(E143:E151,0.5)),IF(D147="","",D147)))) -> 87.121
A148: 46274.812 | B148: 75.4997 | C148: 2 | D148: 84.1667 | E148: =IF(OR(C148=9,B148=""),"",B148-$C$3) -> 76.7997 | F148: =IF(C148=9,"",IF(C148=0,E148,IF(C148=1,IF(COUNT(E144:E152)=0,"",TRIMMEAN(E144:E152,0.5)),IF(D148="","",D148)))) -> 84.1667 | G148: pico aislado
A149: 46274.823 | B149: 79.9124 | C149: 0 | E149: =IF(OR(C149=9,B149=""),"",B149-$C$3) -> 81.2124 | F149: =IF(C149=9,"",IF(C149=0,E149,IF(C149=1,IF(COUNT(E145:E153)=0,"",TRIMMEAN(E145:E153,0.5)),IF(D149="","",D149)))) -> 81.2124
A150: 46274.833 | B150: 88.8054 | C150: 0 | E150: =IF(OR(C150=9,B150=""),"",B150-$C$3) -> 90.1054 | F150: =IF(C150=9,"",IF(C150=0,E150,IF(C150=1,IF(COUNT(E146:E154)=0,"",TRIMMEAN(E146:E154,0.5)),IF(D150="","",D150)))) -> 90.1054
A151: 46274.844 | B151: 86.4366 | C151: 0 | E151: =IF(OR(C151=9,B151=""),"",B151-$C$3) -> 87.7366 | F151: =IF(C151=9,"",IF(C151=0,E151,IF(C151=1,IF(COUNT(E147:E155)=0,"",TRIMMEAN(E147:E155,0.5)),IF(D151="","",D151)))) -> 87.7366
A152: 46274.854 | B152: 91.1592 | C152: 0 | E152: =IF(OR(C152=9,B152=""),"",B152-$C$3) -> 92.4592 | F152: =IF(C152=9,"",IF(C152=0,E152,IF(C152=1,IF(COUNT(E148:E156)=0,"",TRIMMEAN(E148:E156,0.5)),IF(D152="","",D152)))) -> 92.4592
A153: 46274.865 | B153: 90.6844 | C153: 0 | E153: =IF(OR(C153=9,B153=""),"",B153-$C$3) -> 91.9844 | F153: =IF(C153=9,"",IF(C153=0,E153,IF(C153=1,IF(COUNT(E149:E157)=0,"",TRIMMEAN(E149:E157,0.5)),IF(D153="","",D153)))) -> 91.9844
A154: 46274.875 | B154: 88.6511 | C154: 0 | E154: =IF(OR(C154=9,B154=""),"",B154-$C$3) -> 89.9511 | F154: =IF(C154=9,"",IF(C154=0,E154,IF(C154=1,IF(COUNT(E150:E158)=0,"",TRIMMEAN(E150:E158,0.5)),IF(D154="","",D154)))) -> 89.9511
A155: 46274.885 | B155: 90.7561 | C155: 0 | E155: =IF(OR(C155=9,B155=""),"",B155-$C$3) -> 92.0561 | F155: =IF(C155=9,"",IF(C155=0,E155,IF(C155=1,IF(COUNT(E151:E159)=0,"",TRIMMEAN(E151:E159,0.5)),IF(D155="","",D155)))) -> 92.0561
A156: 46274.896 | B156: 95.976 | C156: 0 | E156: =IF(OR(C156=9,B156=""),"",B156-$C$3) -> 97.276 | F156: =IF(C156=9,"",IF(C156=0,E156,IF(C156=1,IF(COUNT(E152:E160)=0,"",TRIMMEAN(E152:E160,0.5)),IF(D156="","",D156)))) -> 97.276
A157: 46274.906 | B157: 95.9954 | C157: 0 | E157: =IF(OR(C157=9,B157=""),"",B157-$C$3) -> 97.2954 | F157: =IF(C157=9,"",IF(C157=0,E157,IF(C157=1,IF(COUNT(E153:E161)=0,"",TRIMMEAN(E153:E161,0.5)),IF(D157="","",D157)))) -> 97.2954
A158: 46274.917 | B158: 97.8401 | C158: 0 | E158: =IF(OR(C158=9,B158=""),"",B158-$C$3) -> 99.1401 | F158: =IF(C158=9,"",IF(C158=0,E158,IF(C158=1,IF(COUNT(E154:E162)=0,"",TRIMMEAN(E154:E162,0.5)),IF(D158="","",D158)))) -> 99.1401
A159: 46274.927 | B159: 99.4713 | C159: 0 | E159: =IF(OR(C159=9,B159=""),"",B159-$C$3) -> 100.7713 | F159: =IF(C159=9,"",IF(C159=0,E159,IF(C159=1,IF(COUNT(E155:E163)=0,"",TRIMMEAN(E155:E163,0.5)),IF(D159="","",D159)))) -> 100.7713
A160: 46274.938 | B160: 101.5026 | C160: 0 | E160: =IF(OR(C160=9,B160=""),"",B160-$C$3) -> 102.8026 | F160: =IF(C160=9,"",IF(C160=0,E160,IF(C160=1,IF(COUNT(E156:E164)=0,"",TRIMMEAN(E156:E164,0.5)),IF(D160="","",D160)))) -> 102.8026
... A524: 46278.729 | B524: 71.5232 | C524: 0 | E524: =IF(OR(C524=9,B524=""),"",B524-$C$3) -> 72.8232 | F524: =IF(C524=9,"",IF(C524=0,E524,IF(C524=1,IF(COUNT(E520:E528)=0,"",TRIMMEAN(E520:E528,0.5)),IF(D524="","",D524)))) -> 72.8232
A525: 46278.74 | B525: 60.6618 | C525: 2 | D525: 72.4705 | E525: =IF(OR(C525=9,B525=""),"",B525-$C$3) -> 61.9618 | F525: =IF(C525=9,"",IF(C525=0,E525,IF(C525=1,IF(COUNT(E521:E529)=0,"",TRIMMEAN(E521:E529,0.5)),IF(D525="","",D525)))) -> 72.4705 | G525: pico aislado
A526: 46278.75 | B526: 61.5292 | C526: 2 | D526: 72.1177 | E526: =IF(OR(C526=9,B526=""),"",B526-$C$3) -> 62.8292 | F526: =IF(C526=9,"",IF(C526=0,E526,IF(C526=1,IF(COUNT(E522:E530)=0,"",TRIMMEAN(E522:E530,0.5)),IF(D526="","",D526)))) -> 72.1177 | G526: pico aislado
A527: 46278.76 | B527: 70.465 | C527: 0 | E527: =IF(OR(C527=9,B527=""),"",B527-$C$3) -> 71.765 | F527: =IF(C527=9,"",IF(C527=0,E527,IF(C527=1,IF(COUNT(E523:E531)=0,"",TRIMMEAN(E523:E531,0.5)),IF(D527="","",D527)))) -> 71.765
A528: 46278.771 | B528: 73.9127 | C528: 0 | E528: =IF(OR(C528=9,B528=""),"",B528-$C$3) -> 75.2127 | F528: =IF(C528=9,"",IF(C528=0,E528,IF(C528=1,IF(COUNT(E524:E532)=0,"",TRIMMEAN(E524:E532,0.5)),IF(D528="","",D528)))) -> 75.2127
A529: 46278.781 | B529: 73.4249 | C529: 0 | E529: =IF(OR(C529=9,B529=""),"",B529-$C$3) -> 74.7249 | F529: =IF(C529=9,"",IF(C529=0,E529,IF(C529=1,IF(COUNT(E525:E533)=0,"",TRIMMEAN(E525:E533,0.5)),IF(D529="","",D529)))) -> 74.7249
A530: 46278.792 | B530: 72.3621 | C530: 0 | E530: =IF(OR(C530=9,B530=""),"",B530-$C$3) -> 73.6621 | F530: =IF(C530=9,"",IF(C530=0,E530,IF(C530=1,IF(COUNT(E526:E534)=0,"",TRIMMEAN(E526:E534,0.5)),IF(D530="","",D530)))) -> 73.6621
A531: 46278.802 | B531: 69.6989 | C531: 0 | E531: =IF(OR(C531=9,B531=""),"",B531-$C$3) -> 70.9989 | F531: =IF(C531=9,"",IF(C531=0,E531,IF(C531=1,IF(COUNT(E527:E535)=0,"",TRIMMEAN(E527:E535,0.5)),IF(D531="","",D531)))) -> 70.9989
A532: 46278.812 | B532: 73.1931 | C532: 0 | E532: =IF(OR(C532=9,B532=""),"",B532-$C$3) -> 74.4931 | F532: =IF(C532=9,"",IF(C532=0,E532,IF(C532=1,IF(COUNT(E528:E536)=0,"",TRIMMEAN(E528:E536,0.5)),IF(D532="","",D532)))) -> 74.4931
A533: 46278.823 | B533: 65.4116 | C533: 0 | E533: =IF(OR(C533=9,B533=""),"",B533-$C$3) -> 66.7116 | F533: =IF(C533=9,"",IF(C533=0,E533,IF(C533=1,IF(COUNT(E529:E537)=0,"",TRIMMEAN(E529:E537,0.5)),IF(D533="","",D533)))) -> 66.7116
A534: 46278.833 | B534: 67.4518 | C534: 0 | E534: =IF(OR(C534=9,B534=""),"",B534-$C$3) -> 68.7518 | F534: =IF(C534=9,"",IF(C534=0,E534,IF(C534=1,IF(COUNT(E530:E538)=0,"",TRIMMEAN(E530:E538,0.5)),IF(D534="","",D534)))) -> 68.7518
A535: 46278.844 | B535: 66.9582 | C535: 0 | E535: =IF(OR(C535=9,B535=""),"",B535-$C$3) -> 68.2582 | F535: =IF(C535=9,"",IF(C535=0,E535,IF(C535=1,IF(COUNT(E531:E539)=0,"",TRIMMEAN(E531:E539,0.5)),IF(D535="","",D535)))) -> 68.2582
A536: 46278.854 | B536: 73.4698 | C536: 0 | E536: =IF(OR(C536=9,B536=""),"",B536-$C$3) -> 74.7698 | F536: =IF(C536=9,"",IF(C536=0,E536,IF(C536=1,IF(COUNT(E532:E540)=0,"",TRIMMEAN(E532:E540,0.5)),IF(D536="","",D536)))) -> 74.7698
A537: 46278.865 | B537: 68.8155 | C537: 0 | E537: =IF(OR(C537=9,B537=""),"",B537-$C$3) -> 70.1155 | F537: =IF(C537=9,"",IF(C537=0,E537,IF(C537=1,IF(COUNT(E533:E541)=0,"",TRIMMEAN(E533:E541,0.5)),IF(D537="","",D537)))) -> 70.1155
A538: 46278.875 | B538: 73.2295 | C538: 0 | E538: =IF(OR(C538=9,B538=""),"",B538-$C$3) -> 74.5295 | F538: =IF(C538=9,"",IF(C538=0,E538,IF(C538=1,IF(COUNT(E534:E542)=0,"",TRIMMEAN(E534:E542,0.5)),IF(D538="","",D538)))) -> 74.5295
... A632: 46279.854 | B632: 65.7954 | C632: 0 | E632: =IF(OR(C632=9,B632=""),"",B632-$C$3) -> 67.0954 | F632: =IF(C632=9,"",IF(C632=0,E632,IF(C632=1,IF(COUNT(E628:E636)=0,"",TRIMMEAN(E628:E636,0.5)),IF(D632="","",D632)))) -> 67.0954
A633: 46279.865 | B633: 73.3981 | C633: 2 | D633: 68.0759 | E633: =IF(OR(C633=9,B633=""),"",B633-$C$3) -> 74.6981 | F633: =IF(C633=9,"",IF(C633=0,E633,IF(C633=1,IF(COUNT(E629:E637)=0,"",TRIMMEAN(E629:E637,0.5)),IF(D633="","",D633)))) -> 68.0759 | G633: pico aislado
A634: 46279.875 | B634: 67.7563 | C634: 0 | E634: =IF(OR(C634=9,B634=""),"",B634-$C$3) -> 69.0563 | F634: =IF(C634=9,"",IF(C634=0,E634,IF(C634=1,IF(COUNT(E630:E638)=0,"",TRIMMEAN(E630:E638,0.5)),IF(D634="","",D634)))) -> 69.0563
A635: 46279.885 | B635: 64.5316 | C635: 0 | E635: =IF(OR(C635=9,B635=""),"",B635-$C$3) -> 65.8316 | F635: =IF(C635=9,"",IF(C635=0,E635,IF(C635=1,IF(COUNT(E631:E639)=0,"",TRIMMEAN(E631:E639,0.5)),IF(D635="","",D635)))) -> 65.8316
A636: 46279.896 | B636: 63.0823 | C636: 0 | E636: =IF(OR(C636=9,B636=""),"",B636-$C$3) -> 64.3823 | F636: =IF(C636=9,"",IF(C636=0,E636,IF(C636=1,IF(COUNT(E632:E640)=0,"",TRIMMEAN(E632:E640,0.5)),IF(D636="","",D636)))) -> 64.3823
A637: 46279.906 | B637: 63.7393 | C637: 0 | E637: =IF(OR(C637=9,B637=""),"",B637-$C$3) -> 65.0393 | F637: =IF(C637=9,"",IF(C637=0,E637,IF(C637=1,IF(COUNT(E633:E641)=0,"",TRIMMEAN(E633:E641,0.5)),IF(D637="","",D637)))) -> 65.0393
A638: 46279.917 | B638: 63.4232 | C638: 0 | E638: =IF(OR(C638=9,B638=""),"",B638-$C$3) -> 64.7232 | F638: =IF(C638=9,"",IF(C638=0,E638,IF(C638=1,IF(COUNT(E634:E642)=0,"",TRIMMEAN(E634:E642,0.5)),IF(D638="","",D638)))) -> 64.7232
A639: 46279.927 | B639: 69.4246 | C639: 0 | E639: =IF(OR(C639=9,B639=""),"",B639-$C$3) -> 70.7246 | F639: =IF(C639=9,"",IF(C639=0,E639,IF(C639=1,IF(COUNT(E635:E643)=0,"",TRIMMEAN(E635:E643,0.5)),IF(D639="","",D639)))) -> 70.7246
A640: 46279.938 | B640: 66.4698 | C640: 0 | E640: =IF(OR(C640=9,B640=""),"",B640-$C$3) -> 67.7698 | F640: =IF(C640=9,"",IF(C640=0,E640,IF(C640=1,IF(COUNT(E636:E644)=0,"",TRIMMEAN(E636:E644,0.5)),IF(D640="","",D640)))) -> 67.7698
A641: 46279.948 | B641: 69.6017 | C641: 0 | E641: =IF(OR(C641=9,B641=""),"",B641-$C$3) -> 70.9017 | F641: =IF(C641=9,"",IF(C641=0,E641,IF(C641=1,IF(COUNT(E637:E645)=0,"",TRIMMEAN(E637:E645,0.5)),IF(D641="","",D641)))) -> 70.9017
A642: 46279.958 | B642: 67.5242 | C642: 0 | E642: =IF(OR(C642=9,B642=""),"",B642-$C$3) -> 68.8242 | F642: =IF(C642=9,"",IF(C642=0,E642,IF(C642=1,IF(COUNT(E638:E646)=0,"",TRIMMEAN(E638:E646,0.5)),IF(D642="","",D642)))) -> 68.8242
A643: 46279.969 | B643: 71.1326 | C643: 0 | E643: =IF(OR(C643=9,B643=""),"",B643-$C$3) -> 72.4326 | F643: =IF(C643=9,"",IF(C643=0,E643,IF(C643=1,IF(COUNT(E639:E647)=0,"",TRIMMEAN(E639:E647,0.5)),IF(D643="","",D643)))) -> 72.4326
A644: 46279.979 | B644: 73.2645 | C644: 0 | E644: =IF(OR(C644=9,B644=""),"",B644-$C$3) -> 74.5645 | F644: =IF(C644=9,"",IF(C644=0,E644,IF(C644=1,IF(COUNT(E640:E648)=0,"",TRIMMEAN(E640:E648,0.5)),IF(D644="","",D644)))) -> 74.5645
A645: 46279.99 | B645: 67.8131 | C645: 0 | E645: =IF(OR(C645=9,B645=""),"",B645-$C$3) -> 69.1131 | F645: =IF(C645=9,"",IF(C645=0,E645,IF(C645=1,IF(COUNT(E641:E649)=0,"",TRIMMEAN(E641:E649,0.5)),IF(D645="","",D645)))) -> 69.1131
... A697: 46280.531 | B697: 71.8682 | C697: 0 | E697: =IF(OR(C697=9,B697=""),"",B697-$C$3) -> 73.1682 | F697: =IF(C697=9,"",IF(C697=0,E697,IF(C697=1,IF(COUNT(E693:E701)=0,"",TRIMMEAN(E693:E701,0.5)),IF(D697="","",D697)))) -> 73.1682
A698: 46280.542 | B698: 74.0242 | C698: 2 | D698: 72.624 | E698: =IF(OR(C698=9,B698=""),"",B698-$C$3) -> 75.3242 | F698: =IF(C698=9,"",IF(C698=0,E698,IF(C698=1,IF(COUNT(E694:E702)=0,"",TRIMMEAN(E694:E702,0.5)),IF(D698="","",D698)))) -> 72.624 | G698: pico aislado
A699: 46280.552 | B699: 70.7798 | C699: 0 | E699: =IF(OR(C699=9,B699=""),"",B699-$C$3) -> 72.0798 | F699: =IF(C699=9,"",IF(C699=0,E699,IF(C699=1,IF(COUNT(E695:E703)=0,"",TRIMMEAN(E695:E703,0.5)),IF(D699="","",D699)))) -> 72.0798
A700: 46280.562 | B700: 63.6298 | C700: 0 | E700: =IF(OR(C700=9,B700=""),"",B700-$C$3) -> 64.9298 | F700: =IF(C700=9,"",IF(C700=0,E700,IF(C700=1,IF(COUNT(E696:E704)=0,"",TRIMMEAN(E696:E704,0.5)),IF(D700="","",D700)))) -> 64.9298
A701: 46280.573 | B701: 65.0323 | C701: 0 | E701: =IF(OR(C701=9,B701=""),"",B701-$C$3) -> 66.3323 | F701: =IF(C701=9,"",IF(C701=0,E701,IF(C701=1,IF(COUNT(E697:E705)=0,"",TRIMMEAN(E697:E705,0.5)),IF(D701="","",D701)))) -> 66.3323
A702: 46280.583 | B702: 62.2274 | C702: 0 | E702: =IF(OR(C702=9,B702=""),"",B702-$C$3) -> 63.5274 | F702: =IF(C702=9,"",IF(C702=0,E702,IF(C702=1,IF(COUNT(E698:E706)=0,"",TRIMMEAN(E698:E706,0.5)),IF(D702="","",D702)))) -> 63.5274
A703: 46280.594 | B703: 64.9331 | C703: 0 | E703: =IF(OR(C703=9,B703=""),"",B703-$C$3) -> 66.2331 | F703: =IF(C703=9,"",IF(C703=0,E703,IF(C703=1,IF(COUNT(E699:E707)=0,"",TRIMMEAN(E699:E707,0.5)),IF(D703="","",D703)))) -> 66.2331
A704: 46280.604 | B704: 69.6343 | C704: 0 | E704: =IF(OR(C704=9,B704=""),"",B704-$C$3) -> 70.9343 | F704: =IF(C704=9,"",IF(C704=0,E704,IF(C704=1,IF(COUNT(E700:E708)=0,"",TRIMMEAN(E700:E708,0.5)),IF(D704="","",D704)))) -> 70.9343
A705: 46280.615 | B705: 65.3756 | C705: 0 | E705: =IF(OR(C705=9,B705=""),"",B705-$C$3) -> 66.6756 | F705: =IF(C705=9,"",IF(C705=0,E705,IF(C705=1,IF(COUNT(E701:E709)=0,"",TRIMMEAN(E701:E709,0.5)),IF(D705="","",D705)))) -> 66.6756
A706: 46280.625 | B706: 70.7264 | C706: 0 | E706: =IF(OR(C706=9,B706=""),"",B706-$C$3) -> 72.0264 | F706: =IF(C706=9,"",IF(C706=0,E706,IF(C706=1,IF(COUNT(E702:E710)=0,"",TRIMMEAN(E702:E710,0.5)),IF(D706="","",D706)))) -> 72.0264
A707: 46280.635 | B707: 69.0415 | C707: 0 | E707: =IF(OR(C707=9,B707=""),"",B707-$C$3) -> 70.3415 | F707: =IF(C707=9,"",IF(C707=0,E707,IF(C707=1,IF(COUNT(E703:E711)=0,"",TRIMMEAN(E703:E711,0.5)),IF(D707="","",D707)))) -> 70.3415
A708: 46280.646 | B708: 65.1152 | C708: 0 | E708: =IF(OR(C708=9,B708=""),"",B708-$C$3) -> 66.4152 | F708: =IF(C708=9,"",IF(C708=0,E708,IF(C708=1,IF(COUNT(E704:E712)=0,"",TRIMMEAN(E704:E712,0.5)),IF(D708="","",D708)))) -> 66.4152
A709: 46280.656 | B709: 66.4932 | C709: 0 | E709: =IF(OR(C709=9,B709=""),"",B709-$C$3) -> 67.7932 | F709: =IF(C709=9,"",IF(C709=0,E709,IF(C709=1,IF(COUNT(E705:E713)=0,"",TRIMMEAN(E705:E713,0.5)),IF(D709="","",D709)))) -> 67.7932
A710: 46280.667 | B710: 63.432 | C710: 0 | E710: =IF(OR(C710=9,B710=""),"",B710-$C$3) -> 64.732 | F710: =IF(C710=9,"",IF(C710=0,E710,IF(C710=1,IF(COUNT(E706:E714)=0,"",TRIMMEAN(E706:E714,0.5)),IF(D710="","",D710)))) -> 64.732
... A777: 46281.365 | B777: 65.0156 | C777: 0 | E777: =IF(OR(C777=9,B777=""),"",B777-$C$3) -> 66.3156 | F777: =IF(C777=9,"",IF(C777=0,E777,IF(C777=1,IF(COUNT(E773:E781)=0,"",TRIMMEAN(E773:E781,0.5)),IF(D777="","",D777)))) -> 66.3156
A778: 46281.375 | B778: 14.0444 | C778: 9 | E778: =IF(OR(C778=9,B778=""),"",B778-$C$3) | F778: =IF(C778=9,"",IF(C778=0,E778,IF(C778=1,IF(COUNT(E774:E782)=0,"",TRIMMEAN(E774:E782,0.5)),IF(D778="","",D778)))) | G778: equipo sin instalar
A779: 46281.385 | B779: -1.5448 | C779: 9 | E779: =IF(OR(C779=9,B779=""),"",B779-$C$3) | F779: =IF(C779=9,"",IF(C779=0,E779,IF(C779=1,IF(COUNT(E775:E783)=0,"",TRIMMEAN(E775:E783,0.5)),IF(D779="","",D779)))) | G779: equipo sin instalar
A780: 46281.396 | B780: -1.569 | C780: 9 | E780: =IF(OR(C780=9,B780=""),"",B780-$C$3) | F780: =IF(C780=9,"",IF(C780=0,E780,IF(C780=1,IF(COUNT(E776:E784)=0,"",TRIMMEAN(E776:E784,0.5)),IF(D780="","",D780)))) | G780: equipo sin instalar
A781: 46281.406 | B781: -1.6135 | C781: 9 | E781: =IF(OR(C781=9,B781=""),"",B781-$C$3) | F781: =IF(C781=9,"",IF(C781=0,E781,IF(C781=1,IF(COUNT(E777:E785)=0,"",TRIMMEAN(E777:E785,0.5)),IF(D781="","",D781)))) | G781: equipo sin instalar
A782: 46281.417 | B782: -1.5743 | C782: 9 | E782: =IF(OR(C782=9,B782=""),"",B782-$C$3) | F782: =IF(C782=9,"",IF(C782=0,E782,IF(C782=1,IF(COUNT(E778:E786)=0,"",TRIMMEAN(E778:E786,0.5)),IF(D782="","",D782)))) | G782: equipo sin instalar
A783: 46281.427 | B783: -1.5734 | C783: 9 | E783: =IF(OR(C783=9,B783=""),"",B783-$C$3) | F783: =IF(C783=9,"",IF(C783=0,E783,IF(C783=1,IF(COUNT(E779:E787)=0,"",TRIMMEAN(E779:E787,0.5)),IF(D783="","",D783)))) | G783: equipo sin instalar
A784: 46281.438 | B784: -1.5992 | C784: 9 | E784: =IF(OR(C784=9,B784=""),"",B784-$C$3) | F784: =IF(C784=9,"",IF(C784=0,E784,IF(C784=1,IF(COUNT(E780:E788)=0,"",TRIMMEAN(E780:E788,0.5)),IF(D784="","",D784)))) | G784: equipo sin instalar
A785: 46281.448 | B785: -1.9923 | C785: 9 | E785: =IF(OR(C785=9,B785=""),"",B785-$C$3) | F785: =IF(C785=9,"",IF(C785=0,E785,IF(C785=1,IF(COUNT(E781:E789)=0,"",TRIMMEAN(E781:E789,0.5)),IF(D785="","",D785)))) | G785: equipo sin instalar
A786: 46281.458 | B786: -2.0455 | C786: 9 | E786: =IF(OR(C786=9,B786=""),"",B786-$C$3) | F786: =IF(C786=9,"",IF(C786=0,E786,IF(C786=1,IF(COUNT(E782:E790)=0,"",TRIMMEAN(E782:E790,0.5)),IF(D786="","",D786)))) | G786: equipo sin instalar
A787: 46281.469 | B787: -1.9901 | C787: 9 | E787: =IF(OR(C787=9,B787=""),"",B787-$C$3) | F787: =IF(C787=9,"",IF(C787=0,E787,IF(C787=1,IF(COUNT(E783:E791)=0,"",TRIMMEAN(E783:E791,0.5)),IF(D787="","",D787)))) | G787: equipo sin instalar
A788: 46281.479 | B788: -1.8718 | C788: 9 | E788: =IF(OR(C788=9,B788=""),"",B788-$C$3) | F788: =IF(C788=9,"",IF(C788=0,E788,IF(C788=1,IF(COUNT(E784:E792)=0,"",TRIMMEAN(E784:E792,0.5)),IF(D788="","",D788)))) | G788: equipo sin instalar
...

Sheet P10
A1: P10 · Presión (m) · VN3745765
A2: Válido
A3: Offset | C3: -1.64
A4: Ventana (lecturas a cada lado) | C4: 4
A6: Fecha y hora | B6: Dato inicial (m) | C6: Marca | D6: Reemplazo | E6: Corregido (m) | F6: Dato depurado (m) | G6: Motivo
A7: 46273.344 | B7: -1.6338 | C7: 9 | E7: =IF(OR(C7=9,B7=""),"",B7-$C$3) | F7: =IF(C7=9,"",IF(C7=0,E7,IF(C7=1,IF(COUNT(E7:E11)=0,"",TRIMMEAN(E7:E11,0.5)),IF(D7="","",D7)))) | G7: equipo sin instalar
A8: 46273.354 | B8: -1.6338 | C8: 9 | E8: =IF(OR(C8=9,B8=""),"",B8-$C$3) | F8: =IF(C8=9,"",IF(C8=0,E8,IF(C8=1,IF(COUNT(E7:E12)=0,"",TRIMMEAN(E7:E12,0.5)),IF(D8="","",D8)))) | G8: equipo sin instalar
A9: 46273.365 | B9: -2.1846 | C9: 9 | E9: =IF(OR(C9=9,B9=""),"",B9-$C$3) | F9: =IF(C9=9,"",IF(C9=0,E9,IF(C9=1,IF(COUNT(E7:E13)=0,"",TRIMMEAN(E7:E13,0.5)),IF(D9="","",D9)))) | G9: equipo sin instalar
A10: 46273.375 | B10: -2.1939 | C10: 9 | E10: =IF(OR(C10=9,B10=""),"",B10-$C$3) | F10: =IF(C10=9,"",IF(C10=0,E10,IF(C10=1,IF(COUNT(E7:E14)=0,"",TRIMMEAN(E7:E14,0.5)),IF(D10="","",D10)))) | G10: equipo sin instalar
A11: 46273.385 | B11: -2.1939 | C11: 9 | E11: =IF(OR(C11=9,B11=""),"",B11-$C$3) | F11: =IF(C11=9,"",IF(C11=0,E11,IF(C11=1,IF(COUNT(E7:E15)=0,"",TRIMMEAN(E7:E15,0.5)),IF(D11="","",D11)))) | G11: equipo sin instalar
A12: 46273.396 | B12: -2.2126 | C12: 9 | E12: =IF(OR(C12=9,B12=""),"",B12-$C$3) | F12: =IF(C12=9,"",IF(C12=0,E12,IF(C12=1,IF(COUNT(E8:E16)=0,"",TRIMMEAN(E8:E16,0.5)),IF(D12="","",D12)))) | G12: equipo sin instalar
A13: 46273.406 | B13: -2.2126 | C13: 9 | E13: =IF(OR(C13=9,B13=""),"",B13-$C$3) | F13: =IF(C13=9,"",IF(C13=0,E13,IF(C13=1,IF(COUNT(E9:E17)=0,"",TRIMMEAN(E9:E17,0.5)),IF(D13="","",D13)))) | G13: equipo sin instalar
A14: 46273.417 | B14: -2.1752 | C14: 9 | E14: =IF(OR(C14=9,B14=""),"",B14-$C$3) | F14: =IF(C14=9,"",IF(C14=0,E14,IF(C14=1,IF(COUNT(E10:E18)=0,"",TRIMMEAN(E10:E18,0.5)),IF(D14="","",D14)))) | G14: equipo sin instalar
A15: 46273.427 | B15: -1.9045 | C15: 9 | E15: =IF(OR(C15=9,B15=""),"",B15-$C$3) | F15: =IF(C15=9,"",IF(C15=0,E15,IF(C15=1,IF(COUNT(E11:E19)=0,"",TRIMMEAN(E11:E19,0.5)),IF(D15="","",D15)))) | G15: equipo sin instalar
A16: 46273.438 | B16: -1.6991 | C16: 9 | E16: =IF(OR(C16=9,B16=""),"",B16-$C$3) | F16: =IF(C16=9,"",IF(C16=0,E16,IF(C16=1,IF(COUNT(E12:E20)=0,"",TRIMMEAN(E12:E20,0.5)),IF(D16="","",D16)))) | G16: equipo sin instalar
A17: 46273.448 | B17: -1.6151 | C17: 9 | E17: =IF(OR(C17=9,B17=""),"",B17-$C$3) | F17: =IF(C17=9,"",IF(C17=0,E17,IF(C17=1,IF(COUNT(E13:E21)=0,"",TRIMMEAN(E13:E21,0.5)),IF(D17="","",D17)))) | G17: equipo sin instalar
A18: 46273.458 | B18: -1.6244 | C18: 9 | E18: =IF(OR(C18=9,B18=""),"",B18-$C$3) | F18: =IF(C18=9,"",IF(C18=0,E18,IF(C18=1,IF(COUNT(E14:E22)=0,"",TRIMMEAN(E14:E22,0.5)),IF(D18="","",D18)))) | G18: equipo sin instalar
A19: 46273.469 | B19: -1.6244 | C19: 9 | E19: =IF(OR(C19=9,B19=""),"",B19-$C$3) | F19: =IF(C19=9,"",IF(C19=0,E19,IF(C19=1,IF(COUNT(E15:E23)=0,"",TRIMMEAN(E15:E23,0.5)),IF(D19="","",D19)))) | G19: equipo sin instalar
A20: 46273.479 | B20: -1.5778 | C20: 9 | E20: =IF(OR(C20=9,B20=""),"",B20-$C$3) | F20: =IF(C20=9,"",IF(C20=0,E20,IF(C20=1,IF(COUNT(E16:E24)=0,"",TRIMMEAN(E16:E24,0.5)),IF(D20="","",D20)))) | G20: equipo sin instalar
A21: 46273.49 | B21: -1.5778 | C21: 9 | E21: =IF(OR(C21=9,B21=""),"",B21-$C$3) | F21: =IF(C21=9,"",IF(C21=0,E21,IF(C21=1,IF(COUNT(E17:E25)=0,"",TRIMMEAN(E17:E25,0.5)),IF(D21="","",D21)))) | G21: equipo sin instalar
A22: 46273.5 | B22: -1.6226 | C22: 9 | E22: =IF(OR(C22=9,B22=""),"",B22-$C$3) | F22: =IF(C22=9,"",IF(C22=0,E22,IF(C22=1,IF(COUNT(E18:E26)=0,"",TRIMMEAN(E18:E26,0.5)),IF(D22="","",D22)))) | G22: equipo sin instalar
A23: 46273.51 | B23: 11.6842 | C23: 9 | E23: =IF(OR(C23=9,B23=""),"",B23-$C$3) | F23: =IF(C23=9,"",IF(C23=0,E23,IF(C23=1,IF(COUNT(E19:E27)=0,"",TRIMMEAN(E19:E27,0.5)),IF(D23="","",D23)))) | G23: equipo sin instalar
A24: 46273.521 | B24: 36.2129 | C24: 0 | E24: =IF(OR(C24=9,B24=""),"",B24-$C$3) -> 37.8529 | F24: =IF(C24=9,"",IF(C24=0,E24,IF(C24=1,IF(COUNT(E20:E28)=0,"",TRIMMEAN(E20:E28,0.5)),IF(D24="","",D24)))) -> 37.8529
A25: 46273.531 | B25: 44.5406 | C25: 0 | E25: =IF(OR(C25=9,B25=""),"",B25-$C$3) -> 46.1806 | F25: =IF(C25=9,"",IF(C25=0,E25,IF(C25=1,IF(COUNT(E21:E29)=0,"",TRIMMEAN(E21:E29,0.5)),IF(D25="","",D25)))) -> 46.1806
A26: 46273.542 | B26: 44.3913 | C26: 0 | E26: =IF(OR(C26=9,B26=""),"",B26-$C$3) -> 46.0313 | F26: =IF(C26=9,"",IF(C26=0,E26,IF(C26=1,IF(COUNT(E22:E30)=0,"",TRIMMEAN(E22:E30,0.5)),IF(D26="","",D26)))) -> 46.0313
A27: 46273.552 | B27: 43.7505 | C27: 0 | E27: =IF(OR(C27=9,B27=""),"",B27-$C$3) -> 45.3905 | F27: =IF(C27=9,"",IF(C27=0,E27,IF(C27=1,IF(COUNT(E23:E31)=0,"",TRIMMEAN(E23:E31,0.5)),IF(D27="","",D27)))) -> 45.3905
A28: 46273.562 | B28: 44.149 | C28: 0 | E28: =IF(OR(C28=9,B28=""),"",B28-$C$3) -> 45.789 | F28: =IF(C28=9,"",IF(C28=0,E28,IF(C28=1,IF(COUNT(E24:E32)=0,"",TRIMMEAN(E24:E32,0.5)),IF(D28="","",D28)))) -> 45.789
A29: 46273.573 | B29: 44.6197 | C29: 0 | E29: =IF(OR(C29=9,B29=""),"",B29-$C$3) -> 46.2597 | F29: =IF(C29=9,"",IF(C29=0,E29,IF(C29=1,IF(COUNT(E25:E33)=0,"",TRIMMEAN(E25:E33,0.5)),IF(D29="","",D29)))) -> 46.2597
A30: 46273.583 | B30: 44.129 | C30: 0 | E30: =IF(OR(C30=9,B30=""),"",B30-$C$3) -> 45.769 | F30: =IF(C30=9,"",IF(C30=0,E30,IF(C30=1,IF(COUNT(E26:E34)=0,"",TRIMMEAN(E26:E34,0.5)),IF(D30="","",D30)))) -> 45.769
A31: 46273.594 | B31: 43.9414 | C31: 0 | E31: =IF(OR(C31=9,B31=""),"",B31-$C$3) -> 45.5814 | F31: =IF(C31=9,"",IF(C31=0,E31,IF(C31=1,IF(COUNT(E27:E35)=0,"",TRIMMEAN(E27:E35,0.5)),IF(D31="","",D31)))) -> 45.5814
A32: 46273.604 | B32: 44.2093 | C32: 0 | E32: =IF(OR(C32=9,B32=""),"",B32-$C$3) -> 45.8493 | F32: =IF(C32=9,"",IF(C32=0,E32,IF(C32=1,IF(COUNT(E28:E36)=0,"",TRIMMEAN(E28:E36,0.5)),IF(D32="","",D32)))) -> 45.8493
A33: 46273.615 | B33: 43.7138 | C33: 0 | E33: =IF(OR(C33=9,B33=""),"",B33-$C$3) -> 45.3538 | F33: =IF(C33=9,"",IF(C33=0,E33,IF(C33=1,IF(COUNT(E29:E37)=0,"",TRIMMEAN(E29:E37,0.5)),IF(D33="","",D33)))) -> 45.3538
A34: 46273.625 | B34: 44.2966 | C34: 0 | E34: =IF(OR(C34=9,B34=""),"",B34-$C$3) -> 45.9366 | F34: =IF(C34=9,"",IF(C34=0,E34,IF(C34=1,IF(COUNT(E30:E38)=0,"",TRIMMEAN(E30:E38,0.5)),IF(D34="","",D34)))) -> 45.9366
A35: 46273.635 | B35: 43.9903 | C35: 0 | E35: =IF(OR(C35=9,B35=""),"",B35-$C$3) -> 45.6303 | F35: =IF(C35=9,"",IF(C35=0,E35,IF(C35=1,IF(COUNT(E31:E39)=0,"",TRIMMEAN(E31:E39,0.5)),IF(D35="","",D35)))) -> 45.6303
... A780: 46281.396 | B780: 43.4711 | C780: 0 | E780: =IF(OR(C780=9,B780=""),"",B780-$C$3) -> 45.1111 | F780: =IF(C780=9,"",IF(C780=0,E780,IF(C780=1,IF(COUNT(E776:E784)=0,"",TRIMMEAN(E776:E784,0.5)),IF(D780="","",D780)))) -> 45.1111
A781: 46281.406 | B781: 12.7324 | C781: 9 | E781: =IF(OR(C781=9,B781=""),"",B781-$C$3) | F781: =IF(C781=9,"",IF(C781=0,E781,IF(C781=1,IF(COUNT(E777:E785)=0,"",TRIMMEAN(E777:E785,0.5)),IF(D781="","",D781)))) | G781: equipo sin instalar
A782: 46281.417 | B782: -1.6356 | C782: 9 | E782: =IF(OR(C782=9,B782=""),"",B782-$C$3) | F782: =IF(C782=9,"",IF(C782=0,E782,IF(C782=1,IF(COUNT(E778:E786)=0,"",TRIMMEAN(E778:E786,0.5)),IF(D782="","",D782)))) | G782: equipo sin instalar
A783: 46281.427 | B783: -1.6058 | C783: 9 | E783: =IF(OR(C783=9,B783=""),"",B783-$C$3) | F783: =IF(C783=9,"",IF(C783=0,E783,IF(C783=1,IF(COUNT(E779:E787)=0,"",TRIMMEAN(E779:E787,0.5)),IF(D783="","",D783)))) | G783: equipo sin instalar
A784: 46281.438 | B784: -1.6629 | C784: 9 | E784: =IF(OR(C784=9,B784=""),"",B784-$C$3) | F784: =IF(C784=9,"",IF(C784=0,E784,IF(C784=1,IF(COUNT(E780:E788)=0,"",TRIMMEAN(E780:E788,0.5)),IF(D784="","",D784)))) | G784: equipo sin instalar
A785: 46281.448 | B785: -1.9374 | C785: 9 | E785: =IF(OR(C785=9,B785=""),"",B785-$C$3) | F785: =IF(C785=9,"",IF(C785=0,E785,IF(C785=1,IF(COUNT(E781:E789)=0,"",TRIMMEAN(E781:E789,0.5)),IF(D785="","",D785)))) | G785: equipo sin instalar
A786: 46281.458 | B786: -2.0285 | C786: 9 | E786: =IF(OR(C786=9,B786=""),"",B786-$C$3) | F786: =IF(C786=9,"",IF(C786=0,E786,IF(C786=1,IF(COUNT(E782:E790)=0,"",TRIMMEAN(E782:E790,0.5)),IF(D786="","",D786)))) | G786: equipo sin instalar
A787: 46281.469 | B787: -1.9658 | C787: 9 | E787: =IF(OR(C787=9,B787=""),"",B787-$C$3) | F787: =IF(C787=9,"",IF(C787=0,E787,IF(C787=1,IF(COUNT(E783:E791)=0,"",TRIMMEAN(E783:E791,0.5)),IF(D787="","",D787)))) | G787: equipo sin instalar
A788: 46281.479 | B788: -1.8784 | C788: 9 | E788: =IF(OR(C788=9,B788=""),"",B788-$C$3) | F788: =IF(C788=9,"",IF(C788=0,E788,IF(C788=1,IF(COUNT(E784:E792)=0,"",TRIMMEAN(E784:E792,0.5)),IF(D788="","",D788)))) | G788: equipo sin instalar
A789: 46281.49 | B789: -1.8041 | C789: 9 | E789: =IF(OR(C789=9,B789=""),"",B789-$C$3) | F789: =IF(C789=9,"",IF(C789=0,E789,IF(C789=1,IF(COUNT(E785:E793)=0,"",TRIMMEAN(E785:E793,0.5)),IF(D789="","",D789)))) | G789: equipo sin instalar
A790: 46281.5 | B790: -1.7578 | C790: 9 | E790: =IF(OR(C790=9,B790=""),"",B790-$C$3) | F790: =IF(C790=9,"",IF(C790=0,E790,IF(C790=1,IF(COUNT(E786:E794)=0,"",TRIMMEAN(E786:E794,0.5)),IF(D790="","",D790)))) | G790: equipo sin instalar
A791: 46281.51 | B791: -1.6696 | C791: 9 | E791: =IF(OR(C791=9,B791=""),"",B791-$C$3) | F791: =IF(C791=9,"",IF(C791=0,E791,IF(C791=1,IF(COUNT(E787:E795)=0,"",TRIMMEAN(E787:E795,0.5)),IF(D791="","",D791)))) | G791: equipo sin instalar
A792: 46281.521 | B792: -1.6401 | C792: 9 | E792: =IF(OR(C792=9,B792=""),"",B792-$C$3) | F792: =IF(C792=9,"",IF(C792=0,E792,IF(C792=1,IF(COUNT(E788:E796)=0,"",TRIMMEAN(E788:E796,0.5)),IF(D792="","",D792)))) | G792: equipo sin instalar
... A802: 46281.625 | B802: -1.3261 | C802: 9 | E802: =IF(OR(C802=9,B802=""),"",B802-$C$3) | F802: =IF(C802=9,"",IF(C802=0,E802,IF(C802=1,IF(COUNT(E798:E806)=0,"",TRIMMEAN(E798:E806,0.5)),IF(D802="","",D802)))) | G802: equipo sin instalar
A803: 46281.635 | B803: -1.316 | C803: 9 | E803: =IF(OR(C803=9,B803=""),"",B803-$C$3) | F803: =IF(C803=9,"",IF(C803=0,E803,IF(C803=1,IF(COUNT(E799:E806)=0,"",TRIMMEAN(E799:E806,0.5)),IF(D803="","",D803)))) | G803: equipo sin instalar
A804: 46281.646 | B804: -1.3197 | C804: 9 | E804: =IF(OR(C804=9,B804=""),"",B804-$C$3) | F804: =IF(C804=9,"",IF(C804=0,E804,IF(C804=1,IF(COUNT(E800:E806)=0,"",TRIMMEAN(E800:E806,0.5)),IF(D804="","",D804)))) | G804: equipo sin instalar
A805: 46281.656 | B805: -1.3193 | C805: 9 | E805: =IF(OR(C805=9,B805=""),"",B805-$C$3) | F805: =IF(C805=9,"",IF(C805=0,E805,IF(C805=1,IF(COUNT(E801:E806)=0,"",TRIMMEAN(E801:E806,0.5)),IF(D805="","",D805)))) | G805: equipo sin instalar
A806: 46281.667 | B806: -1.3163 | C806: 9 | E806: =IF(OR(C806=9,B806=""),"",B806-$C$3) | F806: =IF(C806=9,"",IF(C806=0,E806,IF(C806=1,IF(COUNT(E802:E806)=0,"",TRIMMEAN(E802:E806,0.5)),IF(D806="","",D806)))) | G806: equipo sin instalar

Sheet P11
A1: P11 · Presión (m) · 3949453
A2: Usar solo la media horaria (tolerancia mayor)
A3: Offset | C3: -1.32
A4: Ventana (lecturas a cada lado) | C4: 8
A6: Fecha y hora | B6: Dato inicial (m) | C6: Marca | D6: Reemplazo | E6: Corregido (m) | F6: Dato depurado (m) | G6: Motivo
A7: 46274.438 | B7: 53.3558 | C7: 9 | E7: =IF(OR(C7=9,B7=""),"",B7-$C$3) | F7: =IF(C7=9,"",IF(C7=0,E7,IF(C7=1,IF(COUNT(E7:E15)=0,"",TRIMMEAN(E7:E15,0.5)),IF(D7="","",D7)))) | G7: equipo sin instalar
A8: 46274.448 | B8: 53.3214 | C8: 0 | E8: =IF(OR(C8=9,B8=""),"",B8-$C$3) -> 54.6414 | F8: =IF(C8=9,"",IF(C8=0,E8,IF(C8=1,IF(COUNT(E7:E16)=0,"",TRIMMEAN(E7:E16,0.5)),IF(D8="","",D8)))) -> 54.6414
A9: 46274.458 | B9: 48.6725 | C9: 0 | E9: =IF(OR(C9=9,B9=""),"",B9-$C$3) -> 49.9925 | F9: =IF(C9=9,"",IF(C9=0,E9,IF(C9=1,IF(COUNT(E7:E17)=0,"",TRIMMEAN(E7:E17,0.5)),IF(D9="","",D9)))) -> 49.9925
A10: 46274.469 | B10: 34.5431 | C10: 2 | D10: 54.9141 | E10: =IF(OR(C10=9,B10=""),"",B10-$C$3) -> 35.8631 | F10: =IF(C10=9,"",IF(C10=0,E10,IF(C10=1,IF(COUNT(E7:E18)=0,"",TRIMMEAN(E7:E18,0.5)),IF(D10="","",D10)))) -> 54.9141 | G10: pico aislado
A11: 46274.479 | B11: 58.5157 | C11: 0 | E11: =IF(OR(C11=9,B11=""),"",B11-$C$3) -> 59.8357 | F11: =IF(C11=9,"",IF(C11=0,E11,IF(C11=1,IF(COUNT(E7:E19)=0,"",TRIMMEAN(E7:E19,0.5)),IF(D11="","",D11)))) -> 59.8357
A12: 46274.49 | B12: 45.6274 | C12: 0 | E12: =IF(OR(C12=9,B12=""),"",B12-$C$3) -> 46.9474 | F12: =IF(C12=9,"",IF(C12=0,E12,IF(C12=1,IF(COUNT(E7:E20)=0,"",TRIMMEAN(E7:E20,0.5)),IF(D12="","",D12)))) -> 46.9474
A13: 46274.5 | B13: 59.002 | C13: 2 | D13: 53.1762 | E13: =IF(OR(C13=9,B13=""),"",B13-$C$3) -> 60.322 | F13: =IF(C13=9,"",IF(C13=0,E13,IF(C13=1,IF(COUNT(E7:E21)=0,"",TRIMMEAN(E7:E21,0.5)),IF(D13="","",D13)))) -> 53.1762 | G13: pico aislado
A14: 46274.51 | B14: 58.0851 | C14: 0 | E14: =IF(OR(C14=9,B14=""),"",B14-$C$3) -> 59.4051 | F14: =IF(C14=9,"",IF(C14=0,E14,IF(C14=1,IF(COUNT(E7:E22)=0,"",TRIMMEAN(E7:E22,0.5)),IF(D14="","",D14)))) -> 59.4051
A15: 46274.521 | B15: 48.8362 | C15: 2 | D15: 57.7085 | E15: =IF(OR(C15=9,B15=""),"",B15-$C$3) -> 50.1562 | F15: =IF(C15=9,"",IF(C15=0,E15,IF(C15=1,IF(COUNT(E7:E23)=0,"",TRIMMEAN(E7:E23,0.5)),IF(D15="","",D15)))) -> 57.7085 | G15: pico aislado
A16: 46274.531 | B16: 54.692 | C16: 0 | E16: =IF(OR(C16=9,B16=""),"",B16-$C$3) -> 56.012 | F16: =IF(C16=9,"",IF(C16=0,E16,IF(C16=1,IF(COUNT(E8:E24)=0,"",TRIMMEAN(E8:E24,0.5)),IF(D16="","",D16)))) -> 56.012
A17: 46274.542 | B17: 49.4145 | C17: 2 | D17: 57.4575 | E17: =IF(OR(C17=9,B17=""),"",B17-$C$3) -> 50.7345 | F17: =IF(C17=9,"",IF(C17=0,E17,IF(C17=1,IF(COUNT(E9:E25)=0,"",TRIMMEAN(E9:E25,0.5)),IF(D17="","",D17)))) -> 57.4575 | G17: pico aislado
A18: 46274.552 | B18: 57.5829 | C18: 0 | E18: =IF(OR(C18=9,B18=""),"",B18-$C$3) -> 58.9029 | F18: =IF(C18=9,"",IF(C18=0,E18,IF(C18=1,IF(COUNT(E10:E26)=0,"",TRIMMEAN(E10:E26,0.5)),IF(D18="","",D18)))) -> 58.9029
A19: 46274.562 | B19: 60.7106 | C19: 0 | E19: =IF(OR(C19=9,B19=""),"",B19-$C$3) -> 62.0306 | F19: =IF(C19=9,"",IF(C19=0,E19,IF(C19=1,IF(COUNT(E11:E27)=0,"",TRIMMEAN(E11:E27,0.5)),IF(D19="","",D19)))) -> 62.0306
A20: 46274.573 | B20: 60.059 | C20: 0 | E20: =IF(OR(C20=9,B20=""),"",B20-$C$3) -> 61.379 | F20: =IF(C20=9,"",IF(C20=0,E20,IF(C20=1,IF(COUNT(E12:E28)=0,"",TRIMMEAN(E12:E28,0.5)),IF(D20="","",D20)))) -> 61.379
A21: 46274.583 | B21: 61.695 | C21: 0 | E21: =IF(OR(C21=9,B21=""),"",B21-$C$3) -> 63.015 | F21: =IF(C21=9,"",IF(C21=0,E21,IF(C21=1,IF(COUNT(E13:E29)=0,"",TRIMMEAN(E13:E29,0.5)),IF(D21="","",D21)))) -> 63.015
A22: 46274.594 | B22: 62.3487 | C22: 0 | E22: =IF(OR(C22=9,B22=""),"",B22-$C$3) -> 63.6687 | F22: =IF(C22=9,"",IF(C22=0,E22,IF(C22=1,IF(COUNT(E14:E30)=0,"",TRIMMEAN(E14:E30,0.5)),IF(D22="","",D22)))) -> 63.6687
A23: 46274.604 | B23: 62.8802 | C23: 0 | E23: =IF(OR(C23=9,B23=""),"",B23-$C$3) -> 64.2002 | F23: =IF(C23=9,"",IF(C23=0,E23,IF(C23=1,IF(COUNT(E15:E31)=0,"",TRIMMEAN(E15:E31,0.5)),IF(D23="","",D23)))) -> 64.2002
A24: 46274.615 | B24: 63.3298 | C24: 0 | E24: =IF(OR(C24=9,B24=""),"",B24-$C$3) -> 64.6498 | F24: =IF(C24=9,"",IF(C24=0,E24,IF(C24=1,IF(COUNT(E16:E32)=0,"",TRIMMEAN(E16:E32,0.5)),IF(D24="","",D24)))) -> 64.6498
A25: 46274.625 | B25: 60.955 | C25: 0 | E25: =IF(OR(C25=9,B25=""),"",B25-$C$3) -> 62.275 | F25: =IF(C25=9,"",IF(C25=0,E25,IF(C25=1,IF(COUNT(E17:E33)=0,"",TRIMMEAN(E17:E33,0.5)),IF(D25="","",D25)))) -> 62.275
A26: 46274.635 | B26: 62.6123 | C26: 0 | E26: =IF(OR(C26=9,B26=""),"",B26-$C$3) -> 63.9323 | F26: =IF(C26=9,"",IF(C26=0,E26,IF(C26=1,IF(COUNT(E18:E34)=0,"",TRIMMEAN(E18:E34,0.5)),IF(D26="","",D26)))) -> 63.9323
A27: 46274.646 | B27: 62.4598 | C27: 0 | E27: =IF(OR(C27=9,B27=""),"",B27-$C$3) -> 63.7798 | F27: =IF(C27=9,"",IF(C27=0,E27,IF(C27=1,IF(COUNT(E19:E35)=0,"",TRIMMEAN(E19:E35,0.5)),IF(D27="","",D27)))) -> 63.7798
A28: 46274.656 | B28: 65.7956 | C28: 0 | E28: =IF(OR(C28=9,B28=""),"",B28-$C$3) -> 67.1156 | F28: =IF(C28=9,"",IF(C28=0,E28,IF(C28=1,IF(COUNT(E20:E36)=0,"",TRIMMEAN(E20:E36,0.5)),IF(D28="","",D28)))) -> 67.1156
A29: 46274.667 | B29: 63.2214 | C29: 0 | E29: =IF(OR(C29=9,B29=""),"",B29-$C$3) -> 64.5414 | F29: =IF(C29=9,"",IF(C29=0,E29,IF(C29=1,IF(COUNT(E21:E37)=0,"",TRIMMEAN(E21:E37,0.5)),IF(D29="","",D29)))) -> 64.5414
... A156: 46275.99 | B156: 63.1968 | C156: 0 | E156: =IF(OR(C156=9,B156=""),"",B156-$C$3) -> 64.5168 | F156: =IF(C156=9,"",IF(C156=0,E156,IF(C156=1,IF(COUNT(E148:E164)=0,"",TRIMMEAN(E148:E164,0.5)),IF(D156="","",D156)))) -> 64.5168
A157: 46276 | B157: 62.9904 | C157: 1 | E157: =IF(OR(C157=9,B157=""),"",B157-$C$3) -> 64.3104 | F157: =IF(C157=9,"",IF(C157=0,E157,IF(C157=1,IF(COUNT(E149:E165)=0,"",TRIMMEAN(E149:E165,0.5)),IF(D157="","",D157)))) -> 64.989644 | G157: oscilación más rápida que el registro → media recortada de 4 h
A158: 46276.01 | B158: 64.0872 | C158: 1 | E158: =IF(OR(C158=9,B158=""),"",B158-$C$3) -> 65.4072 | F158: =IF(C158=9,"",IF(C158=0,E158,IF(C158=1,IF(COUNT(E150:E166)=0,"",TRIMMEAN(E150:E166,0.5)),IF(D158="","",D158)))) -> 64.989644 | G158: oscilación más rápida que el registro → media recortada de 4 h
A159: 46276.021 | B159: 63.6559 | C159: 1 | E159: =IF(OR(C159=9,B159=""),"",B159-$C$3) -> 64.9759 | F159: =IF(C159=9,"",IF(C159=0,E159,IF(C159=1,IF(COUNT(E151:E167)=0,"",TRIMMEAN(E151:E167,0.5)),IF(D159="","",D159)))) -> 65.355422 | G159: oscilación más rápida que el registro → media recortada de 4 h
A160: 46276.031 | B160: 64.6089 | C160: 1 | E160: =IF(OR(C160=9,B160=""),"",B160-$C$3) -> 65.9289 | F160: =IF(C160=9,"",IF(C160=0,E160,IF(C160=1,IF(COUNT(E152:E168)=0,"",TRIMMEAN(E152:E168,0.5)),IF(D160="","",D160)))) -> 65.627222 | G160: oscilación más rápida que el registro → media recortada de 4 h
A161: 46276.042 | B161: 63.8533 | C161: 1 | E161: =IF(OR(C161=9,B161=""),"",B161-$C$3) -> 65.1733 | F161: =IF(C161=9,"",IF(C161=0,E161,IF(C161=1,IF(COUNT(E153:E169)=0,"",TRIMMEAN(E153:E169,0.5)),IF(D161="","",D161)))) -> 65.887589 | G161: oscilación más rápida que el registro → media recortada de 4 h
A162: 46276.052 | B162: 65.3472 | C162: 1 | E162: =IF(OR(C162=9,B162=""),"",B162-$C$3) -> 66.6672 | F162: =IF(C162=9,"",IF(C162=0,E162,IF(C162=1,IF(COUNT(E154:E170)=0,"",TRIMMEAN(E154:E170,0.5)),IF(D162="","",D162)))) -> 66.109944 | G162: oscilación más rápida que el registro → media recortada de 4 h
A163: 46276.062 | B163: 65.7775 | C163: 1 | E163: =IF(OR(C163=9,B163=""),"",B163-$C$3) -> 67.0975 | F163: =IF(C163=9,"",IF(C163=0,E163,IF(C163=1,IF(COUNT(E155:E171)=0,"",TRIMMEAN(E155:E171,0.5)),IF(D163="","",D163)))) -> 66.222089 | G163: oscilación más rápida que el registro → media recortada de 4 h
A164: 46276.073 | B164: 65.5401 | C164: 1 | E164: =IF(OR(C164=9,B164=""),"",B164-$C$3) -> 66.8601 | F164: =IF(C164=9,"",IF(C164=0,E164,IF(C164=1,IF(COUNT(E156:E172)=0,"",TRIMMEAN(E156:E172,0.5)),IF(D164="","",D164)))) -> 66.288233 | G164: oscilación más rápida que el registro → media recortada de 4 h
A165: 46276.083 | B165: 65.4366 | C165: 1 | E165: =IF(OR(C165=9,B165=""),"",B165-$C$3) -> 66.7566 | F165: =IF(C165=9,"",IF(C165=0,E165,IF(C165=1,IF(COUNT(E157:E173)=0,"",TRIMMEAN(E157:E173,0.5)),IF(D165="","",D165)))) -> 66.315811 | G165: oscilación más rápida que el registro → media recortada de 4 h
A166: 46276.094 | B166: 65.5968 | C166: 1 | E166: =IF(OR(C166=9,B166=""),"",B166-$C$3) -> 66.9168 | F166: =IF(C166=9,"",IF(C166=0,E166,IF(C166=1,IF(COUNT(E158:E174)=0,"",TRIMMEAN(E158:E174,0.5)),IF(D166="","",D166)))) -> 66.315811 | G166: oscilación más rápida que el registro → media recortada de 4 h
A167: 46276.104 | B167: 64.9835 | C167: 1 | E167: =IF(OR(C167=9,B167=""),"",B167-$C$3) -> 66.3035 | F167: =IF(C167=9,"",IF(C167=0,E167,IF(C167=1,IF(COUNT(E159:E175)=0,"",TRIMMEAN(E159:E175,0.5)),IF(D167="","",D167)))) -> 66.315811 | G167: oscilación más rápida que el registro → media recortada de 4 h
A168: 46276.115 | B168: 65.6522 | C168: 1 | E168: =IF(OR(C168=9,B168=""),"",B168-$C$3) -> 66.9722 | F168: =IF(C168=9,"",IF(C168=0,E168,IF(C168=1,IF(COUNT(E160:E176)=0,"",TRIMMEAN(E160:E176,0.5)),IF(D168="","",D168)))) -> 66.315811 | G168: oscilación más rápida que el registro → media recortada de 4 h
... A693: 46281.583 | B693: -1.3173 | C693: 9 | E693: =IF(OR(C693=9,B693=""),"",B693-$C$3) | F693: =IF(C693=9,"",IF(C693=0,E693,IF(C693=1,IF(COUNT(E685:E701)=0,"",TRIMMEAN(E685:E701,0.5)),IF(D693="","",D693)))) | G693: equipo sin instalar
A694: 46281.594 | B694: -1.3163 | C694: 9 | E694: =IF(OR(C694=9,B694=""),"",B694-$C$3) | F694: =IF(C694=9,"",IF(C694=0,E694,IF(C694=1,IF(COUNT(E686:E701)=0,"",TRIMMEAN(E686:E701,0.5)),IF(D694="","",D694)))) | G694: equipo sin instalar
A695: 46281.604 | B695: -1.2979 | C695: 9 | E695: =IF(OR(C695=9,B695=""),"",B695-$C$3) | F695: =IF(C695=9,"",IF(C695=0,E695,IF(C695=1,IF(COUNT(E687:E701)=0,"",TRIMMEAN(E687:E701,0.5)),IF(D695="","",D695)))) | G695: equipo sin instalar
A696: 46281.615 | B696: -1.3254 | C696: 9 | E696: =IF(OR(C696=9,B696=""),"",B696-$C$3) | F696: =IF(C696=9,"",IF(C696=0,E696,IF(C696=1,IF(COUNT(E688:E701)=0,"",TRIMMEAN(E688:E701,0.5)),IF(D696="","",D696)))) | G696: equipo sin instalar
A697: 46281.625 | B697: -1.3165 | C697: 9 | E697: =IF(OR(C697=9,B697=""),"",B697-$C$3) | F697: =IF(C697=9,"",IF(C697=0,E697,IF(C697=1,IF(COUNT(E689:E701)=0,"",TRIMMEAN(E689:E701,0.5)),IF(D697="","",D697)))) | G697: equipo sin instalar
A698: 46281.635 | B698: -1.3163 | C698: 9 | E698: =IF(OR(C698=9,B698=""),"",B698-$C$3) | F698: =IF(C698=9,"",IF(C698=0,E698,IF(C698=1,IF(COUNT(E690:E701)=0,"",TRIMMEAN(E690:E701,0.5)),IF(D698="","",D698)))) | G698: equipo sin instalar
A699: 46281.646 | B699: -1.3163 | C699: 9 | E699: =IF(OR(C699=9,B699=""),"",B699-$C$3) | F699: =IF(C699=9,"",IF(C699=0,E699,IF(C699=1,IF(COUNT(E691:E701)=0,"",TRIMMEAN(E691:E701,0.5)),IF(D699="","",D699)))) | G699: equipo sin instalar
A700: 46281.656 | B700: -1.3163 | C700: 9 | E700: =IF(OR(C700=9,B700=""),"",B700-$C$3) | F700: =IF(C700=9,"",IF(C700=0,E700,IF(C700=1,IF(COUNT(E692:E701)=0,"",TRIMMEAN(E692:E701,0.5)),IF(D700="","",D700)))) | G700: equipo sin instalar
A701: 46281.667 | B701: -1.3071 | C701: 9 | E701: =IF(OR(C701=9,B701=""),"",B701-$C$3) | F701: =IF(C701=9,"",IF(C701=0,E701,IF(C701=1,IF(COUNT(E693:E701)=0,"",TRIMMEAN(E693:E701,0.5)),IF(D701="","",D701)))) | G701: equipo sin instalar

Sheet L1
A1: L1 · Presión (m) · VN3948124
A2: Válido (suavizado)
A3: Offset | C3: 0
A4: Ventana (lecturas a cada lado) | C4: 4
A6: Fecha y hora | B6: Dato inicial (m) | C6: Marca | D6: Reemplazo | E6: Corregido (m) | F6: Dato depurado (m) | G6: Motivo
A7: 46263.688 | B7: 86.7423 | C7: 9 | E7: =IF(OR(C7=9,B7=""),"",B7-$C$3) | F7: =IF(C7=9,"",IF(C7=0,E7,IF(C7=1,IF(COUNT(E7:E11)=0,"",TRIMMEAN(E7:E11,0.5)),IF(D7="","",D7)))) | G7: equipo sin instalar
A8: 46263.698 | B8: 91.7527 | C8: 2 | E8: =IF(OR(C8=9,B8=""),"",B8-$C$3) -> 91.7527 | F8: =IF(C8=9,"",IF(C8=0,E8,IF(C8=1,IF(COUNT(E7:E12)=0,"",TRIMMEAN(E7:E12,0.5)),IF(D8="","",D8)))) | G8: pico aislado
A9: 46263.708 | B9: 92.7811 | C9: 2 | E9: =IF(OR(C9=9,B9=""),"",B9-$C$3) -> 92.7811 | F9: =IF(C9=9,"",IF(C9=0,E9,IF(C9=1,IF(COUNT(E7:E13)=0,"",TRIMMEAN(E7:E13,0.5)),IF(D9="","",D9)))) | G9: pico aislado
A10: 46263.719 | B10: 79.7834 | C10: 0 | E10: =IF(OR(C10=9,B10=""),"",B10-$C$3) -> 79.7834 | F10: =IF(C10=9,"",IF(C10=0,E10,IF(C10=1,IF(COUNT(E7:E14)=0,"",TRIMMEAN(E7:E14,0.5)),IF(D10="","",D10)))) -> 79.7834
A11: 46263.729 | B11: 75.4006 | C11: 0 | E11: =IF(OR(C11=9,B11=""),"",B11-$C$3) -> 75.4006 | F11: =IF(C11=9,"",IF(C11=0,E11,IF(C11=1,IF(COUNT(E7:E15)=0,"",TRIMMEAN(E7:E15,0.5)),IF(D11="","",D11)))) -> 75.4006
A12: 46263.74 | B12: 77.1624 | C12: 0 | E12: =IF(OR(C12=9,B12=""),"",B12-$C$3) -> 77.1624 | F12: =IF(C12=9,"",IF(C12=0,E12,IF(C12=1,IF(COUNT(E8:E16)=0,"",TRIMMEAN(E8:E16,0.5)),IF(D12="","",D12)))) -> 77.1624
A13: 46263.75 | B13: 81.0758 | C13: 0 | E13: =IF(OR(C13=9,B13=""),"",B13-$C$3) -> 81.0758 | F13: =IF(C13=9,"",IF(C13=0,E13,IF(C13=1,IF(COUNT(E9:E17)=0,"",TRIMMEAN(E9:E17,0.5)),IF(D13="","",D13)))) -> 81.0758
A14: 46263.76 | B14: 79.0575 | C14: 0 | E14: =IF(OR(C14=9,B14=""),"",B14-$C$3) -> 79.0575 | F14: =IF(C14=9,"",IF(C14=0,E14,IF(C14=1,IF(COUNT(E10:E18)=0,"",TRIMMEAN(E10:E18,0.5)),IF(D14="","",D14)))) -> 79.0575
A15: 46263.771 | B15: 79.2505 | C15: 0 | E15: =IF(OR(C15=9,B15=""),"",B15-$C$3) -> 79.2505 | F15: =IF(C15=9,"",IF(C15=0,E15,IF(C15=1,IF(COUNT(E11:E19)=0,"",TRIMMEAN(E11:E19,0.5)),IF(D15="","",D15)))) -> 79.2505
A16: 46263.781 | B16: 81.6971 | C16: 0 | E16: =IF(OR(C16=9,B16=""),"",B16-$C$3) -> 81.6971 | F16: =IF(C16=9,"",IF(C16=0,E16,IF(C16=1,IF(COUNT(E12:E20)=0,"",TRIMMEAN(E12:E20,0.5)),IF(D16="","",D16)))) -> 81.6971
A17: 46263.792 | B17: 84.6057 | C17: 0 | E17: =IF(OR(C17=9,B17=""),"",B17-$C$3) -> 84.6057 | F17: =IF(C17=9,"",IF(C17=0,E17,IF(C17=1,IF(COUNT(E13:E21)=0,"",TRIMMEAN(E13:E21,0.5)),IF(D17="","",D17)))) -> 84.6057
A18: 46263.802 | B18: 83.9856 | C18: 0 | E18: =IF(OR(C18=9,B18=""),"",B18-$C$3) -> 83.9856 | F18: =IF(C18=9,"",IF(C18=0,E18,IF(C18=1,IF(COUNT(E14:E22)=0,"",TRIMMEAN(E14:E22,0.5)),IF(D18="","",D18)))) -> 83.9856
A19: 46263.812 | B19: 84.7427 | C19: 0 | E19: =IF(OR(C19=9,B19=""),"",B19-$C$3) -> 84.7427 | F19: =IF(C19=9,"",IF(C19=0,E19,IF(C19=1,IF(COUNT(E15:E23)=0,"",TRIMMEAN(E15:E23,0.5)),IF(D19="","",D19)))) -> 84.7427
A20: 46263.823 | B20: 88.2888 | C20: 0 | E20: =IF(OR(C20=9,B20=""),"",B20-$C$3) -> 88.2888 | F20: =IF(C20=9,"",IF(C20=0,E20,IF(C20=1,IF(COUNT(E16:E24)=0,"",TRIMMEAN(E16:E24,0.5)),IF(D20="","",D20)))) -> 88.2888
A21: 46263.833 | B21: 89.3596 | C21: 0 | E21: =IF(OR(C21=9,B21=""),"",B21-$C$3) -> 89.3596 | F21: =IF(C21=9,"",IF(C21=0,E21,IF(C21=1,IF(COUNT(E17:E25)=0,"",TRIMMEAN(E17:E25,0.5)),IF(D21="","",D21)))) -> 89.3596
A22: 46263.844 | B22: 87.4994 | C22: 0 | E22: =IF(OR(C22=9,B22=""),"",B22-$C$3) -> 87.4994 | F22: =IF(C22=9,"",IF(C22=0,E22,IF(C22=1,IF(COUNT(E18:E26)=0,"",TRIMMEAN(E18:E26,0.5)),IF(D22="","",D22)))) -> 87.4994
... A66: 46264.302 | B66: 93.7449 | C66: 0 | E66: =IF(OR(C66=9,B66=""),"",B66-$C$3) -> 93.7449 | F66: =IF(C66=9,"",IF(C66=0,E66,IF(C66=1,IF(COUNT(E62:E70)=0,"",TRIMMEAN(E62:E70,0.5)),IF(D66="","",D66)))) -> 93.7449
A67: 46264.312 | B67: 100.2718 | C67: 2 | D67: 92.8745 | E67: =IF(OR(C67=9,B67=""),"",B67-$C$3) -> 100.2718 | F67: =IF(C67=9,"",IF(C67=0,E67,IF(C67=1,IF(COUNT(E63:E71)=0,"",TRIMMEAN(E63:E71,0.5)),IF(D67="","",D67)))) -> 92.8745 | G67: pico aislado
A68: 46264.323 | B68: 92.0042 | C68: 0 | E68: =IF(OR(C68=9,B68=""),"",B68-$C$3) -> 92.0042 | F68: =IF(C68=9,"",IF(C68=0,E68,IF(C68=1,IF(COUNT(E64:E72)=0,"",TRIMMEAN(E64:E72,0.5)),IF(D68="","",D68)))) -> 92.0042
A69: 46264.333 | B69: 88.2464 | C69: 0 | E69: =IF(OR(C69=9,B69=""),"",B69-$C$3) -> 88.2464 | F69: =IF(C69=9,"",IF(C69=0,E69,IF(C69=1,IF(COUNT(E65:E73)=0,"",TRIMMEAN(E65:E73,0.5)),IF(D69="","",D69)))) -> 88.2464
A70: 46264.344 | B70: 83.4004 | C70: 0 | E70: =IF(OR(C70=9,B70=""),"",B70-$C$3) -> 83.4004 | F70: =IF(C70=9,"",IF(C70=0,E70,IF(C70=1,IF(COUNT(E66:E74)=0,"",TRIMMEAN(E66:E74,0.5)),IF(D70="","",D70)))) -> 83.4004
A71: 46264.354 | B71: 79.2928 | C71: 0 | E71: =IF(OR(C71=9,B71=""),"",B71-$C$3) -> 79.2928 | F71: =IF(C71=9,"",IF(C71=0,E71,IF(C71=1,IF(COUNT(E67:E75)=0,"",TRIMMEAN(E67:E75,0.5)),IF(D71="","",D71)))) -> 79.2928
A72: 46264.365 | B72: 83.9508 | C72: 0 | E72: =IF(OR(C72=9,B72=""),"",B72-$C$3) -> 83.9508 | F72: =IF(C72=9,"",IF(C72=0,E72,IF(C72=1,IF(COUNT(E68:E76)=0,"",TRIMMEAN(E68:E76,0.5)),IF(D72="","",D72)))) -> 83.9508
A73: 46264.375 | B73: 86.7249 | C73: 0 | E73: =IF(OR(C73=9,B73=""),"",B73-$C$3) -> 86.7249 | F73: =IF(C73=9,"",IF(C73=0,E73,IF(C73=1,IF(COUNT(E69:E77)=0,"",TRIMMEAN(E69:E77,0.5)),IF(D73="","",D73)))) -> 86.7249
A74: 46264.385 | B74: 85.9878 | C74: 0 | E74: =IF(OR(C74=9,B74=""),"",B74-$C$3) -> 85.9878 | F74: =IF(C74=9,"",IF(C74=0,E74,IF(C74=1,IF(COUNT(E70:E78)=0,"",TRIMMEAN(E70:E78,0.5)),IF(D74="","",D74)))) -> 85.9878
A75: 46264.396 | B75: 79.5655 | C75: 0 | E75: =IF(OR(C75=9,B75=""),"",B75-$C$3) -> 79.5655 | F75: =IF(C75=9,"",IF(C75=0,E75,IF(C75=1,IF(COUNT(E71:E79)=0,"",TRIMMEAN(E71:E79,0.5)),IF(D75="","",D75)))) -> 79.5655
A76: 46264.406 | B76: 79.8904 | C76: 0 | E76: =IF(OR(C76=9,B76=""),"",B76-$C$3) -> 79.8904 | F76: =IF(C76=9,"",IF(C76=0,E76,IF(C76=1,IF(COUNT(E72:E80)=0,"",TRIMMEAN(E72:E80,0.5)),IF(D76="","",D76)))) -> 79.8904
A77: 46264.417 | B77: 70.5496 | C77: 0 | E77: =IF(OR(C77=9,B77=""),"",B77-$C$3) -> 70.5496 | F77: =IF(C77=9,"",IF(C77=0,E77,IF(C77=1,IF(COUNT(E73:E81)=0,"",TRIMMEAN(E73:E81,0.5)),IF(D77="","",D77)))) -> 70.5496
A78: 46264.427 | B78: 65.7559 | C78: 0 | E78: =IF(OR(C78=9,B78=""),"",B78-$C$3) -> 65.7559 | F78: =IF(C78=9,"",IF(C78=0,E78,IF(C78=1,IF(COUNT(E74:E82)=0,"",TRIMMEAN(E74:E82,0.5)),IF(D78="","",D78)))) -> 65.7559
A79: 46264.438 | B79: 63.7413 | C79: 0 | E79: =IF(OR(C79=9,B79=""),"",B79-$C$3) -> 63.7413 | F79: =IF(C79=9,"",IF(C79=0,E79,IF(C79=1,IF(COUNT(E75:E83)=0,"",TRIMMEAN(E75:E83,0.5)),IF(D79="","",D79)))) -> 63.7413
... A97: 46264.625 | B97: 62.3368 | C97: 0 | E97: =IF(OR(C97=9,B97=""),"",B97-$C$3) -> 62.3368 | F97: =IF(C97=9,"",IF(C97=0,E97,IF(C97=1,IF(COUNT(E93:E101)=0,"",TRIMMEAN(E93:E101,0.5)),IF(D97="","",D97)))) -> 62.3368
A98: 46264.635 | B98: 60.7219 | C98: 2 | D98: 63.1399 | E98: =IF(OR(C98=9,B98=""),"",B98-$C$3) -> 60.7219 | F98: =IF(C98=9,"",IF(C98=0,E98,IF(C98=1,IF(COUNT(E94:E102)=0,"",TRIMMEAN(E94:E102,0.5)),IF(D98="","",D98)))) -> 63.1399 | G98: pico aislado
A99: 46264.646 | B99: 63.943 | C99: 0 | E99: =IF(OR(C99=9,B99=""),"",B99-$C$3) -> 63.943 | F99: =IF(C99=9,"",IF(C99=0,E99,IF(C99=1,IF(COUNT(E95:E103)=0,"",TRIMMEAN(E95:E103,0.5)),IF(D99="","",D99)))) -> 63.943
A100: 46264.656 | B100: 71.0763 | C100: 0 | E100: =IF(OR(C100=9,B100=""),"",B100-$C$3) -> 71.0763 | F100: =IF(C100=9,"",IF(C100=0,E100,IF(C100=1,IF(COUNT(E96:E104)=0,"",TRIMMEAN(E96:E104,0.5)),IF(D100="","",D100)))) -> 71.0763
A101: 46264.667 | B101: 69.434 | C101: 0 | E101: =IF(OR(C101=9,B101=""),"",B101-$C$3) -> 69.434 | F101: =IF(C101=9,"",IF(C101=0,E101,IF(C101=1,IF(COUNT(E97:E105)=0,"",TRIMMEAN(E97:E105,0.5)),IF(D101="","",D101)))) -> 69.434
A102: 46264.677 | B102: 73.6599 | C102: 0 | E102: =IF(OR(C102=9,B102=""),"",B102-$C$3) -> 73.6599 | F102: =IF(C102=9,"",IF(C102=0,E102,IF(C102=1,IF(COUNT(E98:E106)=0,"",TRIMMEAN(E98:E106,0.5)),IF(D102="","",D102)))) -> 73.6599
A103: 46264.688 | B103: 75.3943 | C103: 0 | E103: =IF(OR(C103=9,B103=""),"",B103-$C$3) -> 75.3943 | F103: =IF(C103=9,"",IF(C103=0,E103,IF(C103=1,IF(COUNT(E99:E107)=0,"",TRIMMEAN(E99:E107,0.5)),IF(D103="","",D103)))) -> 75.3943
A104: 46264.698 | B104: 73.62 | C104: 0 | E104: =IF(OR(C104=9,B104=""),"",B104-$C$3) -> 73.62 | F104: =IF(C104=9,"",IF(C104=0,E104,IF(C104=1,IF(COUNT(E100:E108)=0,"",TRIMMEAN(E100:E108,0.5)),IF(D104="","",D104)))) -> 73.62
A105: 46264.708 | B105: 75.9758 | C105: 0 | E105: =IF(OR(C105=9,B105=""),"",B105-$C$3) -> 75.9758 | F105: =IF(C105=9,"",IF(C105=0,E105,IF(C105=1,IF(COUNT(E101:E109)=0,"",TRIMMEAN(E101:E109,0.5)),IF(D105="","",D105)))) -> 75.9758
A106: 46264.719 | B106: 72.6937 | C106: 0 | E106: =IF(OR(C106=9,B106=""),"",B106-$C$3) -> 72.6937 | F106: =IF(C106=9,"",IF(C106=0,E106,IF(C106=1,IF(COUNT(E102:E110)=0,"",TRIMMEAN(E102:E110,0.5)),IF(D106="","",D106)))) -> 72.6937
A107: 46264.729 | B107: 72.157 | C107: 0 | E107: =IF(OR(C107=9,B107=""),"",B107-$C$3) -> 72.157 | F107: =IF(C107=9,"",IF(C107=0,E107,IF(C107=1,IF(COUNT(E103:E111)=0,"",TRIMMEAN(E103:E111,0.5)),IF(D107="","",D107)))) -> 72.157
A108: 46264.74 | B108: 72.9738 | C108: 0 | E108: =IF(OR(C108=9,B108=""),"",B108-$C$3) -> 72.9738 | F108: =IF(C108=9,"",IF(C108=0,E108,IF(C108=1,IF(COUNT(E104:E112)=0,"",TRIMMEAN(E104:E112,0.5)),IF(D108="","",D108)))) -> 72.9738
A109: 46264.75 | B109: 73.2926 | C109: 0 | E109: =IF(OR(C109=9,B109=""),"",B109-$C$3) -> 73.2926 | F109: =IF(C109=9,"",IF(C109=0,E109,IF(C109=1,IF(COUNT(E105:E113)=0,"",TRIMMEAN(E105:E113,0.5)),IF(D109="","",D109)))) -> 73.2926
A110: 46264.76 | B110: 77.1636 | C110: 0 | E110: =IF(OR(C110=9,B110=""),"",B110-$C$3) -> 77.1636 | F110: =IF(C110=9,"",IF(C110=0,E110,IF(C110=1,IF(COUNT(E106:E114)=0,"",TRIMMEAN(E106:E114,0.5)),IF(D110="","",D110)))) -> 77.1636
... A164: 46265.323 | B164: 81.28 | C164: 0 | E164: =IF(OR(C164=9,B164=""),"",B164-$C$3) -> 81.28 | F164: =IF(C164=9,"",IF(C164=0,E164,IF(C164=1,IF(COUNT(E160:E168)=0,"",TRIMMEAN(E160:E168,0.5)),IF(D164="","",D164)))) -> 81.28
A165: 46265.333 | B165: 69.8934 | C165: 2 | D165: 78.6394 | E165: =IF(OR(C165=9,B165=""),"",B165-$C$3) -> 69.8934 | F165: =IF(C165=9,"",IF(C165=0,E165,IF(C165=1,IF(COUNT(E161:E169)=0,"",TRIMMEAN(E161:E169,0.5)),IF(D165="","",D165)))) -> 78.6394 | G165: pico aislado
A166: 46265.344 | B166: 93.4411 | C166: 2 | D166: 75.9988 | E166: =IF(OR(C166=9,B166=""),"",B166-$C$3) -> 93.4411 | F166: =IF(C166=9,"",IF(C166=0,E166,IF(C166=1,IF(COUNT(E162:E170)=0,"",TRIMMEAN(E162:E170,0.5)),IF(D166="","",D166)))) -> 75.9988 | G166: pico aislado
A167: 46265.354 | B167: 82.5388 | C167: 2 | D167: 73.3583 | E167: =IF(OR(C167=9,B167=""),"",B167-$C$3) -> 82.5388 | F167: =IF(C167=9,"",IF(C167=0,E167,IF(C167=1,IF(COUNT(E163:E171)=0,"",TRIMMEAN(E163:E171,0.5)),IF(D167="","",D167)))) -> 73.3583 | G167: pico aislado
A168: 46265.365 | B168: 70.7177 | C168: 0 | E168: =IF(OR(C168=9,B168=""),"",B168-$C$3) -> 70.7177 | F168: =IF(C168=9,"",IF(C168=0,E168,IF(C168=1,IF(COUNT(E164:E172)=0,"",TRIMMEAN(E164:E172,0.5)),IF(D168="","",D168)))) -> 70.7177
A169: 46265.375 | B169: 65.0325 | C169: 0 | E169: =IF(OR(C169=9,B169=""),"",B169-$C$3) -> 65.0325 | F169: =IF(C169=9,"",IF(C169=0,E169,IF(C169=1,IF(COUNT(E165:E173)=0,"",TRIMMEAN(E165:E173,0.5)),IF(D169="","",D169)))) -> 65.0325
A170: 46265.385 | B170: 66.0883 | C170: 0 | E170: =IF(OR(C170=9,B170=""),"",B170-$C$3) -> 66.0883 | F170: =IF(C170=9,"",IF(C170=0,E170,IF(C170=1,IF(COUNT(E166:E174)=0,"",TRIMMEAN(E166:E174,0.5)),IF(D170="","",D170)))) -> 66.0883
A171: 46265.396 | B171: 63.3902 | C171: 0 | E171: =IF(OR(C171=9,B171=""),"",B171-$C$3) -> 63.3902 | F171: =IF(C171=9,"",IF(C171=0,E171,IF(C171=1,IF(COUNT(E167:E175)=0,"",TRIMMEAN(E167:E175,0.5)),IF(D171="","",D171)))) -> 63.3902
A172: 46265.406 | B172: 54.8362 | C172: 0 | E172: =IF(OR(C172=9,B172=""),"",B172-$C$3) -> 54.8362 | F172: =IF(C172=9,"",IF(C172=0,E172,IF(C172=1,IF(COUNT(E168:E176)=0,"",TRIMMEAN(E168:E176,0.5)),IF(D172="","",D172)))) -> 54.8362
A173: 46265.417 | B173: 54.4701 | C173: 0 | E173: =IF(OR(C173=9,B173=""),"",B173-$C$3) -> 54.4701 | F173: =IF(C173=9,"",IF(C173=0,E173,IF(C173=1,IF(COUNT(E169:E177)=0,"",TRIMMEAN(E169:E177,0.5)),IF(D173="","",D173)))) -> 54.4701
A174: 46265.427 | B174: 53.4529 | C174: 0 | E174: =IF(OR(C174=9,B174=""),"",B174-$C$3) -> 53.4529 | F174: =IF(C174=9,"",IF(C174=0,E174,IF(C174=1,IF(COUNT(E170:E178)=0,"",TRIMMEAN(E170:E178,0.5)),IF(D174="","",D174)))) -> 53.4529
A175: 46265.438 | B175: 55.6069 | C175: 0 | E175: =IF(OR(C175=9,B175=""),"",B175-$C$3) -> 55.6069 | F175: =IF(C175=9,"",IF(C175=0,E175,IF(C175=1,IF(COUNT(E171:E179)=0,"",TRIMMEAN(E171:E179,0.5)),IF(D175="","",D175)))) -> 55.6069
A176: 46265.448 | B176: 61.0058 | C176: 0 | E176: =IF(OR(C176=9,B176=""),"",B176-$C$3) -> 61.0058 | F176: =IF(C176=9,"",IF(C176=0,E176,IF(C176=1,IF(COUNT(E172:E180)=0,"",TRIMMEAN(E172:E180,0.5)),IF(D176="","",D176)))) -> 61.0058
A177: 46265.458 | B177: 57.8531 | C177: 0 | E177: =IF(OR(C177=9,B177=""),"",B177-$C$3) -> 57.8531 | F177: =IF(C177=9,"",IF(C177=0,E177,IF(C177=1,IF(COUNT(E173:E181)=0,"",TRIMMEAN(E173:E181,0.5)),IF(D177="","",D177)))) -> 57.8531
A178: 46265.469 | B178: 64.4149 | C178: 0 | E178: =IF(OR(C178=9,B178=""),"",B178-$C$3) -> 64.4149 | F178: =IF(C178=9,"",IF(C178=0,E178,IF(C178=1,IF(COUNT(E174:E182)=0,"",TRIMMEAN(E174:E182,0.5)),IF(D178="","",D178)))) -> 64.4149
A179: 46265.479 | B179: 58.142 | C179: 0 | E179: =IF(OR(C179=9,B179=""),"",B179-$C$3) -> 58.142 | F179: =IF(C179=9,"",IF(C179=0,E179,IF(C179=1,IF(COUNT(E175:E183)=0,"",TRIMMEAN(E175:E183,0.5)),IF(D179="","",D179)))) -> 58.142
... A324: 46266.99 | B324: 53.1503 | C324: 0 | E324: =IF(OR(C324=9,B324=""),"",B324-$C$3) -> 53.1503 | F324: =IF(C324=9,"",IF(C324=0,E324,IF(C324=1,IF(COUNT(E320:E328)=0,"",TRIMMEAN(E320:E328,0.5)),IF(D324="","",D324)))) -> 53.1503
A325: 46267 | B325: 55.3056 | C325: 1 | E325: =IF(OR(C325=9,B325=""),"",B325-$C$3) -> 55.3056 | F325: =IF(C325=9,"",IF(C325=0,E325,IF(C325=1,IF(COUNT(E321:E329)=0,"",TRIMMEAN(E321:E329,0.5)),IF(D325="","",D325)))) -> 54.49278 | G325: oscilación más rápida que el registro → media recortada de 2 h
A326: 46267.01 | B326: 59.3224 | C326: 1 | E326: =IF(OR(C326=9,B326=""),"",B326-$C$3) -> 59.3224 | F326: =IF(C326=9,"",IF(C326=0,E326,IF(C326=1,IF(COUNT(E322:E330)=0,"",TRIMMEAN(E322:E330,0.5)),IF(D326="","",D326)))) -> 53.88518 | G326: oscilación más rápida que el registro → media recortada de 2 h
A327: 46267.021 | B327: 53.357 | C327: 1 | E327: =IF(OR(C327=9,B327=""),"",B327-$C$3) -> 53.357 | F327: =IF(C327=9,"",IF(C327=0,E327,IF(C327=1,IF(COUNT(E323:E331)=0,"",TRIMMEAN(E323:E331,0.5)),IF(D327="","",D327)))) -> 53.4733 | G327: oscilación más rápida que el registro → media recortada de 2 h
A328: 46267.031 | B328: 51.061 | C328: 1 | E328: =IF(OR(C328=9,B328=""),"",B328-$C$3) -> 51.061 | F328: =IF(C328=9,"",IF(C328=0,E328,IF(C328=1,IF(COUNT(E324:E332)=0,"",TRIMMEAN(E324:E332,0.5)),IF(D328="","",D328)))) -> 54.72016 | G328: oscilación más rápida que el registro → media recortada de 2 h
A329: 46267.042 | B329: 59.8901 | C329: 1 | E329: =IF(OR(C329=9,B329=""),"",B329-$C$3) -> 59.8901 | F329: =IF(C329=9,"",IF(C329=0,E329,IF(C329=1,IF(COUNT(E325:E333)=0,"",TRIMMEAN(E325:E333,0.5)),IF(D329="","",D329)))) -> 55.1333 | G329: oscilación más rápida que el registro → media recortada de 2 h
A330: 46267.052 | B330: 54.4926 | C330: 1 | E330: =IF(OR(C330=9,B330=""),"",B330-$C$3) -> 54.4926 | F330: =IF(C330=9,"",IF(C330=0,E330,IF(C330=1,IF(COUNT(E326:E334)=0,"",TRIMMEAN(E326:E334,0.5)),IF(D330="","",D330)))) -> 54.58246 | G330: oscilación más rápida que el registro → media recortada de 2 h
A331: 46267.062 | B331: 50.7672 | C331: 1 | E331: =IF(OR(C331=9,B331=""),"",B331-$C$3) -> 50.7672 | F331: =IF(C331=9,"",IF(C331=0,E331,IF(C331=1,IF(COUNT(E327:E335)=0,"",TRIMMEAN(E327:E335,0.5)),IF(D331="","",D331)))) -> 54.40266 | G331: oscilación más rápida que el registro → media recortada de 2 h
A332: 46267.073 | B332: 57.2953 | C332: 1 | E332: =IF(OR(C332=9,B332=""),"",B332-$C$3) -> 57.2953 | F332: =IF(C332=9,"",IF(C332=0,E332,IF(C332=1,IF(COUNT(E328:E336)=0,"",TRIMMEAN(E328:E336,0.5)),IF(D332="","",D332)))) -> 54.42184 | G332: oscilación más rápida que el registro → media recortada de 2 h
A333: 46267.083 | B333: 55.216 | C333: 1 | E333: =IF(OR(C333=9,B333=""),"",B333-$C$3) -> 55.216 | F333: =IF(C333=9,"",IF(C333=0,E333,IF(C333=1,IF(COUNT(E329:E337)=0,"",TRIMMEAN(E329:E337,0.5)),IF(D333="","",D333)))) -> 54.82452 | G333: oscilación más rápida que el registro → media recortada de 2 h
A334: 46267.094 | B334: 52.5514 | C334: 1 | E334: =IF(OR(C334=9,B334=""),"",B334-$C$3) -> 52.5514 | F334: =IF(C334=9,"",IF(C334=0,E334,IF(C334=1,IF(COUNT(E330:E338)=0,"",TRIMMEAN(E330:E338,0.5)),IF(D334="","",D334)))) -> 54.82452 | G334: oscilación más rápida que el registro → media recortada de 2 h
A335: 46267.104 | B335: 56.3963 | C335: 1 | E335: =IF(OR(C335=9,B335=""),"",B335-$C$3) -> 56.3963 | F335: =IF(C335=9,"",IF(C335=0,E335,IF(C335=1,IF(COUNT(E331:E339)=0,"",TRIMMEAN(E331:E339,0.5)),IF(D335="","",D335)))) -> 54.43628 | G335: oscilación más rápida que el registro → media recortada de 2 h
A336: 46267.115 | B336: 53.4529 | C336: 1 | E336: =IF(OR(C336=9,B336=""),"",B336-$C$3) -> 53.4529 | F336: =IF(C336=9,"",IF(C336=0,E336,IF(C336=1,IF(COUNT(E332:E340)=0,"",TRIMMEAN(E332:E340,0.5)),IF(D336="","",D336)))) -> 55.38506 | G336: oscilación más rápida que el registro → media recortada de 2 h
... A516: 46268.99 | B516: 66.1593 | C516: 1 | E516: =IF(OR(C516=9,B516=""),"",B516-$C$3) -> 66.1593 | F516: =IF(C516=9,"",IF(C516=0,E516,IF(C516=1,IF(COUNT(E512:E520)=0,"",TRIMMEAN(E512:E520,0.5)),IF(D516="","",D516)))) -> 59.3134 | G516: oscilación más rápida que el registro → media recortada de 2 h
A517: 46269 | B517: 63.4088 | C517: 0 | E517: =IF(OR(C517=9,B517=""),"",B517-$C$3) -> 63.4088 | F517: =IF(C517=9,"",IF(C517=0,E517,IF(C517=1,IF(COUNT(E513:E521)=0,"",TRIMMEAN(E513:E521,0.5)),IF(D517="","",D517)))) -> 63.4088
A518: 46269.01 | B518: 56.7985 | C518: 0 | E518: =IF(OR(C518=9,B518=""),"",B518-$C$3) -> 56.7985 | F518: =IF(C518=9,"",IF(C518=0,E518,IF(C518=1,IF(COUNT(E514:E522)=0,"",TRIMMEAN(E514:E522,0.5)),IF(D518="","",D518)))) -> 56.7985
A519: 46269.021 | B519: 57.883 | C519: 0 | E519: =IF(OR(C519=9,B519=""),"",B519-$C$3) -> 57.883 | F519: =IF(C519=9,"",IF(C519=0,E519,IF(C519=1,IF(COUNT(E515:E523)=0,"",TRIMMEAN(E515:E523,0.5)),IF(D519="","",D519)))) -> 57.883
A520: 46269.031 | B520: 57.1534 | C520: 0 | E520: =IF(OR(C520=9,B520=""),"",B520-$C$3) -> 57.1534 | F520: =IF(C520=9,"",IF(C520=0,E520,IF(C520=1,IF(COUNT(E516:E524)=0,"",TRIMMEAN(E516:E524,0.5)),IF(D520="","",D520)))) -> 57.1534
A521: 46269.042 | B521: 66.7221 | C521: 0 | E521: =IF(OR(C521=9,B521=""),"",B521-$C$3) -> 66.7221 | F521: =IF(C521=9,"",IF(C521=0,E521,IF(C521=1,IF(COUNT(E517:E525)=0,"",TRIMMEAN(E517:E525,0.5)),IF(D521="","",D521)))) -> 66.7221
A522: 46269.052 | B522: 66.6686 | C522: 0 | E522: =IF(OR(C522=9,B522=""),"",B522-$C$3) -> 66.6686 | F522: =IF(C522=9,"",IF(C522=0,E522,IF(C522=1,IF(COUNT(E518:E526)=0,"",TRIMMEAN(E518:E526,0.5)),IF(D522="","",D522)))) -> 66.6686
A523: 46269.062 | B523: 64.0526 | C523: 0 | E523: =IF(OR(C523=9,B523=""),"",B523-$C$3) -> 64.0526 | F523: =IF(C523=9,"",IF(C523=0,E523,IF(C523=1,IF(COUNT(E519:E527)=0,"",TRIMMEAN(E519:E527,0.5)),IF(D523="","",D523)))) -> 64.0526
A524: 46269.073 | B524: 63.501 | C524: 0 | E524: =IF(OR(C524=9,B524=""),"",B524-$C$3) -> 63.501 | F524: =IF(C524=9,"",IF(C524=0,E524,IF(C524=1,IF(COUNT(E520:E528)=0,"",TRIMMEAN(E520:E528,0.5)),IF(D524="","",D524)))) -> 63.501
A525: 46269.083 | B525: 60.1989 | C525: 0 | E525: =IF(OR(C525=9,B525=""),"",B525-$C$3) -> 60.1989 | F525: =IF(C525=9,"",IF(C525=0,E525,IF(C525=1,IF(COUNT(E521:E529)=0,"",TRIMMEAN(E521:E529,0.5)),IF(D525="","",D525)))) -> 60.1989
A526: 46269.094 | B526: 57.5792 | C526: 0 | E526: =IF(OR(C526=9,B526=""),"",B526-$C$3) -> 57.5792 | F526: =IF(C526=9,"",IF(C526=0,E526,IF(C526=1,IF(COUNT(E522:E530)=0,"",TRIMMEAN(E522:E530,0.5)),IF(D526="","",D526)))) -> 57.5792
A527: 46269.104 | B527: 63.6778 | C527: 0 | E527: =IF(OR(C527=9,B527=""),"",B527-$C$3) -> 63.6778 | F527: =IF(C527=9,"",IF(C527=0,E527,IF(C527=1,IF(COUNT(E523:E531)=0,"",TRIMMEAN(E523:E531,0.5)),IF(D527="","",D527)))) -> 63.6778
A528: 46269.115 | B528: 66.4793 | C528: 0 | E528: =IF(OR(C528=9,B528=""),"",B528-$C$3) -> 66.4793 | F528: =IF(C528=9,"",IF(C528=0,E528,IF(C528=1,IF(COUNT(E524:E532)=0,"",TRIMMEAN(E524:E532,0.5)),IF(D528="","",D528)))) -> 66.4793
... A544: 46269.281 | B544: 64.192 | C544: 0 | E544: =IF(OR(C544=9,B544=""),"",B544-$C$3) -> 64.192 | F544: =IF(C544=9,"",IF(C544=0,E544,IF(C544=1,IF(COUNT(E540:E548)=0,"",TRIMMEAN(E540:E548,0.5)),IF(D544="","",D544)))) -> 64.192
A545: 46269.292 | B545: 55.6393 | C545: 2 | D545: 62.1189 | E545: =IF(OR(C545=9,B545=""),"",B545-$C$3) -> 55.6393 | F545: =IF(C545=9,"",IF(C545=0,E545,IF(C545=1,IF(COUNT(E541:E549)=0,"",TRIMMEAN(E541:E549,0.5)),IF(D545="","",D545)))) -> 62.1189 | G545: pico aislado
A546: 46269.302 | B546: 60.0458 | C546: 0 | E546: =IF(OR(C546=9,B546=""),"",B546-$C$3) -> 60.0458 | F546: =IF(C546=9,"",IF(C546=0,E546,IF(C546=1,IF(COUNT(E542:E550)=0,"",TRIMMEAN(E542:E550,0.5)),IF(D546="","",D546)))) -> 60.0458
A547: 46269.312 | B547: 64.6814 | C547: 0 | E547: =IF(OR(C547=9,B547=""),"",B547-$C$3) -> 64.6814 | F547: =IF(C547=9,"",IF(C547=0,E547,IF(C547=1,IF(COUNT(E543:E551)=0,"",TRIMMEAN(E543:E551,0.5)),IF(D547="","",D547)))) -> 64.6814
A548: 46269.323 | B548: 63.6778 | C548: 0 | E548: =IF(OR(C548=9,B548=""),"",B548-$C$3) -> 63.6778 | F548: =IF(C548=9,"",IF(C548=0,E548,IF(C548=1,IF(COUNT(E544:E552)=0,"",TRIMMEAN(E544:E552,0.5)),IF(D548="","",D548)))) -> 63.6778
A549: 46269.333 | B549: 64.7623 | C549: 0 | E549: =IF(OR(C549=9,B549=""),"",B549-$C$3) -> 64.7623 | F549: =IF(C549=9,"",IF(C549=0,E549,IF(C549=1,IF(COUNT(E545:E553)=0,"",TRIMMEAN(E545:E553,0.5)),IF(D549="","",D549)))) -> 64.7623
A550: 46269.344 | B550: 65.6886 | C550: 0 | E550: =IF(OR(C550=9,B550=""),"",B550-$C$3) -> 65.6886 | F550: =IF(C550=9,"",IF(C550=0,E550,IF(C550=1,IF(COUNT(E546:E554)=0,"",TRIMMEAN(E546:E554,0.5)),IF(D550="","",D550)))) -> 65.6886
A551: 46269.354 | B551: 65.7808 | C551: 0 | E551: =IF(OR(C551=9,B551=""),"",B551-$C$3) -> 65.7808 | F551: =IF(C551=9,"",IF(C551=0,E551,IF(C551=1,IF(COUNT(E547:E555)=0,"",TRIMMEAN(E547:E555,0.5)),IF(D551="","",D551)))) -> 65.7808
A552: 46269.365 | B552: 65.152 | C552: 0 | E552: =IF(OR(C552=9,B552=""),"",B552-$C$3) -> 65.152 | F552: =IF(C552=9,"",IF(C552=0,E552,IF(C552=1,IF(COUNT(E548:E556)=0,"",TRIMMEAN(E548:E556,0.5)),IF(D552="","",D552)))) -> 65.152
...

Sheet L2
A1: L2 · Presión (m) · 3949454
A2: Válido (suavizado)
A3: Offset | C3: 0
A4: Ventana (lecturas a cada lado) | C4: 4
A6: Fecha y hora | B6: Dato inicial (m) | C6: Marca | D6: Reemplazo | E6: Corregido (m) | F6: Dato depurado (m) | G6: Motivo
A7: 46263.708 | B7: 22.0628 | C7: 9 | E7: =IF(OR(C7=9,B7=""),"",B7-$C$3) | F7: =IF(C7=9,"",IF(C7=0,E7,IF(C7=1,IF(COUNT(E7:E11)=0,"",TRIMMEAN(E7:E11,0.5)),IF(D7="","",D7)))) | G7: equipo sin instalar
A8: 46263.719 | B8: 24.0858 | C8: 0 | E8: =IF(OR(C8=9,B8=""),"",B8-$C$3) -> 24.0858 | F8: =IF(C8=9,"",IF(C8=0,E8,IF(C8=1,IF(COUNT(E7:E12)=0,"",TRIMMEAN(E7:E12,0.5)),IF(D8="","",D8)))) -> 24.0858
A9: 46263.729 | B9: 24.1639 | C9: 0 | E9: =IF(OR(C9=9,B9=""),"",B9-$C$3) -> 24.1639 | F9: =IF(C9=9,"",IF(C9=0,E9,IF(C9=1,IF(COUNT(E7:E13)=0,"",TRIMMEAN(E7:E13,0.5)),IF(D9="","",D9)))) -> 24.1639
A10: 46263.74 | B10: 24.8275 | C10: 0 | E10: =IF(OR(C10=9,B10=""),"",B10-$C$3) -> 24.8275 | F10: =IF(C10=9,"",IF(C10=0,E10,IF(C10=1,IF(COUNT(E7:E14)=0,"",TRIMMEAN(E7:E14,0.5)),IF(D10="","",D10)))) -> 24.8275
A11: 46263.75 | B11: 25.3475 | C11: 0 | E11: =IF(OR(C11=9,B11=""),"",B11-$C$3) -> 25.3475 | F11: =IF(C11=9,"",IF(C11=0,E11,IF(C11=1,IF(COUNT(E7:E15)=0,"",TRIMMEAN(E7:E15,0.5)),IF(D11="","",D11)))) -> 25.3475
A12: 46263.76 | B12: 25.1174 | C12: 0 | E12: =IF(OR(C12=9,B12=""),"",B12-$C$3) -> 25.1174 | F12: =IF(C12=9,"",IF(C12=0,E12,IF(C12=1,IF(COUNT(E8:E16)=0,"",TRIMMEAN(E8:E16,0.5)),IF(D12="","",D12)))) -> 25.1174
