Workbook

Sheet Resumen
A1: Tanque Durazno · fuga entre el caudalímetro de entrada y el tanque
A2: ZP-05 Vista del Mar · Q2 (entrada) y Q3 (salida), datos crudos del equipo ultrasónico cada 15 min
A4: Parámetro | B4: Valor | H4: Origen / criterio
A5: Factor del medidor Q2 (k) | B5: 1.259 | H5: Q2 = k × entrada real + fuga. Ajustado con los días sin fuga (30/08 y 01–03/09): media diaria, noche 01–05 h y mediodía 10–14 h. Q2 lee de más: señal 0,004 V (Q3 0,30 V) y velocidad del sonido 1603 m/s (agua ≈ 1500).
A6: Inicio de la fuga | B6: 46269.698 | H6: Cambio de nivel del exceso Q2 − k·Q3 (segmentación). Entre 10:00 y 16:45 del 04/09 la entrada estuvo estrangulada y el tanque bajó; al reabrir aparece la fuga.
A7: Reparación | B7: 46281.354 | H7: Inicio de la maniobra de reparación (16/09); a las 12:00 se retira el equipo.
A8: Diámetro del tanque (m) | B8: 5.19 | H8: INP, tanque 3949679
A9: Área (m²) | B9: =PI()*B8^2/4 -> 21.155563
A10: Nivel de control (m) | B10: 1.85 | H10: Nivel que mantiene la VRP 3960324 de entrada (consigna 2,45 m en cota 1587,1 → carga 1589,55 m; fondo 1587,70 m). Ancla de la curva.
A11: Inicio del balance | B11: 46266 | H11: Antes del 01/09 hay cortes y pérdidas de señal en Q2/Q3 que impiden integrar el balance.
A13: Resultado por día
A14: Día | B14: Q2 medio (L/s) | C14: Q3 medio (L/s) | D14: Entrada real (L/s) | E14: Fuga media (L/s) | F14: Fuga (m³/día) | G14: Fuga / Q2 (%)
A15: 46261 | B15: =IFERROR(AVERAGEIFS(Datos!$B$8:$B$1936,Datos!$A$8:$A$1936,">="&$A15,Datos!$A$8:$A$1936,"<"&($A15+1)),"") -> 3.6601038 | C15: =IFERROR(AVERAGEIFS(Datos!$C$8:$C$1936,Datos!$A$8:$A$1936,">="&$A15,Datos!$A$8:$A$1936,"<"&($A15+1)),"") -> 3.0479212 | D15: =IFERROR(AVERAGEIFS(Datos!$F$8:$F$1936,Datos!$A$8:$A$1936,">="&$A15,Datos!$A$8:$A$1936,"<"&($A15+1)),"") -> 2.9071516 | E15: =IFERROR(AVERAGEIFS(Datos!$E$8:$E$1936,Datos!$A$8:$A$1936,">="&$A15,Datos!$A$8:$A$1936,"<"&($A15+1)),"") -> 0 | F15: =IF(E15="","",E15*86.4) -> 0 | G15: =IF(OR(E15="",B15="",B15=0),"",E15/B15) -> 0
A16: 46262 | B16: =IFERROR(AVERAGEIFS(Datos!$B$8:$B$1936,Datos!$A$8:$A$1936,">="&$A16,Datos!$A$8:$A$1936,"<"&($A16+1)),"") -> 1.8514656 | C16: =IFERROR(AVERAGEIFS(Datos!$C$8:$C$1936,Datos!$A$8:$A$1936,">="&$A16,Datos!$A$8:$A$1936,"<"&($A16+1)),"") -> 1.4431542 | D16: =IFERROR(AVERAGEIFS(Datos!$F$8:$F$1936,Datos!$A$8:$A$1936,">="&$A16,Datos!$A$8:$A$1936,"<"&($A16+1)),"") -> 1.4705843 | E16: =IFERROR(AVERAGEIFS(Datos!$E$8:$E$1936,Datos!$A$8:$A$1936,">="&$A16,Datos!$A$8:$A$1936,"<"&($A16+1)),"") -> 0 | F16: =IF(E16="","",E16*86.4) -> 0 | G16: =IF(OR(E16="",B16="",B16=0),"",E16/B16) -> 0
A17: 46263 | B17: =IFERROR(AVERAGEIFS(Datos!$B$8:$B$1936,Datos!$A$8:$A$1936,">="&$A17,Datos!$A$8:$A$1936,"<"&($A17+1)),"") -> 3.7166573 | C17: =IFERROR(AVERAGEIFS(Datos!$C$8:$C$1936,Datos!$A$8:$A$1936,">="&$A17,Datos!$A$8:$A$1936,"<"&($A17+1)),"") -> 1.5012396 | D17: =IFERROR(AVERAGEIFS(Datos!$F$8:$F$1936,Datos!$A$8:$A$1936,">="&$A17,Datos!$A$8:$A$1936,"<"&($A17+1)),"") -> 2.9520709 | E17: =IFERROR(AVERAGEIFS(Datos!$E$8:$E$1936,Datos!$A$8:$A$1936,">="&$A17,Datos!$A$8:$A$1936,"<"&($A17+1)),"") -> 0 | F17: =IF(E17="","",E17*86.4) -> 0 | G17: =IF(OR(E17="",B17="",B17=0),"",E17/B17) -> 0
A18: 46264 | B18: =IFERROR(AVERAGEIFS(Datos!$B$8:$B$1936,Datos!$A$8:$A$1936,">="&$A18,Datos!$A$8:$A$1936,"<"&($A18+1)),"") -> 3.2332813 | C18: =IFERROR(AVERAGEIFS(Datos!$C$8:$C$1936,Datos!$A$8:$A$1936,">="&$A18,Datos!$A$8:$A$1936,"<"&($A18+1)),"") -> 2.6813417 | D18: =IFERROR(AVERAGEIFS(Datos!$F$8:$F$1936,Datos!$A$8:$A$1936,">="&$A18,Datos!$A$8:$A$1936,"<"&($A18+1)),"") -> 2.5681344 | E18: =IFERROR(AVERAGEIFS(Datos!$E$8:$E$1936,Datos!$A$8:$A$1936,">="&$A18,Datos!$A$8:$A$1936,"<"&($A18+1)),"") -> 0 | F18: =IF(E18="","",E18*86.4) -> 0 | G18: =IF(OR(E18="",B18="",B18=0),"",E18/B18) -> 0
A19: 46265 | B19: =IFERROR(AVERAGEIFS(Datos!$B$8:$B$1936,Datos!$A$8:$A$1936,">="&$A19,Datos!$A$8:$A$1936,"<"&($A19+1)),"") -> 3.4705344 | C19: =IFERROR(AVERAGEIFS(Datos!$C$8:$C$1936,Datos!$A$8:$A$1936,">="&$A19,Datos!$A$8:$A$1936,"<"&($A19+1)),"") -> 1.941275 | D19: =IFERROR(AVERAGEIFS(Datos!$F$8:$F$1936,Datos!$A$8:$A$1936,">="&$A19,Datos!$A$8:$A$1936,"<"&($A19+1)),"") -> 2.7565801 | E19: =IFERROR(AVERAGEIFS(Datos!$E$8:$E$1936,Datos!$A$8:$A$1936,">="&$A19,Datos!$A$8:$A$1936,"<"&($A19+1)),"") -> 0 | F19: =IF(E19="","",E19*86.4) -> 0 | G19: =IF(OR(E19="",B19="",B19=0),"",E19/B19) -> 0
A20: 46266 | B20: =IFERROR(AVERAGEIFS(Datos!$B$8:$B$1936,Datos!$A$8:$A$1936,">="&$A20,Datos!$A$8:$A$1936,"<"&($A20+1)),"") -> 3.4728344 | C20: =IFERROR(AVERAGEIFS(Datos!$C$8:$C$1936,Datos!$A$8:$A$1936,">="&$A20,Datos!$A$8:$A$1936,"<"&($A20+1)),"") -> 2.7024438 | D20: =IFERROR(AVERAGEIFS(Datos!$F$8:$F$1936,Datos!$A$8:$A$1936,">="&$A20,Datos!$A$8:$A$1936,"<"&($A20+1)),"") -> 2.758407 | E20: =IFERROR(AVERAGEIFS(Datos!$E$8:$E$1936,Datos!$A$8:$A$1936,">="&$A20,Datos!$A$8:$A$1936,"<"&($A20+1)),"") -> 0 | F20: =IF(E20="","",E20*86.4) -> 0 | G20: =IF(OR(E20="",B20="",B20=0),"",E20/B20) -> 0
A21: 46267 | B21: =IFERROR(AVERAGEIFS(Datos!$B$8:$B$1936,Datos!$A$8:$A$1936,">="&$A21,Datos!$A$8:$A$1936,"<"&($A21+1)),"") -> 3.5544667 | C21: =IFERROR(AVERAGEIFS(Datos!$C$8:$C$1936,Datos!$A$8:$A$1936,">="&$A21,Datos!$A$8:$A$1936,"<"&($A21+1)),"") -> 2.8433031 | D21: =IFERROR(AVERAGEIFS(Datos!$F$8:$F$1936,Datos!$A$8:$A$1936,">="&$A21,Datos!$A$8:$A$1936,"<"&($A21+1)),"") -> 2.823246 | E21: =IFERROR(AVERAGEIFS(Datos!$E$8:$E$1936,Datos!$A$8:$A$1936,">="&$A21,Datos!$A$8:$A$1936,"<"&($A21+1)),"") -> 0 | F21: =IF(E21="","",E21*86.4) -> 0 | G21: =IF(OR(E21="",B21="",B21=0),"",E21/B21) -> 0
A22: 46268 | B22: =IFERROR(AVERAGEIFS(Datos!$B$8:$B$1936,Datos!$A$8:$A$1936,">="&$A22,Datos!$A$8:$A$1936,"<"&($A22+1)),"") -> 3.8226896 | C22: =IFERROR(AVERAGEIFS(Datos!$C$8:$C$1936,Datos!$A$8:$A$1936,">="&$A22,Datos!$A$8:$A$1936,"<"&($A22+1)),"") -> 2.8495 | D22: =IFERROR(AVERAGEIFS(Datos!$F$8:$F$1936,Datos!$A$8:$A$1936,">="&$A22,Datos!$A$8:$A$1936,"<"&($A22+1)),"") -> 3.0362904 | E22: =IFERROR(AVERAGEIFS(Datos!$E$8:$E$1936,Datos!$A$8:$A$1936,">="&$A22,Datos!$A$8:$A$1936,"<"&($A22+1)),"") -> 0 | F22: =IF(E22="","",E22*86.4) -> 0 | G22: =IF(OR(E22="",B22="",B22=0),"",E22/B22) -> 0
A23: 46269 | B23: =IFERROR(AVERAGEIFS(Datos!$B$8:$B$1936,Datos!$A$8:$A$1936,">="&$A23,Datos!$A$8:$A$1936,"<"&($A23+1)),"") -> 4.002 | C23: =IFERROR(AVERAGEIFS(Datos!$C$8:$C$1936,Datos!$A$8:$A$1936,">="&$A23,Datos!$A$8:$A$1936,"<"&($A23+1)),"") -> 3.0411094 | D23: =IFERROR(AVERAGEIFS(Datos!$F$8:$F$1936,Datos!$A$8:$A$1936,">="&$A23,Datos!$A$8:$A$1936,"<"&($A23+1)),"") -> 3.1377962 | E23: =IFERROR(AVERAGEIFS(Datos!$E$8:$E$1936,Datos!$A$8:$A$1936,">="&$A23,Datos!$A$8:$A$1936,"<"&($A23+1)),"") -> 0.051514607 | F23: =IF(E23="","",E23*86.4) -> 4.450862 | G23: =IF(OR(E23="",B23="",B23=0),"",E23/B23) -> 0.012872216
A24: 46270 | B24: =IFERROR(AVERAGEIFS(Datos!$B$8:$B$1936,Datos!$A$8:$A$1936,">="&$A24,Datos!$A$8:$A$1936,"<"&($A24+1)),"") -> 3.9310229 | C24: =IFERROR(AVERAGEIFS(Datos!$C$8:$C$1936,Datos!$A$8:$A$1936,">="&$A24,Datos!$A$8:$A$1936,"<"&($A24+1)),"") -> 2.709676 | D24: =IFERROR(AVERAGEIFS(Datos!$F$8:$F$1936,Datos!$A$8:$A$1936,">="&$A24,Datos!$A$8:$A$1936,"<"&($A24+1)),"") -> 2.68741 | E24: =IFERROR(AVERAGEIFS(Datos!$E$8:$E$1936,Datos!$A$8:$A$1936,">="&$A24,Datos!$A$8:$A$1936,"<"&($A24+1)),"") -> 0.54757375 | F24: =IF(E24="","",E24*86.4) -> 47.310372 | G24: =IF(OR(E24="",B24="",B24=0),"",E24/B24) -> 0.13929549
A25: 46271 | B25: =IFERROR(AVERAGEIFS(Datos!$B$8:$B$1936,Datos!$A$8:$A$1936,">="&$A25,Datos!$A$8:$A$1936,"<"&($A25+1)),"") -> 3.9025333 | C25: =IFERROR(AVERAGEIFS(Datos!$C$8:$C$1936,Datos!$A$8:$A$1936,">="&$A25,Datos!$A$8:$A$1936,"<"&($A25+1)),"") -> 2.6785563 | D25: =IFERROR(AVERAGEIFS(Datos!$F$8:$F$1936,Datos!$A$8:$A$1936,">="&$A25,Datos!$A$8:$A$1936,"<"&($A25+1)),"") -> 2.6942573 | E25: =IFERROR(AVERAGEIFS(Datos!$E$8:$E$1936,Datos!$A$8:$A$1936,">="&$A25,Datos!$A$8:$A$1936,"<"&($A25+1)),"") -> 0.51046343 | F25: =IF(E25="","",E25*86.4) -> 44.10404 | G25: =IF(OR(E25="",B25="",B25=0),"",E25/B25) -> 0.13080309
A26: 46272 | B26: =IFERROR(AVERAGEIFS(Datos!$B$8:$B$1936,Datos!$A$8:$A$1936,">="&$A26,Datos!$A$8:$A$1936,"<"&($A26+1)),"") -> 4.2129052 | C26: =IFERROR(AVERAGEIFS(Datos!$C$8:$C$1936,Datos!$A$8:$A$1936,">="&$A26,Datos!$A$8:$A$1936,"<"&($A26+1)),"") -> 2.870875 | D26: =IFERROR(AVERAGEIFS(Datos!$F$8:$F$1936,Datos!$A$8:$A$1936,">="&$A26,Datos!$A$8:$A$1936,"<"&($A26+1)),"") -> 2.8523254 | E26: =IFERROR(AVERAGEIFS(Datos!$E$8:$E$1936,Datos!$A$8:$A$1936,">="&$A26,Datos!$A$8:$A$1936,"<"&($A26+1)),"") -> 0.62182751 | F26: =IF(E26="","",E26*86.4) -> 53.725897 | G26: =IF(OR(E26="",B26="",B26=0),"",E26/B26) -> 0.14760064
... A35: 46281 | B35: =IFERROR(AVERAGEIFS(Datos!$B$8:$B$1936,Datos!$A$8:$A$1936,">="&$A35,Datos!$A$8:$A$1936,"<"&($A35+1)),"") -> 4.6048 | C35: =IFERROR(AVERAGEIFS(Datos!$C$8:$C$1936,Datos!$A$8:$A$1936,">="&$A35,Datos!$A$8:$A$1936,"<"&($A35+1)),"") -> 3.1523566 | D35: =IFERROR(AVERAGEIFS(Datos!$F$8:$F$1936,Datos!$A$8:$A$1936,">="&$A35,Datos!$A$8:$A$1936,"<"&($A35+1)),"") -> 2.8399276 | E35: =IFERROR(AVERAGEIFS(Datos!$E$8:$E$1936,Datos!$A$8:$A$1936,">="&$A35,Datos!$A$8:$A$1936,"<"&($A35+1)),"") -> 1.0293311 | F35: =IF(E35="","",E35*86.4) -> 88.934211 | G35: =IF(OR(E35="",B35="",B35=0),"",E35/B35) -> 0.22353439
A36: Volumen perdido hasta la reparación (m³) | F36: =SUMPRODUCT(Datos!$E$8:$E$1936)*0.9 -> 821.25074
A37: Fuga media entre el inicio y la reparación (L/s) | E37: =AVERAGEIFS(Datos!$E$8:$E$1936,Datos!$A$8:$A$1936,">="&$B$6,Datos!$A$8:$A$1936,"<"&$B$7) -> 0.81546097
A39: En azul: valores editables. Todo lo demás se calcula con fórmulas a partir de los datos crudos de la hoja «Datos».

Sheet Datos
A1: Datos crudos y cálculo del balance del tanque Durazno
A2: Fuga = media móvil 24 h de Q2 − k × media móvil 24 h de Q3 (≥ 0), solo entre el inicio y la reparación · Entrada real = (Q2 − fuga)/k · Nivel = acumulado del balance (entrada − Q3)/área, sin la deriva de 24 h y anclado al nivel de control
A7: Fecha y hora | B7: Q2 entrada crudo (L/s) | C7: Q3 salida crudo (L/s) | D7: Válido | E7: Fuga (L/s) | F7: Entrada real al tanque (L/s) | G7: Balance (m³ en 15 min) | H7: Nivel acumulado (m) | I7: Nivel sin deriva (m) | J7: Nivel estimado (m)
A8: 46261.458 | B8: 4.1962 | C8: 4.0014 | D8: =IF(OR(B8="",C8="",B8<=0.05,C8<=0.05),0,1) -> 1 | E8: =IF(OR(A8<Resumen!$B$6,A8>=Resumen!$B$7),0,MAX(0,AVERAGEIFS(B8:B56,D8:D56,1)-Resumen!$B$5*AVERAGEIFS(C8:C56,D8:D56,1))) -> 0 | F8: =IF(B8="","",(B8-E8)/Resumen!$B$5) -> 3.3329627 | G8: =IF(OR(F8="",C8=""),0,(F8-C8)*0.9) -> -0.6015936 | H8: =IF(A8<Resumen!$B$11,"",IF(0="",0,0)+G8/Resumen!$B$9) | I8: =IF(H8="","",H8-AVERAGE(H8:H56)) | J8: =IF(I8="","",Resumen!$B$10-(MAX(I8:I56)-I8))
A9: 46261.469 | B9: 5.0434 | C9: 4.2185 | D9: =IF(OR(B9="",C9="",B9<=0.05,C9<=0.05),0,1) -> 1 | E9: =IF(OR(A9<Resumen!$B$6,A9>=Resumen!$B$7),0,MAX(0,AVERAGEIFS(B8:B57,D8:D57,1)-Resumen!$B$5*AVERAGEIFS(C8:C57,D8:D57,1))) -> 0 | F9: =IF(B9="","",(B9-E9)/Resumen!$B$5) -> 4.0058777 | G9: =IF(OR(F9="",C9=""),0,(F9-C9)*0.9) -> -0.19136009 | H9: =IF(A9<Resumen!$B$11,"",IF(H8="",0,H8)+G9/Resumen!$B$9) | I9: =IF(H9="","",H9-AVERAGE(H8:H57)) | J9: =IF(I9="","",Resumen!$B$10-(MAX(I8:I57)-I9))
A10: 46261.479 | B10: 5.4454 | C10: 4.6153 | D10: =IF(OR(B10="",C10="",B10<=0.05,C10<=0.05),0,1) -> 1 | E10: =IF(OR(A10<Resumen!$B$6,A10>=Resumen!$B$7),0,MAX(0,AVERAGEIFS(B8:B58,D8:D58,1)-Resumen!$B$5*AVERAGEIFS(C8:C58,D8:D58,1))) -> 0 | F10: =IF(B10="","",(B10-E10)/Resumen!$B$5) -> 4.3251787 | G10: =IF(OR(F10="",C10=""),0,(F10-C10)*0.9) -> -0.26110916 | H10: =IF(A10<Resumen!$B$11,"",IF(H9="",0,H9)+G10/Resumen!$B$9) | I10: =IF(H10="","",H10-AVERAGE(H8:H58)) | J10: =IF(I10="","",Resumen!$B$10-(MAX(I8:I58)-I10))
A11: 46261.49 | B11: 5.7613 | C11: 5.6418 | D11: =IF(OR(B11="",C11="",B11<=0.05,C11<=0.05),0,1) -> 1 | E11: =IF(OR(A11<Resumen!$B$6,A11>=Resumen!$B$7),0,MAX(0,AVERAGEIFS(B8:B59,D8:D59,1)-Resumen!$B$5*AVERAGEIFS(C8:C59,D8:D59,1))) -> 0 | F11: =IF(B11="","",(B11-E11)/Resumen!$B$5) -> 4.5760921 | G11: =IF(OR(F11="",C11=""),0,(F11-C11)*0.9) -> -0.95913708 | H11: =IF(A11<Resumen!$B$11,"",IF(H10="",0,H10)+G11/Resumen!$B$9) | I11: =IF(H11="","",H11-AVERAGE(H8:H59)) | J11: =IF(I11="","",Resumen!$B$10-(MAX(I8:I59)-I11))
A12: 46261.5 | B12: 7.3245 | C12: 5.8711 | D12: =IF(OR(B12="",C12="",B12<=0.05,C12<=0.05),0,1) -> 1 | E12: =IF(OR(A12<Resumen!$B$6,A12>=Resumen!$B$7),0,MAX(0,AVERAGEIFS(B8:B60,D8:D60,1)-Resumen!$B$5*AVERAGEIFS(C8:C60,D8:D60,1))) -> 0 | F12: =IF(B12="","",(B12-E12)/Resumen!$B$5) -> 5.8177125 | G12: =IF(OR(F12="",C12=""),0,(F12-C12)*0.9) -> -0.048048777 | H12: =IF(A12<Resumen!$B$11,"",IF(H11="",0,H11)+G12/Resumen!$B$9) | I12: =IF(H12="","",H12-AVERAGE(H8:H60)) | J12: =IF(I12="","",Resumen!$B$10-(MAX(I8:I60)-I12))
A13: 46261.51 | B13: 8.43 | C13: 5.6696 | D13: =IF(OR(B13="",C13="",B13<=0.05,C13<=0.05),0,1) -> 1 | E13: =IF(OR(A13<Resumen!$B$6,A13>=Resumen!$B$7),0,MAX(0,AVERAGEIFS(B8:B61,D8:D61,1)-Resumen!$B$5*AVERAGEIFS(C8:C61,D8:D61,1))) -> 0 | F13: =IF(B13="","",(B13-E13)/Resumen!$B$5) -> 6.6957903 | G13: =IF(OR(F13="",C13=""),0,(F13-C13)*0.9) -> 0.92357128 | H13: =IF(A13<Resumen!$B$11,"",IF(H12="",0,H12)+G13/Resumen!$B$9) | I13: =IF(H13="","",H13-AVERAGE(H8:H61)) | J13: =IF(I13="","",Resumen!$B$10-(MAX(I8:I61)-I13))
A14: 46261.521 | B14: 4.2937 | C14: 3.6802 | D14: =IF(OR(B14="",C14="",B14<=0.05,C14<=0.05),0,1) -> 1 | E14: =IF(OR(A14<Resumen!$B$6,A14>=Resumen!$B$7),0,MAX(0,AVERAGEIFS(B8:B62,D8:D62,1)-Resumen!$B$5*AVERAGEIFS(C8:C62,D8:D62,1))) -> 0 | F14: =IF(B14="","",(B14-E14)/Resumen!$B$5) -> 3.4104051 | G14: =IF(OR(F14="",C14=""),0,(F14-C14)*0.9) -> -0.24281542 | H14: =IF(A14<Resumen!$B$11,"",IF(H13="",0,H13)+G14/Resumen!$B$9) | I14: =IF(H14="","",H14-AVERAGE(H8:H62)) | J14: =IF(I14="","",Resumen!$B$10-(MAX(I8:I62)-I14))
A15: 46261.531 | B15: 4.4944 | C15: 3.806 | D15: =IF(OR(B15="",C15="",B15<=0.05,C15<=0.05),0,1) -> 1 | E15: =IF(OR(A15<Resumen!$B$6,A15>=Resumen!$B$7),0,MAX(0,AVERAGEIFS(B8:B63,D8:D63,1)-Resumen!$B$5*AVERAGEIFS(C8:C63,D8:D63,1))) -> 0 | F15: =IF(B15="","",(B15-E15)/Resumen!$B$5) -> 3.5698173 | G15: =IF(OR(F15="",C15=""),0,(F15-C15)*0.9) -> -0.21256442 | H15: =IF(A15<Resumen!$B$11,"",IF(H14="",0,H14)+G15/Resumen!$B$9) | I15: =IF(H15="","",H15-AVERAGE(H8:H63)) | J15: =IF(I15="","",Resumen!$B$10-(MAX(I8:I63)-I15))
A16: 46261.542 | B16: 4.867 | C16: 3.9966 | D16: =IF(OR(B16="",C16="",B16<=0.05,C16<=0.05),0,1) -> 1 | E16: =IF(OR(A16<Resumen!$B$6,A16>=Resumen!$B$7),0,MAX(0,AVERAGEIFS(B8:B64,D8:D64,1)-Resumen!$B$5*AVERAGEIFS(C8:C64,D8:D64,1))) -> 0 | F16: =IF(B16="","",(B16-E16)/Resumen!$B$5) -> 3.8657665 | G16: =IF(OR(F16="",C16=""),0,(F16-C16)*0.9) -> -0.11775017 | H16: =IF(A16<Resumen!$B$11,"",IF(H15="",0,H15)+G16/Resumen!$B$9) | I16: =IF(H16="","",H16-AVERAGE(H8:H64)) | J16: =IF(I16="","",Resumen!$B$10-(MAX(I8:I64)-I16))
A17: 46261.552 | B17: 4.5879 | C17: 4.3679 | D17: =IF(OR(B17="",C17="",B17<=0.05,C17<=0.05),0,1) -> 1 | E17: =IF(OR(A17<Resumen!$B$6,A17>=Resumen!$B$7),0,MAX(0,AVERAGEIFS(B8:B65,D8:D65,1)-Resumen!$B$5*AVERAGEIFS(C8:C65,D8:D65,1))) -> 0 | F17: =IF(B17="","",(B17-E17)/Resumen!$B$5) -> 3.6440826 | G17: =IF(OR(F17="",C17=""),0,(F17-C17)*0.9) -> -0.65143566 | H17: =IF(A17<Resumen!$B$11,"",IF(H16="",0,H16)+G17/Resumen!$B$9) | I17: =IF(H17="","",H17-AVERAGE(H8:H65)) | J17: =IF(I17="","",Resumen!$B$10-(MAX(I8:I65)-I17))
A18: 46261.562 | B18: 7.8124 | C18: 5.1017 | D18: =IF(OR(B18="",C18="",B18<=0.05,C18<=0.05),0,1) -> 1 | E18: =IF(OR(A18<Resumen!$B$6,A18>=Resumen!$B$7),0,MAX(0,AVERAGEIFS(B8:B66,D8:D66,1)-Resumen!$B$5*AVERAGEIFS(C8:C66,D8:D66,1))) -> 0 | F18: =IF(B18="","",(B18-E18)/Resumen!$B$5) -> 6.2052423 | G18: =IF(OR(F18="",C18=""),0,(F18-C18)*0.9) -> 0.99318803 | H18: =IF(A18<Resumen!$B$11,"",IF(H17="",0,H17)+G18/Resumen!$B$9) | I18: =IF(H18="","",H18-AVERAGE(H8:H66)) | J18: =IF(I18="","",Resumen!$B$10-(MAX(I8:I66)-I18))
A19: 46261.573 | B19: 3.4571 | C19: 3.1217 | D19: =IF(OR(B19="",C19="",B19<=0.05,C19<=0.05),0,1) -> 1 | E19: =IF(OR(A19<Resumen!$B$6,A19>=Resumen!$B$7),0,MAX(0,AVERAGEIFS(B8:B67,D8:D67,1)-Resumen!$B$5*AVERAGEIFS(C8:C67,D8:D67,1))) -> 0 | F19: =IF(B19="","",(B19-E19)/Resumen!$B$5) -> 2.7459095 | G19: =IF(OR(F19="",C19=""),0,(F19-C19)*0.9) -> -0.33821149 | H19: =IF(A19<Resumen!$B$11,"",IF(H18="",0,H18)+G19/Resumen!$B$9) | I19: =IF(H19="","",H19-AVERAGE(H8:H67)) | J19: =IF(I19="","",Resumen!$B$10-(MAX(I8:I67)-I19))
A20: 46261.583 | B20: 4.2035 | C20: 2.5615 | D20: =IF(OR(B20="",C20="",B20<=0.05,C20<=0.05),0,1) -> 1 | E20: =IF(OR(A20<Resumen!$B$6,A20>=Resumen!$B$7),0,MAX(0,AVERAGEIFS(B8:B68,D8:D68,1)-Resumen!$B$5*AVERAGEIFS(C8:C68,D8:D68,1))) -> 0 | F20: =IF(B20="","",(B20-E20)/Resumen!$B$5) -> 3.3387609 | G20: =IF(OR(F20="",C20=""),0,(F20-C20)*0.9) -> 0.69953483 | H20: =IF(A20<Resumen!$B$11,"",IF(H19="",0,H19)+G20/Resumen!$B$9) | I20: =IF(H20="","",H20-AVERAGE(H8:H68)) | J20: =IF(I20="","",Resumen!$B$10-(MAX(I8:I68)-I20))
A21: 46261.594 | B21: 4.6767 | C21: 2.7378 | D21: =IF(OR(B21="",C21="",B21<=0.05,C21<=0.05),0,1) -> 1 | E21: =IF(OR(A21<Resumen!$B$6,A21>=Resumen!$B$7),0,MAX(0,AVERAGEIFS(B8:B69,D8:D69,1)-Resumen!$B$5*AVERAGEIFS(C8:C69,D8:D69,1))) -> 0 | F21: =IF(B21="","",(B21-E21)/Resumen!$B$5) -> 3.7146148 | G21: =IF(OR(F21="",C21=""),0,(F21-C21)*0.9) -> 0.8791333 | H21: =IF(A21<Resumen!$B$11,"",IF(H20="",0,H20)+G21/Resumen!$B$9) | I21: =IF(H21="","",H21-AVERAGE(H8:H69)) | J21: =IF(I21="","",Resumen!$B$10-(MAX(I8:I69)-I21))
A22: 46261.604 | B22: 4.5846 | C22: 2.8554 | D22: =IF(OR(B22="",C22="",B22<=0.05,C22<=0.05),0,1) -> 1 | E22: =IF(OR(A22<Resumen!$B$6,A22>=Resumen!$B$7),0,MAX(0,AVERAGEIFS(B8:B70,D8:D70,1)-Resumen!$B$5*AVERAGEIFS(C8:C70,D8:D70,1))) -> 0 | F22: =IF(B22="","",(B22-E22)/Resumen!$B$5) -> 3.6414615 | G22: =IF(OR(F22="",C22=""),0,(F22-C22)*0.9) -> 0.70745533 | H22: =IF(A22<Resumen!$B$11,"",IF(H21="",0,H21)+G22/Resumen!$B$9) | I22: =IF(H22="","",H22-AVERAGE(H8:H70)) | J22: =IF(I22="","",Resumen!$B$10-(MAX(I8:I70)-I22))
A23: 46261.615 | B23: 4.3548 | C23: 3.6647 | D23: =IF(OR(B23="",C23="",B23<=0.05,C23<=0.05),0,1) -> 1 | E23: =IF(OR(A23<Resumen!$B$6,A23>=Resumen!$B$7),0,MAX(0,AVERAGEIFS(B8:B71,D8:D71,1)-Resumen!$B$5*AVERAGEIFS(C8:C71,D8:D71,1))) -> 0 | F23: =IF(B23="","",(B23-E23)/Resumen!$B$5) -> 3.4589357 | G23: =IF(OR(F23="",C23=""),0,(F23-C23)*0.9) -> -0.1851879 | H23: =IF(A23<Resumen!$B$11,"",IF(H22="",0,H22)+G23/Resumen!$B$9) | I23: =IF(H23="","",H23-AVERAGE(H8:H71)) | J23: =IF(I23="","",Resumen!$B$10-(MAX(I8:I71)-I23))
A24: 46261.625 | B24: 2.8312 | C24: 2.8198 | D24: =IF(OR(B24="",C24="",B24<=0.05,C24<=0.05),0,1) -> 1 | E24: =IF(OR(A24<Resumen!$B$6,A24>=Resumen!$B$7),0,MAX(0,AVERAGEIFS(B8:B72,D8:D72,1)-Resumen!$B$5*AVERAGEIFS(C8:C72,D8:D72,1))) -> 0 | F24: =IF(B24="","",(B24-E24)/Resumen!$B$5) -> 2.2487689 | G24: =IF(OR(F24="",C24=""),0,(F24-C24)*0.9) -> -0.51392802 | H24: =IF(A24<Resumen!$B$11,"",IF(H23="",0,H23)+G24/Resumen!$B$9) | I24: =IF(H24="","",H24-AVERAGE(H8:H72)) | J24: =IF(I24="","",Resumen!$B$10-(MAX(I8:I72)-I24))
A25: 46261.635 | B25: 4.3069 | C25: 2.5429 | D25: =IF(OR(B25="",C25="",B25<=0.05,C25<=0.05),0,1) -> 1 | E25: =IF(OR(A25<Resumen!$B$6,A25>=Resumen!$B$7),0,MAX(0,AVERAGEIFS(B8:B73,D8:D73,1)-Resumen!$B$5*AVERAGEIFS(C8:C73,D8:D73,1))) -> 0 | F25: =IF(B25="","",(B25-E25)/Resumen!$B$5) -> 3.4208896 | G25: =IF(OR(F25="",C25=""),0,(F25-C25)*0.9) -> 0.79019064 | H25: =IF(A25<Resumen!$B$11,"",IF(H24="",0,H24)+G25/Resumen!$B$9) | I25: =IF(H25="","",H25-AVERAGE(H8:H73)) | J25: =IF(I25="","",Resumen!$B$10-(MAX(I8:I73)-I25))
A26: 46261.646 | B26: 3.0314 | C26: 3.232 | D26: =IF(OR(B26="",C26="",B26<=0.05,C26<=0.05),0,1) -> 1 | E26: =IF(OR(A26<Resumen!$B$6,A26>=Resumen!$B$7),0,MAX(0,AVERAGEIFS(B8:B74,D8:D74,1)-Resumen!$B$5*AVERAGEIFS(C8:C74,D8:D74,1))) -> 0 | F26: =IF(B26="","",(B26-E26)/Resumen!$B$5) -> 2.407784 | G26: =IF(OR(F26="",C26=""),0,(F26-C26)*0.9) -> -0.74179444 | H26: =IF(A26<Resumen!$B$11,"",IF(H25="",0,H25)+G26/Resumen!$B$9) | I26: =IF(H26="","",H26-AVERAGE(H8:H74)) | J26: =IF(I26="","",Resumen!$B$10-(MAX(I8:I74)-I26))
A27: 46261.656 | B27: 3.4577 | C27: 3.0622 | D27: =IF(OR(B27="",C27="",B27<=0.05,C27<=0.05),0,1) -> 1 | E27: =IF(OR(A27<Resumen!$B$6,A27>=Resumen!$B$7),0,MAX(0,AVERAGEIFS(B8:B75,D8:D75,1)-Resumen!$B$5*AVERAGEIFS(C8:C75,D8:D75,1))) -> 0 | F27: =IF(B27="","",(B27-E27)/Resumen!$B$5) -> 2.746386 | G27: =IF(OR(F27="",C27=""),0,(F27-C27)*0.9) -> -0.28423258 | H27: =IF(A27<Resumen!$B$11,"",IF(H26="",0,H26)+G27/Resumen!$B$9) | I27: =IF(H27="","",H27-AVERAGE(H8:H75)) | J27: =IF(I27="","",Resumen!$B$10-(MAX(I8:I75)-I27))
A28: 46261.667 | B28: 1.9004 | C28: 2.2455 | D28: =IF(OR(B28="",C28="",B28<=0.05,C28<=0.05),0,1) -> 1 | E28: =IF(OR(A28<Resumen!$B$6,A28>=Resumen!$B$7),0,MAX(0,AVERAGEIFS(B8:B76,D8:D76,1)-Resumen!$B$5*AVERAGEIFS(C8:C76,D8:D76,1))) -> 0 | F28: =IF(B28="","",(B28-E28)/Resumen!$B$5) -> 1.5094519 | G28: =IF(OR(F28="",C28=""),0,(F28-C28)*0.9) -> -0.66244325 | H28: =IF(A28<Resumen!$B$11,"",IF(H27="",0,H27)+G28/Resumen!$B$9) | I28: =IF(H28="","",H28-AVERAGE(H8:H76)) | J28: =IF(I28="","",Resumen!$B$10-(MAX(I8:I76)-I28))
A29: 46261.677 | B29: 3.3761 | C29: 3.1342 | D29: =IF(OR(B29="",C29="",B29<=0.05,C29<=0.05),0,1) -> 1 | E29: =IF(OR(A29<Resumen!$B$6,A29>=Resumen!$B$7),0,MAX(0,AVERAGEIFS(B8:B77,D8:D77,1)-Resumen!$B$5*AVERAGEIFS(C8:C77,D8:D77,1))) -> 0 | F29: =IF(B29="","",(B29-E29)/Resumen!$B$5) -> 2.6815727 | G29: =IF(OR(F29="",C29=""),0,(F29-C29)*0.9) -> -0.40736459 | H29: =IF(A29<Resumen!$B$11,"",IF(H28="",0,H28)+G29/Resumen!$B$9) | I29: =IF(H29="","",H29-AVERAGE(H8:H77)) | J29: =IF(I29="","",Resumen!$B$10-(MAX(I8:I77)-I29))
A30: 46261.688 | B30: 4.6826 | C30: 2.6085 | D30: =IF(OR(B30="",C30="",B30<=0.05,C30<=0.05),0,1) -> 1 | E30: =IF(OR(A30<Resumen!$B$6,A30>=Resumen!$B$7),0,MAX(0,AVERAGEIFS(B8:B78,D8:D78,1)-Resumen!$B$5*AVERAGEIFS(C8:C78,D8:D78,1))) -> 0 | F30: =IF(B30="","",(B30-E30)/Resumen!$B$5) -> 3.719301 | G30: =IF(OR(F30="",C30=""),0,(F30-C30)*0.9) -> 0.99972093 | H30: =IF(A30<Resumen!$B$11,"",IF(H29="",0,H29)+G30/Resumen!$B$9) | I30: =IF(H30="","",H30-AVERAGE(H8:H78)) | J30: =IF(I30="","",Resumen!$B$10-(MAX(I8:I78)-I30))
A31: 46261.698 | B31: 3.1266 | C31: 2.8243 | D31: =IF(OR(B31="",C31="",B31<=0.05,C31<=0.05),0,1) -> 1 | E31: =IF(OR(A31<Resumen!$B$6,A31>=Resumen!$B$7),0,MAX(0,AVERAGEIFS(B8:B79,D8:D79,1)-Resumen!$B$5*AVERAGEIFS(C8:C79,D8:D79,1))) -> 0 | F31: =IF(B31="","",(B31-E31)/Resumen!$B$5) -> 2.4833995 | G31: =IF(OR(F31="",C31=""),0,(F31-C31)*0.9) -> -0.30681043 | H31: =IF(A31<Resumen!$B$11,"",IF(H30="",0,H30)+G31/Resumen!$B$9) | I31: =IF(H31="","",H31-AVERAGE(H8:H79)) | J31: =IF(I31="","",Resumen!$B$10-(MAX(I8:I79)-I31))
A32: 46261.708 | B32: 3.4414 | C32: 3.1303 | D32: =IF(OR(B32="",C32="",B32<=0.05,C32<=0.05),0,1) -> 1 | E32: =IF(OR(A32<Resumen!$B$6,A32>=Resumen!$B$7),0,MAX(0,AVERAGEIFS(B8:B80,D8:D80,1)-Resumen!$B$5*AVERAGEIFS(C8:C80,D8:D80,1))) -> 0 | F32: =IF(B32="","",(B32-E32)/Resumen!$B$5) -> 2.7334392 | G32: =IF(OR(F32="",C32=""),0,(F32-C32)*0.9) -> -0.35717469 | H32: =IF(A32<Resumen!$B$11,"",IF(H31="",0,H31)+G32/Resumen!$B$9) | I32: =IF(H32="","",H32-AVERAGE(H8:H80)) | J32: =IF(I32="","",Resumen!$B$10-(MAX(I8:I80)-I32))
A33: 46261.719 | B33: 3.2393 | C33: 2.9127 | D33: =IF(OR(B33="",C33="",B33<=0.05,C33<=0.05),0,1) -> 1 | E33: =IF(OR(A33<Resumen!$B$6,A33>=Resumen!$B$7),0,MAX(0,AVERAGEIFS(B8:B81,D8:D81,1)-Resumen!$B$5*AVERAGEIFS(C8:C81,D8:D81,1))) -> 0 | F33: =IF(B33="","",(B33-E33)/Resumen!$B$5) -> 2.572915 | G33: =IF(OR(F33="",C33=""),0,(F33-C33)*0.9) -> -0.30580649 | H33: =IF(A33<Resumen!$B$11,"",IF(H32="",0,H32)+G33/Resumen!$B$9) | I33: =IF(H33="","",H33-AVERAGE(H8:H81)) | J33: =IF(I33="","",Resumen!$B$10-(MAX(I8:I81)-I33))
A34: 46261.729 | B34: 2.6601 | C34: 2.6336 | D34: =IF(OR(B34="",C34="",B34<=0.05,C34<=0.05),0,1) -> 1 | E34: =IF(OR(A34<Resumen!$B$6,A34>=Resumen!$B$7),0,MAX(0,AVERAGEIFS(B8:B82,D8:D82,1)-Resumen!$B$5*AVERAGEIFS(C8:C82,D8:D82,1))) -> 0 | F34: =IF(B34="","",(B34-E34)/Resumen!$B$5) -> 2.1128674 | G34: =IF(OR(F34="",C34=""),0,(F34-C34)*0.9) -> -0.46865938 | H34: =IF(A34<Resumen!$B$11,"",IF(H33="",0,H33)+G34/Resumen!$B$9) | I34: =IF(H34="","",H34-AVERAGE(H8:H82)) | J34: =IF(I34="","",Resumen!$B$10-(MAX(I8:I82)-I34))
A35: 46261.74 | B35: 3.8938 | C35: 3.078 | D35: =IF(OR(B35="",C35="",B35<=0.05,C35<=0.05),0,1) -> 1 | E35: =IF(OR(A35<Resumen!$B$6,A35>=Resumen!$B$7),0,MAX(0,AVERAGEIFS(B8:B83,D8:D83,1)-Resumen!$B$5*AVERAGEIFS(C8:C83,D8:D83,1))) -> 0 | F35: =IF(B35="","",(B35-E35)/Resumen!$B$5) -> 3.092772 | G35: =IF(OR(F35="",C35=""),0,(F35-C35)*0.9) -> 0.013294837 | H35: =IF(A35<Resumen!$B$11,"",IF(H34="",0,H34)+G35/Resumen!$B$9) | I35: =IF(H35="","",H35-AVERAGE(H8:H83)) | J35: =IF(I35="","",Resumen!$B$10-(MAX(I8:I83)-I35))
A36: 46261.75 | B36: 2.7428 | C36: 2.956 | D36: =IF(OR(B36="",C36="",B36<=0.05,C36<=0.05),0,1) -> 1 | E36: =IF(OR(A36<Resumen!$B$6,A36>=Resumen!$B$7),0,MAX(0,AVERAGEIFS(B8:B84,D8:D84,1)-Resumen!$B$5*AVERAGEIFS(C8:C84,D8:D84,1))) -> 0 | F36: =IF(B36="","",(B36-E36)/Resumen!$B$5) -> 2.1785544 | G36: =IF(OR(F36="",C36=""),0,(F36-C36)*0.9) -> -0.69970103 | H36: =IF(A36<Resumen!$B$11,"",IF(H35="",0,H35)+G36/Resumen!$B$9) | I36: =IF(H36="","",H36-AVERAGE(H8:H84)) | J36: =IF(I36="","",Resumen!$B$10-(MAX(I8:I84)-I36))
A37: 46261.76 | B37: 4.37 | C37: 3.5497 | D37: =IF(OR(B37="",C37="",B37<=0.05,C37<=0.05),0,1) -> 1 | E37: =IF(OR(A37<Resumen!$B$6,A37>=Resumen!$B$7),0,MAX(0,AVERAGEIFS(B8:B85,D8:D85,1)-Resumen!$B$5*AVERAGEIFS(C8:C85,D8:D85,1))) -> 0 | F37: =IF(B37="","",(B37-E37)/Resumen!$B$5) -> 3.4710087 | G37: =IF(OR(F37="",C37=""),0,(F37-C37)*0.9) -> -0.070822137 | H37: =IF(A37<Resumen!$B$11,"",IF(H36="",0,H36)+G37/Resumen!$B$9) | I37: =IF(H37="","",H37-AVERAGE(H8:H85)) | J37: =IF(I37="","",Resumen!$B$10-(MAX(I8:I85)-I37))
A38: 46261.771 | B38: 2.6606 | C38: 2.6152 | D38: =IF(OR(B38="",C38="",B38<=0.05,C38<=0.05),0,1) -> 1 | E38: =IF(OR(A38<Resumen!$B$6,A38>=Resumen!$B$7),0,MAX(0,AVERAGEIFS(B8:B86,D8:D86,1)-Resumen!$B$5*AVERAGEIFS(C8:C86,D8:D86,1))) -> 0 | F38: =IF(B38="","",(B38-E38)/Resumen!$B$5) -> 2.1132645 | G38: =IF(OR(F38="",C38=""),0,(F38-C38)*0.9) -> -0.45174195 | H38: =IF(A38<Resumen!$B$11,"",IF(H37="",0,H37)+G38/Resumen!$B$9) | I38: =IF(H38="","",H38-AVERAGE(H8:H86)) | J38: =IF(I38="","",Resumen!$B$10-(MAX(I8:I86)-I38))
A39: 46261.781 | B39: 2.3544 | C39: 2.1813 | D39: =IF(OR(B39="",C39="",B39<=0.05,C39<=0.05),0,1) -> 1 | E39: =IF(OR(A39<Resumen!$B$6,A39>=Resumen!$B$7),0,MAX(0,AVERAGEIFS(B8:B87,D8:D87,1)-Resumen!$B$5*AVERAGEIFS(C8:C87,D8:D87,1))) -> 0 | F39: =IF(B39="","",(B39-E39)/Resumen!$B$5) -> 1.8700556 | G39: =IF(OR(F39="",C39=""),0,(F39-C39)*0.9) -> -0.28011996 | H39: =IF(A39<Resumen!$B$11,"",IF(H38="",0,H38)+G39/Resumen!$B$9) | I39: =IF(H39="","",H39-AVERAGE(H8:H87)) | J39: =IF(I39="","",Resumen!$B$10-(MAX(I8:I87)-I39))
A40: 46261.792 | B40: 2.7328 | C40: 2.3653 | D40: =IF(OR(B40="",C40="",B40<=0.05,C40<=0.05),0,1) -> 1 | E40: =IF(OR(A40<Resumen!$B$6,A40>=Resumen!$B$7),0,MAX(0,AVERAGEIFS(B8:B88,D8:D88,1)-Resumen!$B$5*AVERAGEIFS(C8:C88,D8:D88,1))) -> 0 | F40: =IF(B40="","",(B40-E40)/Resumen!$B$5) -> 2.1706116 | G40: =IF(OR(F40="",C40=""),0,(F40-C40)*0.9) -> -0.17521956 | H40: =IF(A40<Resumen!$B$11,"",IF(H39="",0,H39)+G40/Resumen!$B$9) | I40: =IF(H40="","",H40-AVERAGE(H8:H88)) | J40: =IF(I40="","",Resumen!$B$10-(MAX(I8:I88)-I40))
A41: 46261.802 | B41: 2.7361 | C41: 2.3777 | D41: =IF(OR(B41="",C41="",B41<=0.05,C41<=0.05),0,1) -> 1 | E41: =IF(OR(A41<Resumen!$B$6,A41>=Resumen!$B$7),0,MAX(0,AVERAGEIFS(B8:B89,D8:D89,1)-Resumen!$B$5*AVERAGEIFS(C8:C89,D8:D89,1))) -> 0 | F41: =IF(B41="","",(B41-E41)/Resumen!$B$5) -> 2.1732327 | G41: =IF(OR(F41="",C41=""),0,(F41-C41)*0.9) -> -0.18402055 | H41: =IF(A41<Resumen!$B$11,"",IF(H40="",0,H40)+G41/Resumen!$B$9) | I41: =IF(H41="","",H41-AVERAGE(H8:H89)) | J41: =IF(I41="","",Resumen!$B$10-(MAX(I8:I89)-I41))
A42: 46261.812 | B42: 2.6838 | C42: 2.225 | D42: =IF(OR(B42="",C42="",B42<=0.05,C42<=0.05),0,1) -> 1 | E42: =IF(OR(A42<Resumen!$B$6,A42>=Resumen!$B$7),0,MAX(0,AVERAGEIFS(B8:B90,D8:D90,1)-Resumen!$B$5*AVERAGEIFS(C8:C90,D8:D90,1))) -> 0 | F42: =IF(B42="","",(B42-E42)/Resumen!$B$5) -> 2.1316918 | G42: =IF(OR(F42="",C42=""),0,(F42-C42)*0.9) -> -0.083977363 | H42: =IF(A42<Resumen!$B$11,"",IF(H41="",0,H41)+G42/Resumen!$B$9) | I42: =IF(H42="","",H42-AVERAGE(H8:H90)) | J42: =IF(I42="","",Resumen!$B$10-(MAX(I8:I90)-I42))
A43: 46261.823 | B43: 3.9584 | C43: 2.8794 | D43: =IF(OR(B43="",C43="",B43<=0.05,C43<=0.05),0,1) -> 1 | E43: =IF(OR(A43<Resumen!$B$6,A43>=Resumen!$B$7),0,MAX(0,AVERAGEIFS(B8:B91,D8:D91,1)-Resumen!$B$5*AVERAGEIFS(C8:C91,D8:D91,1))) -> 0 | F43: =IF(B43="","",(B43-E43)/Resumen!$B$5) -> 3.1440826 | G43: =IF(OR(F43="",C43=""),0,(F43-C43)*0.9) -> 0.23821434 | H43: =IF(A43<Resumen!$B$11,"",IF(H42="",0,H42)+G43/Resumen!$B$9) | I43: =IF(H43="","",H43-AVERAGE(H8:H91)) | J43: =IF(I43="","",Resumen!$B$10-(MAX(I8:I91)-I43))
A44: 46261.833 | B44: 3.2071 | C44: 2.5711 | D44: =IF(OR(B44="",C44="",B44<=0.05,C44<=0.05),0,1) -> 1 | E44: =IF(OR(A44<Resumen!$B$6,A44>=Resumen!$B$7),0,MAX(0,AVERAGEIFS(B8:B92,D8:D92,1)-Resumen!$B$5*AVERAGEIFS(C8:C92,D8:D92,1))) -> 0 | F44: =IF(B44="","",(B44-E44)/Resumen!$B$5) -> 2.5473392 | G44: =IF(OR(F44="",C44=""),0,(F44-C44)*0.9) -> -0.021384758 | H44: =IF(A44<Resumen!$B$11,"",IF(H43="",0,H43)+G44/Resumen!$B$9) | I44: =IF(H44="","",H44-AVERAGE(H8:H92)) | J44: =IF(I44="","",Resumen!$B$10-(MAX(I8:I92)-I44))
A45: 46261.844 | B45: 3.0428 | C45: 2.7995 | D45: =IF(OR(B45="",C45="",B45<=0.05,C45<=0.05),0,1) -> 1 | E45: =IF(OR(A45<Resumen!$B$6,A45>=Resumen!$B$7),0,MAX(0,AVERAGEIFS(B8:B93,D8:D93,1)-Resumen!$B$5*AVERAGEIFS(C8:C93,D8:D93,1))) -> 0 | F45: =IF(B45="","",(B45-E45)/Resumen!$B$5) -> 2.4168388 | G45: =IF(OR(F45="",C45=""),0,(F45-C45)*0.9) -> -0.34439512 | H45: =IF(A45<Resumen!$B$11,"",IF(H44="",0,H44)+G45/Resumen!$B$9) | I45: =IF(H45="","",H45-AVERAGE(H8:H93)) | J45: =IF(I45="","",Resumen!$B$10-(MAX(I8:I93)-I45))
A46: 46261.854 | B46: 3.0286 | C46: 2.4684 | D46: =IF(OR(B46="",C46="",B46<=0.05,C46<=0.05),0,1) -> 1 | E46: =IF(OR(A46<Resumen!$B$6,A46>=Resumen!$B$7),0,MAX(0,AVERAGEIFS(B8:B94,D8:D94,1)-Resumen!$B$5*AVERAGEIFS(C8:C94,D8:D94,1))) -> 0 | F46: =IF(B46="","",(B46-E46)/Resumen!$B$5) -> 2.40556 | G46: =IF(OR(F46="",C46=""),0,(F46-C46)*0.9) -> -0.056556029 | H46: =IF(A46<Resumen!$B$11,"",IF(H45="",0,H45)+G46/Resumen!$B$9) | I46: =IF(H46="","",H46-AVERAGE(H8:H94)) | J46: =IF(I46="","",Resumen!$B$10-(MAX(I8:I94)-I46))
A47: 46261.865 | B47: 2.6378 | C47: 2.4087 | D47: =IF(OR(B47="",C47="",B47<=0.05,C47<=0.05),0,1) -> 1 | E47: =IF(OR(A47<Resumen!$B$6,A47>=Resumen!$B$7),0,MAX(0,AVERAGEIFS(B8:B95,D8:D95,1)-Resumen!$B$5*AVERAGEIFS(C8:C95,D8:D95,1))) -> 0 | F47: =IF(B47="","",(B47-E47)/Resumen!$B$5) -> 2.0951549 | G47: =IF(OR(F47="",C47=""),0,(F47-C47)*0.9) -> -0.2821906 | H47: =IF(A47<Resumen!$B$11,"",IF(H46="",0,H46)+G47/Resumen!$B$9) | I47: =IF(H47="","",H47-AVERAGE(H8:H95)) | J47: =IF(I47="","",Resumen!$B$10-(MAX(I8:I95)-I47))
A48: 46261.875 | B48: 3.0395 | C48: 2.9371 | D48: =IF(OR(B48="",C48="",B48<=0.05,C48<=0.05),0,1) -> 1 | E48: =IF(OR(A48<Resumen!$B$6,A48>=Resumen!$B$7),0,MAX(0,AVERAGEIFS(B8:B96,D8:D96,1)-Resumen!$B$5*AVERAGEIFS(C8:C96,D8:D96,1))) -> 0 | F48: =IF(B48="","",(B48-E48)/Resumen!$B$5) -> 2.4142176 | G48: =IF(OR(F48="",C48=""),0,(F48-C48)*0.9) -> -0.47059413 | H48: =IF(A48<Resumen!$B$11,"",IF(H47="",0,H47)+G48/Resumen!$B$9) | I48: =IF(H48="","",H48-AVERAGE(H8:H96)) | J48: =IF(I48="","",Resumen!$B$10-(MAX(I8:I96)-I48))
A49: 46261.885 | B49: 4.4747 | C49: 2.8738 | D49: =IF(OR(B49="",C49="",B49<=0.05,C49<=0.05),0,1) -> 1 | E49: =IF(OR(A49<Resumen!$B$6,A49>=Resumen!$B$7),0,MAX(0,AVERAGEIFS(B8:B97,D8:D97,1)-Resumen!$B$5*AVERAGEIFS(C8:C97,D8:D97,1))) -> 0 | F49: =IF(B49="","",(B49-E49)/Resumen!$B$5) -> 3.55417 | G49: =IF(OR(F49="",C49=""),0,(F49-C49)*0.9) -> 0.61233298 | H49: =IF(A49<Resumen!$B$11,"",IF(H48="",0,H48)+G49/Resumen!$B$9) | I49: =IF(H49="","",H49-AVERAGE(H8:H97)) | J49: =IF(I49="","",Resumen!$B$10-(MAX(I8:I97)-I49))
A50: 46261.896 | B50: 2.8637 | C50: 3.1827 | D50: =IF(OR(B50="",C50="",B50<=0.05,C50<=0.05),0,1) -> 1 | E50: =IF(OR(A50<Resumen!$B$6,A50>=Resumen!$B$7),0,MAX(0,AVERAGEIFS(B8:B98,D8:D98,1)-Resumen!$B$5*AVERAGEIFS(C8:C98,D8:D98,1))) -> 0 | F50: =IF(B50="","",(B50-E50)/Resumen!$B$5) -> 2.274583 | G50: =IF(OR(F50="",C50=""),0,(F50-C50)*0.9) -> -0.8173053 | H50: =IF(A50<Resumen!$B$11,"",IF(H49="",0,H49)+G50/Resumen!$B$9) | I50: =IF(H50="","",H50-AVERAGE(H8:H98)) | J50: =IF(I50="","",Resumen!$B$10-(MAX(I8:I98)-I50))
A51: 46261.906 | B51: 2.8227 | C51: 2.7622 | D51: =IF(OR(B51="",C51="",B51<=0.05,C51<=0.05),0,1) -> 1 | E51: =IF(OR(A51<Resumen!$B$6,A51>=Resumen!$B$7),0,MAX(0,AVERAGEIFS(B8:B99,D8:D99,1)-Resumen!$B$5*AVERAGEIFS(C8:C99,D8:D99,1))) -> 0 | F51: =IF(B51="","",(B51-E51)/Resumen!$B$5) -> 2.2420175 | G51: =IF(OR(F51="",C51=""),0,(F51-C51)*0.9) -> -0.46816427 | H51: =IF(A51<Resumen!$B$11,"",IF(H50="",0,H50)+G51/Resumen!$B$9) | I51: =IF(H51="","",H51-AVERAGE(H8:H99)) | J51: =IF(I51="","",Resumen!$B$10-(MAX(I8:I99)-I51))
A52: 46261.917 | B52: 2.7054 | C52: 2.6841 | D52: =IF(OR(B52="",C52="",B52<=0.05,C52<=0.05),0,1) -> 1 | E52: =IF(OR(A52<Resumen!$B$6,A52>=Resumen!$B$7),0,MAX(0,AVERAGEIFS(B8:B100,D8:D100,1)-Resumen!$B$5*AVERAGEIFS(C8:C100,D8:D100,1))) -> 0 | F52: =IF(B52="","",(B52-E52)/Resumen!$B$5) -> 2.1488483 | G52: =IF(OR(F52="",C52=""),0,(F52-C52)*0.9) -> -0.48172654 | H52: =IF(A52<Resumen!$B$11,"",IF(H51="",0,H51)+G52/Resumen!$B$9) | I52: =IF(H52="","",H52-AVERAGE(H8:H100)) | J52: =IF(I52="","",Resumen!$B$10-(MAX(I8:I100)-I52))
A53: 46261.927 | B53: 3.0909 | C53: 1.978 | D53: =IF(OR(B53="",C53="",B53<=0.05,C53<=0.05),0,1) -> 1 | E53: =IF(OR(A53<Resumen!$B$6,A53>=Resumen!$B$7),0,MAX(0,AVERAGEIFS(B8:B101,D8:D101,1)-Resumen!$B$5*AVERAGEIFS(C8:C101,D8:D101,1))) -> 0 | F53: =IF(B53="","",(B53-E53)/Resumen!$B$5) -> 2.4550437 | G53: =IF(OR(F53="",C53=""),0,(F53-C53)*0.9) -> 0.42933932 | H53: =IF(A53<Resumen!$B$11,"",IF(H52="",0,H52)+G53/Resumen!$B$9) | I53: =IF(H53="","",H53-AVERAGE(H8:H101)) | J53: =IF(I53="","",Resumen!$B$10-(MAX(I8:I101)-I53))
A54: 46261.938 | B54: 2.2634 | C54: 1.9429 | D54: =IF(OR(B54="",C54="",B54<=0.05,C54<=0.05),0,1) -> 1 | E54: =IF(OR(A54<Resumen!$B$6,A54>=Resumen!$B$7),0,MAX(0,AVERAGEIFS(B8:B102,D8:D102,1)-Resumen!$B$5*AVERAGEIFS(C8:C102,D8:D102,1))) -> 0 | F54: =IF(B54="","",(B54-E54)/Resumen!$B$5) -> 1.797776 | G54: =IF(OR(F54="",C54=""),0,(F54-C54)*0.9) -> -0.13061159 | H54: =IF(A54<Resumen!$B$11,"",IF(H53="",0,H53)+G54/Resumen!$B$9) | I54: =IF(H54="","",H54-AVERAGE(H8:H102)) | J54: =IF(I54="","",Resumen!$B$10-(MAX(I8:I102)-I54))
A55: 46261.948 | B55: 2.4487 | C55: 1.8301 | D55: =IF(OR(B55="",C55="",B55<=0.05,C55<=0.05),0,1) -> 1 | E55: =IF(OR(A55<Resumen!$B$6,A55>=Resumen!$B$7),0,MAX(0,AVERAGEIFS(B8:B103,D8:D103,1)-Resumen!$B$5*AVERAGEIFS(C8:C103,D8:D103,1))) -> 0 | F55: =IF(B55="","",(B55-E55)/Resumen!$B$5) -> 1.9449563 | G55: =IF(OR(F55="",C55=""),0,(F55-C55)*0.9) -> 0.10337068 | H55: =IF(A55<Resumen!$B$11,"",IF(H54="",0,H54)+G55/Resumen!$B$9) | I55: =IF(H55="","",H55-AVERAGE(H8:H103)) | J55: =IF(I55="","",Resumen!$B$10-(MAX(I8:I103)-I55))
A56: 46261.958 | B56: 1.9189 | C56: 1.812 | D56: =IF(OR(B56="",C56="",B56<=0.05,C56<=0.05),0,1) -> 1 | E56: =IF(OR(A56<Resumen!$B$6,A56>=Resumen!$B$7),0,MAX(0,AVERAGEIFS(B8:B104,D8:D104,1)-Resumen!$B$5*AVERAGEIFS(C8:C104,D8:D104,1))) -> 0 | F56: =IF(B56="","",(B56-E56)/Resumen!$B$5) -> 1.5241461 | G56: =IF(OR(F56="",C56=""),0,(F56-C56)*0.9) -> -0.25906847 | H56: =IF(A56<Resumen!$B$11,"",IF(H55="",0,H55)+G56/Resumen!$B$9) | I56: =IF(H56="","",H56-AVERAGE(H8:H104)) | J56: =IF(I56="","",Resumen!$B$10-(MAX(I8:I104)-I56))
A57: 46261.969 | B57: 1.8881 | C57: 1.9046 | D57: =IF(OR(B57="",C57="",B57<=0.05,C57<=0.05),0,1) -> 1 | E57: =IF(OR(A57<Resumen!$B$6,A57>=Resumen!$B$7),0,MAX(0,AVERAGEIFS(B9:B105,D9:D105,1)-Resumen!$B$5*AVERAGEIFS(C9:C105,D9:D105,1))) -> 0 | F57: =IF(B57="","",(B57-E57)/Resumen!$B$5) -> 1.4996823 | G57: =IF(OR(F57="",C57=""),0,(F57-C57)*0.9) -> -0.36442594 | H57: =IF(A57<Resumen!$B$11,"",IF(H56="",0,H56)+G57/Resumen!$B$9) | I57: =IF(H57="","",H57-AVERAGE(H9:H105)) | J57: =IF(I57="","",Resumen!$B$10-(MAX(I9:I105)-I57))
A58: 46261.979 | B58: 1.52 | C58: 1.562 | D58: =IF(OR(B58="",C58="",B58<=0.05,C58<=0.05),0,1) -> 1 | E58: =IF(OR(A58<Resumen!$B$6,A58>=Resumen!$B$7),0,MAX(0,AVERAGEIFS(B10:B106,D10:D106,1)-Resumen!$B$5*AVERAGEIFS(C10:C106,D10:D106,1))) -> 0 | F58: =IF(B58="","",(B58-E58)/Resumen!$B$5) -> 1.2073074 | G58: =IF(OR(F58="",C58=""),0,(F58-C58)*0.9) -> -0.31922335 | H58: =IF(A58<Resumen!$B$11,"",IF(H57="",0,H57)+G58/Resumen!$B$9) | I58: =IF(H58="","",H58-AVERAGE(H10:H106)) | J58: =IF(I58="","",Resumen!$B$10-(MAX(I10:I106)-I58))
A59: 46261.99 | B59: 1.6538 | C59: 1.4899 | D59: =IF(OR(B59="",C59="",B59<=0.05,C59<=0.05),0,1) -> 1 | E59: =IF(OR(A59<Resumen!$B$6,A59>=Resumen!$B$7),0,MAX(0,AVERAGEIFS(B11:B107,D11:D107,1)-Resumen!$B$5*AVERAGEIFS(C11:C107,D11:D107,1))) -> 0 | F59: =IF(B59="","",(B59-E59)/Resumen!$B$5) -> 1.3135822 | G59: =IF(OR(F59="",C59=""),0,(F59-C59)*0.9) -> -0.15868601 | H59: =IF(A59<Resumen!$B$11,"",IF(H58="",0,H58)+G59/Resumen!$B$9) | I59: =IF(H59="","",H59-AVERAGE(H11:H107)) | J59: =IF(I59="","",Resumen!$B$10-(MAX(I11:I107)-I59))
A60: 46262 | B60: 1.6087 | C60: 1.3783 | D60: =IF(OR(B60="",C60="",B60<=0.05,C60<=0.05),0,1) -> 1 | E60: =IF(OR(A60<Resumen!$B$6,A60>=Resumen!$B$7),0,MAX(0,AVERAGEIFS(B12:B108,D12:D108,1)-Resumen!$B$5*AVERAGEIFS(C12:C108,D12:D108,1))) -> 0 | F60: =IF(B60="","",(B60-E60)/Resumen!$B$5) -> 1.2777601 | G60: =IF(OR(F60="",C60=""),0,(F60-C60)*0.9) -> -0.090485886 | H60: =IF(A60<Resumen!$B$11,"",IF(H59="",0,H59)+G60/Resumen!$B$9) | I60: =IF(H60="","",H60-AVERAGE(H12:H108)) | J60: =IF(I60="","",Resumen!$B$10-(MAX(I12:I108)-I60))
A61: 46262.01 | B61: 1.4327 | C61: 1.3083 | D61: =IF(OR(B61="",C61="",B61<=0.05,C61<=0.05),0,1) -> 1 | E61: =IF(OR(A61<Resumen!$B$6,A61>=Resumen!$B$7),0,MAX(0,AVERAGEIFS(B13:B109,D13:D109,1)-Resumen!$B$5*AVERAGEIFS(C13:C109,D13:D109,1))) -> 0 | F61: =IF(B61="","",(B61-E61)/Resumen!$B$5) -> 1.1379666 | G61: =IF(OR(F61="",C61=""),0,(F61-C61)*0.9) -> -0.15330002 | H61: =IF(A61<Resumen!$B$11,"",IF(H60="",0,H60)+G61/Resumen!$B$9) | I61: =IF(H61="","",H61-AVERAGE(H13:H109)) | J61: =IF(I61="","",Resumen!$B$10-(MAX(I13:I109)-I61))
A62: 46262.021 | B62: 1.9126 | C62: 1.4636 | D62: =IF(OR(B62="",C62="",B62<=0.05,C62<=0.05),0,1) -> 1 | E62: =IF(OR(A62<Resumen!$B$6,A62>=Resumen!$B$7),0,MAX(0,AVERAGEIFS(B14:B110,D14:D110,1)-Resumen!$B$5*AVERAGEIFS(C14:C110,D14:D110,1))) -> 0 | F62: =IF(B62="","",(B62-E62)/Resumen!$B$5) -> 1.5191422 | G62: =IF(OR(F62="",C62=""),0,(F62-C62)*0.9) -> 0.049987959 | H62: =IF(A62<Resumen!$B$11,"",IF(H61="",0,H61)+G62/Resumen!$B$9) | I62: =IF(H62="","",H62-AVERAGE(H14:H110)) | J62: =IF(I62="","",Resumen!$B$10-(MAX(I14:I110)-I62))
A63: 46262.031 | B63: 1.6228 | C63: 1.3493 | D63: =IF(OR(B63="",C63="",B63<=0.05,C63<=0.05),0,1) -> 1 | E63: =IF(OR(A63<Resumen!$B$6,A63>=Resumen!$B$7),0,MAX(0,AVERAGEIFS(B15:B111,D15:D111,1)-Resumen!$B$5*AVERAGEIFS(C15:C111,D15:D111,1))) -> 0 | F63: =IF(B63="","",(B63-E63)/Resumen!$B$5) -> 1.2889595 | G63: =IF(OR(F63="",C63=""),0,(F63-C63)*0.9) -> -0.054306458 | H63: =IF(A63<Resumen!$B$11,"",IF(H62="",0,H62)+G63/Resumen!$B$9) | I63: =IF(H63="","",H63-AVERAGE(H15:H111)) | J63: =IF(I63="","",Resumen!$B$10-(MAX(I15:I111)-I63))
A64: 46262.042 | B64: 1.7847 | C64: 1.3679 | D64: =IF(OR(B64="",C64="",B64<=0.05,C64<=0.05),0,1) -> 1 | E64: =IF(OR(A64<Resumen!$B$6,A64>=Resumen!$B$7),0,MAX(0,AVERAGEIFS(B16:B112,D16:D112,1)-Resumen!$B$5*AVERAGEIFS(C16:C112,D16:D112,1))) -> 0 | F64: =IF(B64="","",(B64-E64)/Resumen!$B$5) -> 1.4175536 | G64: =IF(OR(F64="",C64=""),0,(F64-C64)*0.9) -> 0.044688253 | H64: =IF(A64<Resumen!$B$11,"",IF(H63="",0,H63)+G64/Resumen!$B$9) | I64: =IF(H64="","",H64-AVERAGE(H16:H112)) | J64: =IF(I64="","",Resumen!$B$10-(MAX(I16:I112)-I64))
A65: 46262.052 | B65: 1.7387 | C65: 1.42 | D65: =IF(OR(B65="",C65="",B65<=0.05,C65<=0.05),0,1) -> 1 | E65: =IF(OR(A65<Resumen!$B$6,A65>=Resumen!$B$7),0,MAX(0,AVERAGEIFS(B17:B113,D17:D113,1)-Resumen!$B$5*AVERAGEIFS(C17:C113,D17:D113,1))) -> 0 | F65: =IF(B65="","",(B65-E65)/Resumen!$B$5) -> 1.3810167 | G65: =IF(OR(F65="",C65=""),0,(F65-C65)*0.9) -> -0.035084988 | H65: =IF(A65<Resumen!$B$11,"",IF(H64="",0,H64)+G65/Resumen!$B$9) | I65: =IF(H65="","",H65-AVERAGE(H17:H113)) | J65: =IF(I65="","",Resumen!$B$10-(MAX(I17:I113)-I65))
A66: 46262.062 | B66: 1.6253 | C66: 1.2806 | D66: =IF(OR(B66="",C66="",B66<=0.05,C66<=0.05),0,1) -> 1 | E66: =IF(OR(A66<Resumen!$B$6,A66>=Resumen!$B$7),0,MAX(0,AVERAGEIFS(B18:B114,D18:D114,1)-Resumen!$B$5*AVERAGEIFS(C18:C114,D18:D114,1))) -> 0 | F66: =IF(B66="","",(B66-E66)/Resumen!$B$5) -> 1.2909452 | G66: =IF(OR(F66="",C66=""),0,(F66-C66)*0.9) -> 0.0093106751 | H66: =IF(A66<Resumen!$B$11,"",IF(H65="",0,H65)+G66/Resumen!$B$9) | I66: =IF(H66="","",H66-AVERAGE(H18:H114)) | J66: =IF(I66="","",Resumen!$B$10-(MAX(I18:I114)-I66))
A67: 46262.073 | B67: 1.6508 | C67: 1.3627 | D67: =IF(OR(B67="",C67="",B67<=0.05,C67<=0.05),0,1) -> 1 | E67: =IF(OR(A67<Resumen!$B$6,A67>=Resumen!$B$7),0,MAX(0,AVERAGEIFS(B19:B115,D19:D115,1)-Resumen!$B$5*AVERAGEIFS(C19:C115,D19:D115,1))) -> 0 | F67: =IF(B67="","",(B67-E67)/Resumen!$B$5) -> 1.3111994 | G67: =IF(OR(F67="",C67=""),0,(F67-C67)*0.9) -> -0.046350572 | H67: =IF(A67<Resumen!$B$11,"",IF(H66="",0,H66)+G67/Resumen!$B$9) | I67: =IF(H67="","",H67-AVERAGE(H19:H115)) | J67: =IF(I67="","",Resumen!$B$10-(MAX(I19:I115)-I67))
... A1888: 46281.042 | B1888: 3.1614 | C1888: 1.5513 | D1888: =IF(OR(B1888="",C1888="",B1888<=0.05,C1888<=0.05),0,1) -> 1 | E1888: =IF(OR(A1888<Resumen!$B$6,A1888>=Resumen!$B$7),0,MAX(0,AVERAGEIFS(B1840:B1936,D1840:D1936,1)-Resumen!$B$5*AVERAGEIFS(C1840:C1936,D1840:D1936,1))) -> 1.6411163 | F1888: =IF(B1888="","",(B1888-E1888)/Resumen!$B$5) -> 1.2075327 | G1888: =IF(OR(F1888="",C1888=""),0,(F1888-C1888)*0.9) -> -0.30939058 | H1888: =IF(A1888<Resumen!$B$11,"",IF(H1887="",0,H1887)+G1888/Resumen!$B$9) -> 1.3031786 | I1888: =IF(H1888="","",H1888-AVERAGE(H1840:H1936)) -> -0.099236849 | J1888: =IF(I1888="","",Resumen!$B$10-(MAX(I1840:I1936)-I1888)) -> 0.89330994
A1889: 46281.052 | B1889: 3.2929 | C1889: 1.5088 | D1889: =IF(OR(B1889="",C1889="",B1889<=0.05,C1889<=0.05),0,1) -> 1 | E1889: =IF(OR(A1889<Resumen!$B$6,A1889>=Resumen!$B$7),0,MAX(0,AVERAGEIFS(B1841:B1936,D1841:D1936,1)-Resumen!$B$5*AVERAGEIFS(C1841:C1936,D1841:D1936,1))) -> 1.6280412 | F1889: =IF(B1889="","",(B1889-E1889)/Resumen!$B$5) -> 1.322366 | G1889: =IF(OR(F1889="",C1889=""),0,(F1889-C1889)*0.9) -> -0.16779061 | H1889: =IF(A1889<Resumen!$B$11,"",IF(H1888="",0,H1888)+G1889/Resumen!$B$9) -> 1.2952473 | I1889: =IF(H1889="","",H1889-AVERAGE(H1841:H1936)) -> -0.10807898 | J1889: =IF(I1889="","",Resumen!$B$10-(MAX(I1841:I1936)-I1889)) -> 0.8844678
A1890: 46281.062 | B1890: 4.7304 | C1890: 1.466 | D1890: =IF(OR(B1890="",C1890="",B1890<=0.05,C1890<=0.05),0,1) -> 1 | E1890: =IF(OR(A1890<Resumen!$B$6,A1890>=Resumen!$B$7),0,MAX(0,AVERAGEIFS(B1842:B1936,D1842:D1936,1)-Resumen!$B$5*AVERAGEIFS(C1842:C1936,D1842:D1936,1))) -> 1.6394575 | F1890: =IF(B1890="","",(B1890-E1890)/Resumen!$B$5) -> 2.4550774 | G1890: =IF(OR(F1890="",C1890=""),0,(F1890-C1890)*0.9) -> 0.89016967 | H1890: =IF(A1890<Resumen!$B$11,"",IF(H1889="",0,H1889)+G1890/Resumen!$B$9) -> 1.3373246 | I1890: =IF(H1890="","",H1890-AVERAGE(H1842:H1936)) -> -0.067401542 | J1890: =IF(I1890="","",Resumen!$B$10-(MAX(I1842:I1936)-I1890)) -> 0.92514524
A1891: 46281.073 | B1891: 4.6613 | C1891: 1.9895 | D1891: =IF(OR(B1891="",C1891="",B1891<=0.05,C1891<=0.05),0,1) -> 1 | E1891: =IF(OR(A1891<Resumen!$B$6,A1891>=Resumen!$B$7),0,MAX(0,AVERAGEIFS(B1843:B1936,D1843:D1936,1)-Resumen!$B$5*AVERAGEIFS(C1843:C1936,D1843:D1936,1))) -> 1.6400754 | F1891: =IF(B1891="","",(B1891-E1891)/Resumen!$B$5) -> 2.3997018 | G1891: =IF(OR(F1891="",C1891=""),0,(F1891-C1891)*0.9) -> 0.36918164 | H1891: =IF(A1891<Resumen!$B$11,"",IF(H1890="",0,H1890)+G1891/Resumen!$B$9) -> 1.3547754 | I1891: =IF(H1891="","",H1891-AVERAGE(H1843:H1936)) -> -0.051511533 | J1891: =IF(I1891="","",Resumen!$B$10-(MAX(I1843:I1936)-I1891)) -> 0.94103525
A1892: 46281.083 | B1892: 4.1226 | C1892: 1.8522 | D1892: =IF(OR(B1892="",C1892="",B1892<=0.05,C1892<=0.05),0,1) -> 1 | E1892: =IF(OR(A1892<Resumen!$B$6,A1892>=Resumen!$B$7),0,MAX(0,AVERAGEIFS(B1844:B1936,D1844:D1936,1)-Resumen!$B$5*AVERAGEIFS(C1844:C1936,D1844:D1936,1))) -> 1.6241811 | F1892: =IF(B1892="","",(B1892-E1892)/Resumen!$B$5) -> 1.9844471 | G1892: =IF(OR(F1892="",C1892=""),0,(F1892-C1892)*0.9) -> 0.11902239 | H1892: =IF(A1892<Resumen!$B$11,"",IF(H1891="",0,H1891)+G1892/Resumen!$B$9) -> 1.3604015 | I1892: =IF(H1892="","",H1892-AVERAGE(H1844:H1936)) -> -0.047091098 | J1892: =IF(I1892="","",Resumen!$B$10-(MAX(I1844:I1936)-I1892)) -> 0.94545569
A1893: 46281.094 | B1893: 5.5003 | C1893: 1.8506 | D1893: =IF(OR(B1893="",C1893="",B1893<=0.05,C1893<=0.05),0,1) -> 1 | E1893: =IF(OR(A1893<Resumen!$B$6,A1893>=Resumen!$B$7),0,MAX(0,AVERAGEIFS(B1845:B1936,D1845:D1936,1)-Resumen!$B$5*AVERAGEIFS(C1845:C1936,D1845:D1936,1))) -> 1.6188576 | F1893: =IF(B1893="","",(B1893-E1893)/Resumen!$B$5) -> 3.0829566 | G1893: =IF(OR(F1893="",C1893=""),0,(F1893-C1893)*0.9) -> 1.109121 | H1893: =IF(A1893<Resumen!$B$11,"",IF(H1892="",0,H1892)+G1893/Resumen!$B$9) -> 1.4128284 | I1893: =IF(H1893="","",H1893-AVERAGE(H1845:H1936)) -> 0.0041540123 | J1893: =IF(I1893="","",Resumen!$B$10-(MAX(I1845:I1936)-I1893)) -> 0.9967008
A1894: 46281.104 | B1894: 4.7698 | C1894: 1.991 | D1894: =IF(OR(B1894="",C1894="",B1894<=0.05,C1894<=0.05),0,1) -> 1 | E1894: =IF(OR(A1894<Resumen!$B$6,A1894>=Resumen!$B$7),0,MAX(0,AVERAGEIFS(B1846:B1936,D1846:D1936,1)-Resumen!$B$5*AVERAGEIFS(C1846:C1936,D1846:D1936,1))) -> 1.6167129 | F1894: =IF(B1894="","",(B1894-E1894)/Resumen!$B$5) -> 2.5044377 | G1894: =IF(OR(F1894="",C1894=""),0,(F1894-C1894)*0.9) -> 0.46209394 | H1894: =IF(A1894<Resumen!$B$11,"",IF(H1893="",0,H1893)+G1894/Resumen!$B$9) -> 1.4346711 | I1894: =IF(H1894="","",H1894-AVERAGE(H1846:H1936)) -> 0.024730831 | J1894: =IF(I1894="","",Resumen!$B$10-(MAX(I1846:I1936)-I1894)) -> 1.0172776
A1895: 46281.115 | B1895: 3.7846 | C1895: 1.8686 | D1895: =IF(OR(B1895="",C1895="",B1895<=0.05,C1895<=0.05),0,1) -> 1 | E1895: =IF(OR(A1895<Resumen!$B$6,A1895>=Resumen!$B$7),0,MAX(0,AVERAGEIFS(B1847:B1936,D1847:D1936,1)-Resumen!$B$5*AVERAGEIFS(C1847:C1936,D1847:D1936,1))) -> 1.6222702 | F1895: =IF(B1895="","",(B1895-E1895)/Resumen!$B$5) -> 1.7174979 | G1895: =IF(OR(F1895="",C1895=""),0,(F1895-C1895)*0.9) -> -0.13599193 | H1895: =IF(A1895<Resumen!$B$11,"",IF(H1894="",0,H1894)+G1895/Resumen!$B$9) -> 1.4282429 | I1895: =IF(H1895="","",H1895-AVERAGE(H1847:H1936)) -> 0.016703528 | J1895: =IF(I1895="","",Resumen!$B$10-(MAX(I1847:I1936)-I1895)) -> 1.0092503
A1896: 46281.125 | B1896: 3.6832 | C1896: 1.8054 | D1896: =IF(OR(B1896="",C1896="",B1896<=0.05,C1896<=0.05),0,1) -> 1 | E1896: =IF(OR(A1896<Resumen!$B$6,A1896>=Resumen!$B$7),0,MAX(0,AVERAGEIFS(B1848:B1936,D1848:D1936,1)-Resumen!$B$5*AVERAGEIFS(C1848:C1936,D1848:D1936,1))) -> 1.6243041 | F1896: =IF(B1896="","",(B1896-E1896)/Resumen!$B$5) -> 1.6353423 | G1896: =IF(OR(F1896="",C1896=""),0,(F1896-C1896)*0.9) -> -0.15305194 | H1896: =IF(A1896<Resumen!$B$11,"",IF(H1895="",0,H1895)+G1896/Resumen!$B$9) -> 1.4210083 | I1896: =IF(H1896="","",H1896-AVERAGE(H1848:H1936)) -> 0.0076416413 | J1896: =IF(I1896="","",Resumen!$B$10-(MAX(I1848:I1936)-I1896)) -> 1.0001884
A1897: 46281.135 | B1897: 5.2568 | C1897: 1.8227 | D1897: =IF(OR(B1897="",C1897="",B1897<=0.05,C1897<=0.05),0,1) -> 1 | E1897: =IF(OR(A1897<Resumen!$B$6,A1897>=Resumen!$B$7),0,MAX(0,AVERAGEIFS(B1849:B1936,D1849:D1936,1)-Resumen!$B$5*AVERAGEIFS(C1849:C1936,D1849:D1936,1))) -> 1.6422938 | F1897: =IF(B1897="","",(B1897-E1897)/Resumen!$B$5) -> 2.8709343 | G1897: =IF(OR(F1897="",C1897=""),0,(F1897-C1897)*0.9) -> 0.94341084 | H1897: =IF(A1897<Resumen!$B$11,"",IF(H1896="",0,H1896)+G1897/Resumen!$B$9) -> 1.4656023 | I1897: =IF(H1897="","",H1897-AVERAGE(H1849:H1936)) -> 0.049674221 | J1897: =IF(I1897="","",Resumen!$B$10-(MAX(I1849:I1936)-I1897)) -> 1.042221
A1898: 46281.146 | B1898: 4.5811 | C1898: 2.1145 | D1898: =IF(OR(B1898="",C1898="",B1898<=0.05,C1898<=0.05),0,1) -> 1 | E1898: =IF(OR(A1898<Resumen!$B$6,A1898>=Resumen!$B$7),0,MAX(0,AVERAGEIFS(B1850:B1936,D1850:D1936,1)-Resumen!$B$5*AVERAGEIFS(C1850:C1936,D1850:D1936,1))) -> 1.6216376 | F1898: =IF(B1898="","",(B1898-E1898)/Resumen!$B$5) -> 2.3506453 | G1898: =IF(OR(F1898="",C1898=""),0,(F1898-C1898)*0.9) -> 0.21253077 | H1898: =IF(A1898<Resumen!$B$11,"",IF(H1897="",0,H1897)+G1898/Resumen!$B$9) -> 1.4756484 | I1898: =IF(H1898="","",H1898-AVERAGE(H1850:H1936)) -> 0.057625224 | J1898: =IF(I1898="","",Resumen!$B$10-(MAX(I1850:I1936)-I1898)) -> 1.050172
A1899: 46281.156 | B1899: 4.8101 | C1899: 2.1267 | D1899: =IF(OR(B1899="",C1899="",B1899<=0.05,C1899<=0.05),0,1) -> 1 | E1899: =IF(OR(A1899<Resumen!$B$6,A1899>=Resumen!$B$7),0,MAX(0,AVERAGEIFS(B1851:B1936,D1851:D1936,1)-Resumen!$B$5*AVERAGEIFS(C1851:C1936,D1851:D1936,1))) -> 1.6073268 | F1899: =IF(B1899="","",(B1899-E1899)/Resumen!$B$5) -> 2.5439024 | G1899: =IF(OR(F1899="",C1899=""),0,(F1899-C1899)*0.9) -> 0.37548218 | H1899: =IF(A1899<Resumen!$B$11,"",IF(H1898="",0,H1898)+G1899/Resumen!$B$9) -> 1.493397 | I1899: =IF(H1899="","",H1899-AVERAGE(H1851:H1936)) -> 0.073545475 | J1899: =IF(I1899="","",Resumen!$B$10-(MAX(I1851:I1936)-I1899)) -> 1.0660923
A1900: 46281.167 | B1900: 5.0224 | C1900: 1.9221 | D1900: =IF(OR(B1900="",C1900="",B1900<=0.05,C1900<=0.05),0,1) -> 1 | E1900: =IF(OR(A1900<Resumen!$B$6,A1900>=Resumen!$B$7),0,MAX(0,AVERAGEIFS(B1852:B1936,D1852:D1936,1)-Resumen!$B$5*AVERAGEIFS(C1852:C1936,D1852:D1936,1))) -> 1.6125007 | F1900: =IF(B1900="","",(B1900-E1900)/Resumen!$B$5) -> 2.7084188 | G1900: =IF(OR(F1900="",C1900=""),0,(F1900-C1900)*0.9) -> 0.70768694 | H1900: =IF(A1900<Resumen!$B$11,"",IF(H1899="",0,H1899)+G1900/Resumen!$B$9) -> 1.5268486 | I1900: =IF(H1900="","",H1900-AVERAGE(H1852:H1936)) -> 0.10482007 | J1900: =IF(I1900="","",Resumen!$B$10-(MAX(I1852:I1936)-I1900)) -> 1.0973669
A1901: 46281.177 | B1901: 5.0204 | C1901: 1.9463 | D1901: =IF(OR(B1901="",C1901="",B1901<=0.05,C1901<=0.05),0,1) -> 1 | E1901: =IF(OR(A1901<Resumen!$B$6,A1901>=Resumen!$B$7),0,MAX(0,AVERAGEIFS(B1853:B1936,D1853:D1936,1)-Resumen!$B$5*AVERAGEIFS(C1853:C1936,D1853:D1936,1))) -> 1.6082603 | F1901: =IF(B1901="","",(B1901-E1901)/Resumen!$B$5) -> 2.7101983 | G1901: =IF(OR(F1901="",C1901=""),0,(F1901-C1901)*0.9) -> 0.6875085 | H1901: =IF(A1901<Resumen!$B$11,"",IF(H1900="",0,H1900)+G1901/Resumen!$B$9) -> 1.5593463 | I1901: =IF(H1901="","",H1901-AVERAGE(H1853:H1936)) -> 0.13507603 | J1901: =IF(I1901="","",Resumen!$B$10-(MAX(I1853:I1936)-I1901)) -> 1.1276228
A1902: 46281.188 | B1902: 4.6124 | C1902: 1.7814 | D1902: =IF(OR(B1902="",C1902="",B1902<=0.05,C1902<=0.05),0,1) -> 1 | E1902: =IF(OR(A1902<Resumen!$B$6,A1902>=Resumen!$B$7),0,MAX(0,AVERAGEIFS(B1854:B1936,D1854:D1936,1)-Resumen!$B$5*AVERAGEIFS(C1854:C1936,D1854:D1936,1))) -> 1.6089475 | F1902: =IF(B1902="","",(B1902-E1902)/Resumen!$B$5) -> 2.3855858 | G1902: =IF(OR(F1902="",C1902=""),0,(F1902-C1902)*0.9) -> 0.54376718 | H1902: =IF(A1902<Resumen!$B$11,"",IF(H1901="",0,H1901)+G1902/Resumen!$B$9) -> 1.5850496 | I1902: =IF(H1902="","",H1902-AVERAGE(H1854:H1936)) -> 0.15831039 | J1902: =IF(I1902="","",Resumen!$B$10-(MAX(I1854:I1936)-I1902)) -> 1.1508572
A1903: 46281.198 | B1903: 4.7141 | C1903: 1.7883 | D1903: =IF(OR(B1903="",C1903="",B1903<=0.05,C1903<=0.05),0,1) -> 1 | E1903: =IF(OR(A1903<Resumen!$B$6,A1903>=Resumen!$B$7),0,MAX(0,AVERAGEIFS(B1855:B1936,D1855:D1936,1)-Resumen!$B$5*AVERAGEIFS(C1855:C1936,D1855:D1936,1))) -> 1.6001152 | F1903: =IF(B1903="","",(B1903-E1903)/Resumen!$B$5) -> 2.4733795 | G1903: =IF(OR(F1903="",C1903=""),0,(F1903-C1903)*0.9) -> 0.61657155 | H1903: =IF(A1903<Resumen!$B$11,"",IF(H1902="",0,H1902)+G1903/Resumen!$B$9) -> 1.6141942 | I1903: =IF(H1903="","",H1903-AVERAGE(H1855:H1936)) -> 0.18504813 | J1903: =IF(I1903="","",Resumen!$B$10-(MAX(I1855:I1936)-I1903)) -> 1.1775949
A1904: 46281.208 | B1904: 5.483 | C1904: 2.2728 | D1904: =IF(OR(B1904="",C1904="",B1904<=0.05,C1904<=0.05),0,1) -> 1 | E1904: =IF(OR(A1904<Resumen!$B$6,A1904>=Resumen!$B$7),0,MAX(0,AVERAGEIFS(B1856:B1936,D1856:D1936,1)-Resumen!$B$5*AVERAGEIFS(C1856:C1936,D1856:D1936,1))) -> 1.595271 | F1904: =IF(B1904="","",(B1904-E1904)/Resumen!$B$5) -> 3.08795 | G1904: =IF(OR(F1904="",C1904=""),0,(F1904-C1904)*0.9) -> 0.73363496 | H1904: =IF(A1904<Resumen!$B$11,"",IF(H1903="",0,H1903)+G1904/Resumen!$B$9) -> 1.6488724 | I1904: =IF(H1904="","",H1904-AVERAGE(H1856:H1936)) -> 0.21725046 | J1904: =IF(I1904="","",Resumen!$B$10-(MAX(I1856:I1936)-I1904)) -> 1.2097972
A1905: 46281.219 | B1905: 4.9456 | C1905: 2.3328 | D1905: =IF(OR(B1905="",C1905="",B1905<=0.05,C1905<=0.05),0,1) -> 1 | E1905: =IF(OR(A1905<Resumen!$B$6,A1905>=Resumen!$B$7),0,MAX(0,AVERAGEIFS(B1857:B1936,D1857:D1936,1)-Resumen!$B$5*AVERAGEIFS(C1857:C1936,D1857:D1936,1))) -> 1.5867392 | F1905: =IF(B1905="","",(B1905-E1905)/Resumen!$B$5) -> 2.6678799 | G1905: =IF(OR(F1905="",C1905=""),0,(F1905-C1905)*0.9) -> 0.3015719 | H1905: =IF(A1905<Resumen!$B$11,"",IF(H1904="",0,H1904)+G1905/Resumen!$B$9) -> 1.6631273 | I1905: =IF(H1905="","",H1905-AVERAGE(H1857:H1936)) -> 0.22906214 | J1905: =IF(I1905="","",Resumen!$B$10-(MAX(I1857:I1936)-I1905)) -> 1.2216089
A1906: 46281.229 | B1906: 6.3399 | C1906: 2.5635 | D1906: =IF(OR(B1906="",C1906="",B1906<=0.05,C1906<=0.05),0,1) -> 1 | E1906: =IF(OR(A1906<Resumen!$B$6,A1906>=Resumen!$B$7),0,MAX(0,AVERAGEIFS(B1858:B1936,D1858:D1936,1)-Resumen!$B$5*AVERAGEIFS(C1858:C1936,D1858:D1936,1))) -> 1.5851947 | F1906: =IF(B1906="","",(B1906-E1906)/Resumen!$B$5) -> 3.7765729 | G1906: =IF(OR(F1906="",C1906=""),0,(F1906-C1906)*0.9) -> 1.0917656 | H1906: =IF(A1906<Resumen!$B$11,"",IF(H1905="",0,H1905)+G1906/Resumen!$B$9) -> 1.7147339 | I1906: =IF(H1906="","",H1906-AVERAGE(H1858:H1936)) -> 0.27803164 | J1906: =IF(I1906="","",Resumen!$B$10-(MAX(I1858:I1936)-I1906)) -> 1.2705784
A1907: 46281.24 | B1907: 5.698 | C1907: 2.567 | D1907: =IF(OR(B1907="",C1907="",B1907<=0.05,C1907<=0.05),0,1) -> 1 | E1907: =IF(OR(A1907<Resumen!$B$6,A1907>=Resumen!$B$7),0,MAX(0,AVERAGEIFS(B1859:B1936,D1859:D1936,1)-Resumen!$B$5*AVERAGEIFS(C1859:C1936,D1859:D1936,1))) -> 1.5788294 | F1907: =IF(B1907="","",(B1907-E1907)/Resumen!$B$5) -> 3.2717797 | G1907: =IF(OR(F1907="",C1907=""),0,(F1907-C1907)*0.9) -> 0.63430169 | H1907: =IF(A1907<Resumen!$B$11,"",IF(H1906="",0,H1906)+G1907/Resumen!$B$9) -> 1.7447166 | I1907: =IF(H1907="","",H1907-AVERAGE(H1859:H1936)) -> 0.30532423 | J1907: =IF(I1907="","",Resumen!$B$10-(MAX(I1859:I1936)-I1907)) -> 1.297871
A1908: 46281.25 | B1908: 6.4108 | C1908: 3.3206 | D1908: =IF(OR(B1908="",C1908="",B1908<=0.05,C1908<=0.05),0,1) -> 1 | E1908: =IF(OR(A1908<Resumen!$B$6,A1908>=Resumen!$B$7),0,MAX(0,AVERAGEIFS(B1860:B1936,D1860:D1936,1)-Resumen!$B$5*AVERAGEIFS(C1860:C1936,D1860:D1936,1))) -> 1.5737581 | F1908: =IF(B1908="","",(B1908-E1908)/Resumen!$B$5) -> 3.8419713 | G1908: =IF(OR(F1908="",C1908=""),0,(F1908-C1908)*0.9) -> 0.4692342 | H1908: =IF(A1908<Resumen!$B$11,"",IF(H1907="",0,H1907)+G1908/Resumen!$B$9) -> 1.7668968 | I1908: =IF(H1908="","",H1908-AVERAGE(H1860:H1936)) -> 0.32470921 | J1908: =IF(I1908="","",Resumen!$B$10-(MAX(I1860:I1936)-I1908)) -> 1.317256
A1909: 46281.26 | B1909: 7.3432 | C1909: 3.7311 | D1909: =IF(OR(B1909="",C1909="",B1909<=0.05,C1909<=0.05),0,1) -> 1 | E1909: =IF(OR(A1909<Resumen!$B$6,A1909>=Resumen!$B$7),0,MAX(0,AVERAGEIFS(B1861:B1936,D1861:D1936,1)-Resumen!$B$5*AVERAGEIFS(C1861:C1936,D1861:D1936,1))) -> 1.5744143 | F1909: =IF(B1909="","",(B1909-E1909)/Resumen!$B$5) -> 4.5820379 | G1909: =IF(OR(F1909="",C1909=""),0,(F1909-C1909)*0.9) -> 0.76584407 | H1909: =IF(A1909<Resumen!$B$11,"",IF(H1908="",0,H1908)+G1909/Resumen!$B$9) -> 1.8030974 | I1909: =IF(H1909="","",H1909-AVERAGE(H1861:H1936)) -> 0.35782316 | J1909: =IF(I1909="","",Resumen!$B$10-(MAX(I1861:I1936)-I1909)) -> 1.3503699
A1910: 46281.271 | B1910: 5.9413 | C1910: 2.3186 | D1910: =IF(OR(B1910="",C1910="",B1910<=0.05,C1910<=0.05),0,1) -> 1 | E1910: =IF(OR(A1910<Resumen!$B$6,A1910>=Resumen!$B$7),0,MAX(0,AVERAGEIFS(B1862:B1936,D1862:D1936,1)-Resumen!$B$5*AVERAGEIFS(C1862:C1936,D1862:D1936,1))) -> 1.5712527 | F1910: =IF(B1910="","",(B1910-E1910)/Resumen!$B$5) -> 3.4710463 | G1910: =IF(OR(F1910="",C1910=""),0,(F1910-C1910)*0.9) -> 1.0372016 | H1910: =IF(A1910<Resumen!$B$11,"",IF(H1909="",0,H1909)+G1910/Resumen!$B$9) -> 1.8521248 | I1910: =IF(H1910="","",H1910-AVERAGE(H1862:H1936)) -> 0.40357742 | J1910: =IF(I1910="","",Resumen!$B$10-(MAX(I1862:I1936)-I1910)) -> 1.3961242
A1911: 46281.281 | B1911: 6.7351 | C1911: 2.4509 | D1911: =IF(OR(B1911="",C1911="",B1911<=0.05,C1911<=0.05),0,1) -> 1 | E1911: =IF(OR(A1911<Resumen!$B$6,A1911>=Resumen!$B$7),0,MAX(0,AVERAGEIFS(B1863:B1936,D1863:D1936,1)-Resumen!$B$5*AVERAGEIFS(C1863:C1936,D1863:D1936,1))) -> 1.566894 | F1911: =IF(B1911="","",(B1911-E1911)/Resumen!$B$5) -> 4.1050087 | G1911: =IF(OR(F1911="",C1911=""),0,(F1911-C1911)*0.9) -> 1.4886979 | H1911: =IF(A1911<Resumen!$B$11,"",IF(H1910="",0,H1910)+G1911/Resumen!$B$9) -> 1.9224939 | I1911: =IF(H1911="","",H1911-AVERAGE(H1863:H1936)) -> 0.47050961 | J1911: =IF(I1911="","",Resumen!$B$10-(MAX(I1863:I1936)-I1911)) -> 1.4630564
A1912: 46281.292 | B1912: 6.6009 | C1912: 3.5249 | D1912: =IF(OR(B1912="",C1912="",B1912<=0.05,C1912<=0.05),0,1) -> 1 | E1912: =IF(OR(A1912<Resumen!$B$6,A1912>=Resumen!$B$7),0,MAX(0,AVERAGEIFS(B1864:B1936,D1864:D1936,1)-Resumen!$B$5*AVERAGEIFS(C1864:C1936,D1864:D1936,1))) -> 1.5743444 | F1912: =IF(B1912="","",(B1912-E1912)/Resumen!$B$5) -> 3.9924985 | G1912: =IF(OR(F1912="",C1912=""),0,(F1912-C1912)*0.9) -> 0.42083861 | H1912: =IF(A1912<Resumen!$B$11,"",IF(H1911="",0,H1911)+G1912/Resumen!$B$9) -> 1.9423864 | I1912: =IF(H1912="","",H1912-AVERAGE(H1864:H1936)) -> 0.48642241 | J1912: =IF(I1912="","",Resumen!$B$10-(MAX(I1864:I1936)-I1912)) -> 1.4789692
A1913: 46281.302 | B1913: 6.1761 | C1913: 3.4924 | D1913: =IF(OR(B1913="",C1913="",B1913<=0.05,C1913<=0.05),0,1) -> 1 | E1913: =IF(OR(A1913<Resumen!$B$6,A1913>=Resumen!$B$7),0,MAX(0,AVERAGEIFS(B1865:B1936,D1865:D1936,1)-Resumen!$B$5*AVERAGEIFS(C1865:C1936,D1865:D1936,1))) -> 1.5764974 | F1913: =IF(B1913="","",(B1913-E1913)/Resumen!$B$5) -> 3.6533778 | G1913: =IF(OR(F1913="",C1913=""),0,(F1913-C1913)*0.9) -> 0.14488 | H1913: =IF(A1913<Resumen!$B$11,"",IF(H1912="",0,H1912)+G1913/Resumen!$B$9) -> 1.9492347 | I1913: =IF(H1913="","",H1913-AVERAGE(H1865:H1936)) -> 0.4888929 | J1913: =IF(I1913="","",Resumen!$B$10-(MAX(I1865:I1936)-I1913)) -> 1.4814397
A1914: 46281.312 | B1914: 6.8073 | C1914: 4.0163 | D1914: =IF(OR(B1914="",C1914="",B1914<=0.05,C1914<=0.05),0,1) -> 1 | E1914: =IF(OR(A1914<Resumen!$B$6,A1914>=Resumen!$B$7),0,MAX(0,AVERAGEIFS(B1866:B1936,D1866:D1936,1)-Resumen!$B$5*AVERAGEIFS(C1866:C1936,D1866:D1936,1))) -> 1.557906 | F1914: =IF(B1914="","",(B1914-E1914)/Resumen!$B$5) -> 4.1694948 | G1914: =IF(OR(F1914="",C1914=""),0,(F1914-C1914)*0.9) -> 0.13787533 | H1914: =IF(A1914<Resumen!$B$11,"",IF(H1913="",0,H1913)+G1914/Resumen!$B$9) -> 1.955752 | I1914: =IF(H1914="","",H1914-AVERAGE(H1866:H1936)) -> 0.49126193 | J1914: =IF(I1914="","",Resumen!$B$10-(MAX(I1866:I1936)-I1914)) -> 1.4838087
A1915: 46281.323 | B1915: 8.5673 | C1915: 4.1108 | D1915: =IF(OR(B1915="",C1915="",B1915<=0.05,C1915<=0.05),0,1) -> 1 | E1915: =IF(OR(A1915<Resumen!$B$6,A1915>=Resumen!$B$7),0,MAX(0,AVERAGEIFS(B1867:B1936,D1867:D1936,1)-Resumen!$B$5*AVERAGEIFS(C1867:C1936,D1867:D1936,1))) -> 1.5399642 | F1915: =IF(B1915="","",(B1915-E1915)/Resumen!$B$5) -> 5.5816805 | G1915: =IF(OR(F1915="",C1915=""),0,(F1915-C1915)*0.9) -> 1.3237925 | H1915: =IF(A1915<Resumen!$B$11,"",IF(H1914="",0,H1914)+G1915/Resumen!$B$9) -> 2.0183262 | I1915: =IF(H1915="","",H1915-AVERAGE(H1867:H1936)) -> 0.54988671 | J1915: =IF(I1915="","",Resumen!$B$10-(MAX(I1867:I1936)-I1915)) -> 1.5424335
A1916: 46281.333 | B1916: 7.7397 | C1916: 4.504 | D1916: =IF(OR(B1916="",C1916="",B1916<=0.05,C1916<=0.05),0,1) -> 1 | E1916: =IF(OR(A1916<Resumen!$B$6,A1916>=Resumen!$B$7),0,MAX(0,AVERAGEIFS(B1868:B1936,D1868:D1936,1)-Resumen!$B$5*AVERAGEIFS(C1868:C1936,D1868:D1936,1))) -> 1.5470944 | F1916: =IF(B1916="","",(B1916-E1916)/Resumen!$B$5) -> 4.9186701 | G1916: =IF(OR(F1916="",C1916=""),0,(F1916-C1916)*0.9) -> 0.37320306 | H1916: =IF(A1916<Resumen!$B$11,"",IF(H1915="",0,H1915)+G1916/Resumen!$B$9) -> 2.0359671 | I1916: =IF(H1916="","",H1916-AVERAGE(H1868:H1936)) -> 0.56298579 | J1916: =IF(I1916="","",Resumen!$B$10-(MAX(I1868:I1936)-I1916)) -> 1.5555326
A1917: 46281.344 | B1917: 6.7992 | C1917: 4.6892 | D1917: =IF(OR(B1917="",C1917="",B1917<=0.05,C1917<=0.05),0,1) -> 1 | E1917: =IF(OR(A1917<Resumen!$B$6,A1917>=Resumen!$B$7),0,MAX(0,AVERAGEIFS(B1869:B1936,D1869:D1936,1)-Resumen!$B$5*AVERAGEIFS(C1869:C1936,D1869:D1936,1))) -> 1.5192965 | F1917: =IF(B1917="","",(B1917-E1917)/Resumen!$B$5) -> 4.193728 | G1917: =IF(OR(F1917="",C1917=""),0,(F1917-C1917)*0.9) -> -0.44592482 | H1917: =IF(A1917<Resumen!$B$11,"",IF(H1916="",0,H1916)+G1917/Resumen!$B$9) -> 2.0148887 | I1917: =IF(H1917="","",H1917-AVERAGE(H1869:H1936)) -> 0.53783248 | J1917: =IF(I1917="","",Resumen!$B$10-(MAX(I1869:I1936)-I1917)) -> 1.5303793
A1918: 46281.354 | B1918: 15.3575 | C1918: 4.5816 | D1918: =IF(OR(B1918="",C1918="",B1918<=0.05,C1918<=0.05),0,1) -> 1 | E1918: =IF(OR(A1918<Resumen!$B$6,A1918>=Resumen!$B$7),0,MAX(0,AVERAGEIFS(B1870:B1936,D1870:D1936,1)-Resumen!$B$5*AVERAGEIFS(C1870:C1936,D1870:D1936,1))) -> 0 | F1918: =IF(B1918="","",(B1918-E1918)/Resumen!$B$5) -> 12.198173 | G1918: =IF(OR(F1918="",C1918=""),0,(F1918-C1918)*0.9) -> 6.8549158 | H1918: =IF(A1918<Resumen!$B$11,"",IF(H1917="",0,H1917)+G1918/Resumen!$B$9) -> 2.3389129 | I1918: =IF(H1918="","",H1918-AVERAGE(H1870:H1936)) -> 0.85745322 | J1918: =IF(I1918="","",Resumen!$B$10-(MAX(I1870:I1936)-I1918)) -> 1.85
A1919: 46281.365 | B1919: 0.5381 | C1919: 5.1616 | D1919: =IF(OR(B1919="",C1919="",B1919<=0.05,C1919<=0.05),0,1) -> 1 | E1919: =IF(OR(A1919<Resumen!$B$6,A1919>=Resumen!$B$7),0,MAX(0,AVERAGEIFS(B1871:B1936,D1871:D1936,1)-Resumen!$B$5*AVERAGEIFS(C1871:C1936,D1871:D1936,1))) -> 0 | F1919: =IF(B1919="","",(B1919-E1919)/Resumen!$B$5) -> 0.4274027 | G1919: =IF(OR(F1919="",C1919=""),0,(F1919-C1919)*0.9) -> -4.2607776 | H1919: =IF(A1919<Resumen!$B$11,"",IF(H1918="",0,H1918)+G1919/Resumen!$B$9) -> 2.1375107 | I1919: =IF(H1919="","",H1919-AVERAGE(H1871:H1936)) -> 0.65124398 | J1919: =IF(I1919="","",Resumen!$B$10-(MAX(I1871:I1936)-I1919)) -> 1.6437908
A1920: 46281.375 | B1920: 1.8293 | C1920: 5.3367 | D1920: =IF(OR(B1920="",C1920="",B1920<=0.05,C1920<=0.05),0,1) -> 1 | E1920: =IF(OR(A1920<Resumen!$B$6,A1920>=Resumen!$B$7),0,MAX(0,AVERAGEIFS(B1872:B1936,D1872:D1936,1)-Resumen!$B$5*AVERAGEIFS(C1872:C1936,D1872:D1936,1))) -> 0 | F1920: =IF(B1920="","",(B1920-E1920)/Resumen!$B$5) -> 1.4529786 | G1920: =IF(OR(F1920="",C1920=""),0,(F1920-C1920)*0.9) -> -3.4953493 | H1920: =IF(A1920<Resumen!$B$11,"",IF(H1919="",0,H1919)+G1920/Resumen!$B$9) -> 1.9722894 | I1920: =IF(H1920="","",H1920-AVERAGE(H1872:H1936)) -> 0.48145581 | J1920: =IF(I1920="","",Resumen!$B$10-(MAX(I1872:I1936)-I1920)) -> 1.4740026
A1921: 46281.385 | B1921: 1.8608 | C1921: 4.4651 | D1921: =IF(OR(B1921="",C1921="",B1921<=0.05,C1921<=0.05),0,1) -> 1 | E1921: =IF(OR(A1921<Resumen!$B$6,A1921>=Resumen!$B$7),0,MAX(0,AVERAGEIFS(B1873:B1936,D1873:D1936,1)-Resumen!$B$5*AVERAGEIFS(C1873:C1936,D1873:D1936,1))) -> 0 | F1921: =IF(B1921="","",(B1921-E1921)/Resumen!$B$5) -> 1.4779984 | G1921: =IF(OR(F1921="",C1921=""),0,(F1921-C1921)*0.9) -> -2.6883914 | H1921: =IF(A1921<Resumen!$B$11,"",IF(H1920="",0,H1920)+G1921/Resumen!$B$9) -> 1.8452122 | I1921: =IF(H1921="","",H1921-AVERAGE(H1873:H1936)) -> 0.34913976 | J1921: =IF(I1921="","",Resumen!$B$10-(MAX(I1873:I1936)-I1921)) -> 1.3416865
A1922: 46281.396 | B1922: 0 | C1922: 5.0225 | D1922: =IF(OR(B1922="",C1922="",B1922<=0.05,C1922<=0.05),0,1) -> 0 | E1922: =IF(OR(A1922<Resumen!$B$6,A1922>=Resumen!$B$7),0,MAX(0,AVERAGEIFS(B1874:B1936,D1874:D1936,1)-Resumen!$B$5*AVERAGEIFS(C1874:C1936,D1874:D1936,1))) -> 0 | F1922: =IF(B1922="","",(B1922-E1922)/Resumen!$B$5) -> 0 | G1922: =IF(OR(F1922="",C1922=""),0,(F1922-C1922)*0.9) -> -4.52025 | H1922: =IF(A1922<Resumen!$B$11,"",IF(H1921="",0,H1921)+G1922/Resumen!$B$9) -> 1.631545 | I1922: =IF(H1922="","",H1922-AVERAGE(H1874:H1936)) -> 0.12985421 | J1922: =IF(I1922="","",Resumen!$B$10-(MAX(I1874:I1936)-I1922)) -> 1.122401
A1923: 46281.406 | B1923: 11.6171 | C1923: 3.7205 | D1923: =IF(OR(B1923="",C1923="",B1923<=0.05,C1923<=0.05),0,1) -> 1 | E1923: =IF(OR(A1923<Resumen!$B$6,A1923>=Resumen!$B$7),0,MAX(0,AVERAGEIFS(B1875:B1936,D1875:D1936,1)-Resumen!$B$5*AVERAGEIFS(C1875:C1936,D1875:D1936,1))) -> 0 | F1923: =IF(B1923="","",(B1923-E1923)/Resumen!$B$5) -> 9.2272438 | G1923: =IF(OR(F1923="",C1923=""),0,(F1923-C1923)*0.9) -> 4.9560695 | H1923: =IF(A1923<Resumen!$B$11,"",IF(H1922="",0,H1922)+G1923/Resumen!$B$9) -> 1.8658129 | I1923: =IF(H1923="","",H1923-AVERAGE(H1875:H1936)) -> 0.35832314 | J1923: =IF(I1923="","",Resumen!$B$10-(MAX(I1875:I1936)-I1923)) -> 1.3508699
A1924: 46281.417 | B1924: 10.9387 | C1924: 3.7689 | D1924: =IF(OR(B1924="",C1924="",B1924<=0.05,C1924<=0.05),0,1) -> 1 | E1924: =IF(OR(A1924<Resumen!$B$6,A1924>=Resumen!$B$7),0,MAX(0,AVERAGEIFS(B1876:B1936,D1876:D1936,1)-Resumen!$B$5*AVERAGEIFS(C1876:C1936,D1876:D1936,1))) -> 0 | F1924: =IF(B1924="","",(B1924-E1924)/Resumen!$B$5) -> 8.6884035 | G1924: =IF(OR(F1924="",C1924=""),0,(F1924-C1924)*0.9) -> 4.4275531 | H1924: =IF(A1924<Resumen!$B$11,"",IF(H1923="",0,H1923)+G1924/Resumen!$B$9) -> 2.0750984 | I1924: =IF(H1924="","",H1924-AVERAGE(H1876:H1936)) -> 0.5614749 | J1924: =IF(I1924="","",Resumen!$B$10-(MAX(I1876:I1936)-I1924)) -> 1.5540217
...
